Started at: 2026-08-04 15:33:43.449296
Repository directory does not exist: /Users/chengbin/Developer/tech_debt/dashboard/analysis/repos
Started at: 2026-08-04 15:34:03.048095
Repository directory does not exist: /Users/chengbin/Developer/tech_debt/dashboard/analysis/repos
Started at: 2026-08-04 05:38:33.318069
Repository directory: /Users/chengbin/Developer/tech_debt/tech_debt_project/repos
Found 140 git repositories

Analyzing project: pytest-django
pytest-django: 142 monthly commits selected
[pytest-django] 1/142 982c685 2009-08-25
Created DB snapshot: pytest-django 982c685
[pytest-django] 2/142 8feac55 2009-09-24
Created DB snapshot: pytest-django 8feac55
[pytest-django] 3/142 bf0df78 2009-12-18
Created DB snapshot: pytest-django bf0df78
[pytest-django] 4/142 fd1caca 2010-07-26
Created DB snapshot: pytest-django fd1caca
[pytest-django] 5/142 93358c5 2010-08-27
Created DB snapshot: pytest-django 93358c5
[pytest-django] 6/142 c2ab387 2010-09-22
Created DB snapshot: pytest-django c2ab387
[pytest-django] 7/142 447fbf9 2011-06-10
Created DB snapshot: pytest-django 447fbf9
[pytest-django] 8/142 54a993d 2012-03-27
Created DB snapshot: pytest-django 54a993d
[pytest-django] 9/142 b009a1c 2012-04-30
Created DB snapshot: pytest-django b009a1c
[pytest-django] 10/142 69b348b 2012-05-28
Created DB snapshot: pytest-django 69b348b
[pytest-django] 11/142 cfa4006 2012-06-24
Created DB snapshot: pytest-django cfa4006
[pytest-django] 12/142 b72cd6f 2012-07-08
Created DB snapshot: pytest-django b72cd6f
[pytest-django] 13/142 154bc2d 2012-08-21
Created DB snapshot: pytest-django 154bc2d
[pytest-django] 14/142 9003a79 2012-09-19
Created DB snapshot: pytest-django 9003a79
[pytest-django] 15/142 8e6de8d 2012-11-29
Created DB snapshot: pytest-django 8e6de8d
[pytest-django] 16/142 794bd23 2012-12-17
Created DB snapshot: pytest-django 794bd23
[pytest-django] 17/142 1d461ca 2013-02-24
Created DB snapshot: pytest-django 1d461ca
[pytest-django] 18/142 4e034b6 2013-03-28
Created DB snapshot: pytest-django 4e034b6
[pytest-django] 19/142 11bbd62 2013-04-12
Created DB snapshot: pytest-django 11bbd62
[pytest-django] 20/142 2804d00 2013-05-30
Created DB snapshot: pytest-django 2804d00
[pytest-django] 21/142 5b52e66 2013-07-08
Created DB snapshot: pytest-django 5b52e66
[pytest-django] 22/142 b58634e 2013-08-28
Created DB snapshot: pytest-django b58634e
[pytest-django] 23/142 e6fbb03 2013-09-20
Created DB snapshot: pytest-django e6fbb03
[pytest-django] 24/142 7e09b85 2013-11-30
Created DB snapshot: pytest-django 7e09b85
[pytest-django] 25/142 7bc7bd3 2013-12-30
Created DB snapshot: pytest-django 7bc7bd3
[pytest-django] 26/142 bad6ae5 2014-01-19
Created DB snapshot: pytest-django bad6ae5
[pytest-django] 27/142 318a04d 2014-02-27
Created DB snapshot: pytest-django 318a04d
[pytest-django] 28/142 86e5325 2014-04-22
Created DB snapshot: pytest-django 86e5325
[pytest-django] 29/142 00a1066 2014-05-17
Created DB snapshot: pytest-django 00a1066
[pytest-django] 30/142 c197b23 2014-06-13
Created DB snapshot: pytest-django c197b23
[pytest-django] 31/142 36cd3b4 2014-07-31
Created DB snapshot: pytest-django 36cd3b4
[pytest-django] 32/142 03685d7 2014-08-31
Created DB snapshot: pytest-django 03685d7
[pytest-django] 33/142 6a2c40e 2014-09-30
Created DB snapshot: pytest-django 6a2c40e
[pytest-django] 34/142 d8f02c1 2014-10-01
Created DB snapshot: pytest-django d8f02c1
[pytest-django] 35/142 8bb824c 2014-12-19
Created DB snapshot: pytest-django 8bb824c
[pytest-django] 36/142 385a36a 2015-01-20
Created DB snapshot: pytest-django 385a36a
[pytest-django] 37/142 0ec741b 2015-02-08
Created DB snapshot: pytest-django 0ec741b
[pytest-django] 38/142 954081f 2015-03-22
Created DB snapshot: pytest-django 954081f
[pytest-django] 39/142 24a114f 2015-04-27
Created DB snapshot: pytest-django 24a114f
[pytest-django] 40/142 b48c02d 2015-05-16
Created DB snapshot: pytest-django b48c02d
[pytest-django] 41/142 68bcfee 2015-06-12
Created DB snapshot: pytest-django 68bcfee
[pytest-django] 42/142 3cd0d32 2015-07-26
Created DB snapshot: pytest-django 3cd0d32
[pytest-django] 43/142 b9eb210 2015-08-09
Created DB snapshot: pytest-django b9eb210
[pytest-django] 44/142 a5452b6 2015-09-15
Created DB snapshot: pytest-django a5452b6
[pytest-django] 45/142 c69089a 2015-10-16
Created DB snapshot: pytest-django c69089a
[pytest-django] 46/142 ee09d9b 2015-11-29
Created DB snapshot: pytest-django ee09d9b
[pytest-django] 47/142 211495b 2015-12-05
Created DB snapshot: pytest-django 211495b
[pytest-django] 48/142 3529fea 2016-02-24
Created DB snapshot: pytest-django 3529fea
[pytest-django] 49/142 4ef4a94 2016-05-26
Created DB snapshot: pytest-django 4ef4a94
[pytest-django] 50/142 def2882 2016-06-26
Created DB snapshot: pytest-django def2882
[pytest-django] 51/142 175de01 2016-07-28
Created DB snapshot: pytest-django 175de01
[pytest-django] 52/142 f18a858 2016-08-24
Created DB snapshot: pytest-django f18a858
[pytest-django] 53/142 3068be3 2016-10-26
Created DB snapshot: pytest-django 3068be3
[pytest-django] 54/142 f2cb22a 2016-11-24
Created DB snapshot: pytest-django f2cb22a
[pytest-django] 55/142 862066b 2016-12-21
Created DB snapshot: pytest-django 862066b
[pytest-django] 56/142 d8a2bfc 2017-01-29
Created DB snapshot: pytest-django d8a2bfc
[pytest-django] 57/142 25cbc3b 2017-02-22
Created DB snapshot: pytest-django 25cbc3b
[pytest-django] 58/142 369e519 2017-03-17
Created DB snapshot: pytest-django 369e519
[pytest-django] 59/142 c22b823 2017-05-29
Created DB snapshot: pytest-django c22b823
[pytest-django] 60/142 192b634 2017-06-14
Created DB snapshot: pytest-django 192b634
[pytest-django] 61/142 109cceb 2017-07-28
Created DB snapshot: pytest-django 109cceb
[pytest-django] 62/142 af8daa0 2017-08-13
Created DB snapshot: pytest-django af8daa0
[pytest-django] 63/142 d9b66a2 2017-09-20
Created DB snapshot: pytest-django d9b66a2
[pytest-django] 64/142 8a27d22 2017-10-28
Created DB snapshot: pytest-django 8a27d22
[pytest-django] 65/142 4145f73 2017-11-18
Created DB snapshot: pytest-django 4145f73
[pytest-django] 66/142 f132019 2017-12-02
Created DB snapshot: pytest-django f132019
[pytest-django] 67/142 927d6c1 2018-01-18
Created DB snapshot: pytest-django 927d6c1
[pytest-django] 68/142 e0f59db 2018-02-05
Created DB snapshot: pytest-django e0f59db
[pytest-django] 69/142 ee40819 2018-03-11
Created DB snapshot: pytest-django ee40819
[pytest-django] 70/142 f1bc024 2018-04-16
Created DB snapshot: pytest-django f1bc024
[pytest-django] 71/142 34f7060 2018-05-31
Created DB snapshot: pytest-django 34f7060
[pytest-django] 72/142 04f117b 2018-06-28
Created DB snapshot: pytest-django 04f117b
[pytest-django] 73/142 4d61618 2018-07-30
Created DB snapshot: pytest-django 4d61618
[pytest-django] 74/142 7d5b2d9 2018-08-20
Created DB snapshot: pytest-django 7d5b2d9
[pytest-django] 75/142 5000ff8 2018-09-17
Created DB snapshot: pytest-django 5000ff8
[pytest-django] 76/142 4a356c1 2018-10-30
Created DB snapshot: pytest-django 4a356c1
[pytest-django] 77/142 0e375ec 2018-11-28
Created DB snapshot: pytest-django 0e375ec
[pytest-django] 78/142 82de481 2018-12-10
Created DB snapshot: pytest-django 82de481
[pytest-django] 79/142 fe6ddb8 2019-01-22
Created DB snapshot: pytest-django fe6ddb8
[pytest-django] 80/142 f55c709 2019-02-26
Created DB snapshot: pytest-django f55c709
[pytest-django] 81/142 5a79fba 2019-03-16
Created DB snapshot: pytest-django 5a79fba
[pytest-django] 82/142 787bbec 2019-04-17
Created DB snapshot: pytest-django 787bbec
[pytest-django] 83/142 7553d4b 2019-05-30
Created DB snapshot: pytest-django 7553d4b
[pytest-django] 84/142 42763cf 2019-06-05
Created DB snapshot: pytest-django 42763cf
[pytest-django] 85/142 d2973e2 2019-08-26
Created DB snapshot: pytest-django d2973e2
[pytest-django] 86/142 ce5d5bc 2019-09-11
Created DB snapshot: pytest-django ce5d5bc
[pytest-django] 87/142 9dcc8cf 2019-10-18
Created DB snapshot: pytest-django 9dcc8cf
[pytest-django] 88/142 4b83be9 2019-11-09
Created DB snapshot: pytest-django 4b83be9
[pytest-django] 89/142 00e7bee 2019-12-26
Created DB snapshot: pytest-django 00e7bee
[pytest-django] 90/142 f725579 2020-01-23
Created DB snapshot: pytest-django f725579
[pytest-django] 91/142 877cd71 2020-02-28
Created DB snapshot: pytest-django 877cd71
[pytest-django] 92/142 ee7858a 2020-03-31
Created DB snapshot: pytest-django ee7858a
[pytest-django] 93/142 503ef3e 2020-05-19
Created DB snapshot: pytest-django 503ef3e
[pytest-django] 94/142 7474f9b 2020-08-25
Created DB snapshot: pytest-django 7474f9b
[pytest-django] 95/142 07e7289 2020-09-14
Created DB snapshot: pytest-django 07e7289
[pytest-django] 96/142 bd2ae62 2020-10-26
Created DB snapshot: pytest-django bd2ae62
[pytest-django] 97/142 5cc98c1 2020-12-26
Created DB snapshot: pytest-django 5cc98c1
[pytest-django] 98/142 59fdb49 2021-01-14
Created DB snapshot: pytest-django 59fdb49
[pytest-django] 99/142 3b42c4a 2021-03-16
Created DB snapshot: pytest-django 3b42c4a
[pytest-django] 100/142 45087ec 2021-04-10
Created DB snapshot: pytest-django 45087ec
[pytest-django] 101/142 b90fea5 2021-05-24
Created DB snapshot: pytest-django b90fea5
[pytest-django] 102/142 cf6b229 2021-06-06
Created DB snapshot: pytest-django cf6b229
[pytest-django] 103/142 924c132 2021-08-31
Created DB snapshot: pytest-django 924c132
[pytest-django] 104/142 2bba6eb 2021-09-29
Created DB snapshot: pytest-django 2bba6eb
[pytest-django] 105/142 4e125e1 2021-10-17
Created DB snapshot: pytest-django 4e125e1
[pytest-django] 106/142 1ad013e 2021-11-23
Created DB snapshot: pytest-django 1ad013e
[pytest-django] 107/142 ed77ef2 2021-12-27
Created DB snapshot: pytest-django ed77ef2
[pytest-django] 108/142 24bb554 2022-02-28
Created DB snapshot: pytest-django 24bb554
[pytest-django] 109/142 f27c6aa 2022-03-14
Created DB snapshot: pytest-django f27c6aa
[pytest-django] 110/142 fba5153 2022-04-04
Created DB snapshot: pytest-django fba5153
[pytest-django] 111/142 7f8daa9 2022-05-25
Created DB snapshot: pytest-django 7f8daa9
[pytest-django] 112/142 9c64b44 2022-08-25
Created DB snapshot: pytest-django 9c64b44
[pytest-django] 113/142 a4ea66d 2022-10-05
Created DB snapshot: pytest-django a4ea66d
[pytest-django] 114/142 42b7db2 2022-11-08
Created DB snapshot: pytest-django 42b7db2
[pytest-django] 115/142 d9b9356 2023-01-16
Created DB snapshot: pytest-django d9b9356
[pytest-django] 116/142 5337357 2023-04-05
Created DB snapshot: pytest-django 5337357
[pytest-django] 117/142 f68f888 2023-09-29
Created DB snapshot: pytest-django f68f888
[pytest-django] 118/142 a703c8f 2023-10-30
Created DB snapshot: pytest-django a703c8f
[pytest-django] 119/142 72080ad 2023-11-11
Created DB snapshot: pytest-django 72080ad
[pytest-django] 120/142 7c04917 2023-12-22
Created DB snapshot: pytest-django 7c04917
[pytest-django] 121/142 11f613d 2024-01-30
Created DB snapshot: pytest-django 11f613d
[pytest-django] 122/142 5bf88be 2024-06-04
Created DB snapshot: pytest-django 5bf88be
[pytest-django] 123/142 d18a71b 2024-07-09
Created DB snapshot: pytest-django d18a71b
[pytest-django] 124/142 1ffc323 2024-09-28
Created DB snapshot: pytest-django 1ffc323
[pytest-django] 125/142 d8dc3d9 2025-02-10
Created DB snapshot: pytest-django d8dc3d9
[pytest-django] 126/142 8000db0 2025-03-31
Created DB snapshot: pytest-django 8000db0
[pytest-django] 127/142 f19da08 2025-04-28
Created DB snapshot: pytest-django f19da08
[pytest-django] 128/142 7c99f33 2025-05-26
Created DB snapshot: pytest-django 7c99f33
[pytest-django] 129/142 d07a967 2025-06-09
Created DB snapshot: pytest-django d07a967
[pytest-django] 130/142 ba335ce 2025-07-24
Created DB snapshot: pytest-django ba335ce
[pytest-django] 131/142 e495504 2025-08-15
Created DB snapshot: pytest-django e495504
[pytest-django] 132/142 ef9fef6 2025-09-02
Created DB snapshot: pytest-django ef9fef6
[pytest-django] 133/142 72b13b5 2025-10-14
Created DB snapshot: pytest-django 72b13b5
[pytest-django] 134/142 3f550d9 2025-11-01
Created DB snapshot: pytest-django 3f550d9
[pytest-django] 135/142 92858ee 2025-12-01
Created DB snapshot: pytest-django 92858ee
[pytest-django] 136/142 39c8dcc 2026-01-19
Created DB snapshot: pytest-django 39c8dcc
[pytest-django] 137/142 3955b18 2026-02-26
Created DB snapshot: pytest-django 3955b18
[pytest-django] 138/142 42d9d22 2026-03-01
Created DB snapshot: pytest-django 42d9d22
[pytest-django] 139/142 81290fb 2026-04-14
Created DB snapshot: pytest-django 81290fb
[pytest-django] 140/142 9d6570a 2026-07-30
Created DB snapshot: pytest-django 9d6570a
[pytest-django] 141/142 44143cb 2026-08-03
Created DB snapshot: pytest-django 44143cb
[pytest-django] 142/142 cc80fd4 2026-06-01
Created DB snapshot: pytest-django cc80fd4
Saved CSV: /Users/chengbin/Developer/tech_debt/dashboard/analysis/complexity_results/pytest-django_complexity.csv
Saved plot: /Users/chengbin/Developer/tech_debt/dashboard/analysis/complexity_plots/pytest-django_complexity.png

Analyzing project: paramiko
paramiko: 213 monthly commits selected
[paramiko] 1/213 11815d4 2003-11-10
Created DB snapshot: paramiko 11815d4
[paramiko] 2/213 3a8887a 2003-12-31
Created DB snapshot: paramiko 3a8887a
[paramiko] 3/213 d599570 2004-01-27
Created DB snapshot: paramiko d599570
[paramiko] 4/213 f8a3a62 2004-03-16
Created DB snapshot: paramiko f8a3a62
[paramiko] 5/213 4d774d6 2004-04-23
Created DB snapshot: paramiko 4d774d6
[paramiko] 6/213 9baa2b3 2004-05-31
Created DB snapshot: paramiko 9baa2b3
[paramiko] 7/213 c6a61c2 2004-06-27
Created DB snapshot: paramiko c6a61c2
[paramiko] 8/213 440b3de 2004-08-31
Created DB snapshot: paramiko 440b3de
[paramiko] 9/213 e163918 2004-09-25
Created DB snapshot: paramiko e163918
[paramiko] 10/213 a73413c 2004-10-23
Created DB snapshot: paramiko a73413c
[paramiko] 11/213 ed8b376 2004-11-26
Created DB snapshot: paramiko ed8b376
[paramiko] 12/213 811f2bf 2004-12-19
Created DB snapshot: paramiko 811f2bf
[paramiko] 13/213 c1ed20c 2005-01-25
Created DB snapshot: paramiko c1ed20c
[paramiko] 14/213 fead211 2005-02-28
Created DB snapshot: paramiko fead211
[paramiko] 15/213 5d8d193 2005-03-26
Created DB snapshot: paramiko 5d8d193
[paramiko] 16/213 2f2d7bd 2005-04-30
Created DB snapshot: paramiko 2f2d7bd
[paramiko] 17/213 b1a0d8a 2005-05-21
Created DB snapshot: paramiko b1a0d8a
[paramiko] 18/213 401e37f 2005-06-28
Created DB snapshot: paramiko 401e37f
[paramiko] 19/213 5a5cd20 2005-07-18
Created DB snapshot: paramiko 5a5cd20
[paramiko] 20/213 01ca23c 2005-08-17
Created DB snapshot: paramiko 01ca23c
[paramiko] 21/213 f2ec841 2005-09-27
Created DB snapshot: paramiko f2ec841
[paramiko] 22/213 42867de 2005-10-31
Created DB snapshot: paramiko 42867de
[paramiko] 23/213 76eafef 2005-11-25
Created DB snapshot: paramiko 76eafef
[paramiko] 24/213 26397bf 2005-12-16
Created DB snapshot: paramiko 26397bf
[paramiko] 25/213 c091dff 2006-01-30
Created DB snapshot: paramiko c091dff
[paramiko] 26/213 90a577c 2006-02-27
Created DB snapshot: paramiko 90a577c
[paramiko] 27/213 d7b28ac 2006-03-26
Created DB snapshot: paramiko d7b28ac
[paramiko] 28/213 57bc672 2006-04-29
Created DB snapshot: paramiko 57bc672
[paramiko] 29/213 1726162 2006-05-30
Created DB snapshot: paramiko 1726162
[paramiko] 30/213 9c8a06b 2006-06-27
Created DB snapshot: paramiko 9c8a06b
[paramiko] 31/213 157484f 2006-07-31
Created DB snapshot: paramiko 157484f
[paramiko] 32/213 1f4a3f1 2006-08-29
Created DB snapshot: paramiko 1f4a3f1
[paramiko] 33/213 93ab477 2006-09-30
Created DB snapshot: paramiko 93ab477
[paramiko] 34/213 482d0bc 2006-10-31
Created DB snapshot: paramiko 482d0bc
[paramiko] 35/213 aaa97d7 2006-11-27
Created DB snapshot: paramiko aaa97d7
[paramiko] 36/213 c1e3e85 2006-12-27
Created DB snapshot: paramiko c1e3e85
[paramiko] 37/213 21a42f5 2007-01-22
Created DB snapshot: paramiko 21a42f5
[paramiko] 38/213 6b71c64 2007-02-18
Created DB snapshot: paramiko 6b71c64
[paramiko] 39/213 920b172 2007-03-26
Created DB snapshot: paramiko 920b172
[paramiko] 40/213 946e4db 2007-05-20
Created DB snapshot: paramiko 946e4db
[paramiko] 41/213 39b45b4 2007-06-10
Created DB snapshot: paramiko 39b45b4
[paramiko] 42/213 2cf5448 2007-08-31
Created DB snapshot: paramiko 2cf5448
[paramiko] 43/213 80b9e28 2007-09-23
Created DB snapshot: paramiko 80b9e28
[paramiko] 44/213 758c18a 2007-10-28
Created DB snapshot: paramiko 758c18a
[paramiko] 45/213 92e92a9 2007-11-20
Created DB snapshot: paramiko 92e92a9
[paramiko] 46/213 ba1fd0d 2007-12-30
Created DB snapshot: paramiko ba1fd0d
[paramiko] 47/213 888aa8d 2008-01-23
Created DB snapshot: paramiko 888aa8d
[paramiko] 48/213 4f52c13 2008-02-19
Created DB snapshot: paramiko 4f52c13
[paramiko] 49/213 c52b11b 2008-03-23
Created DB snapshot: paramiko c52b11b
[paramiko] 50/213 e47e203 2008-05-18
Created DB snapshot: paramiko e47e203
[paramiko] 51/213 305f5e0 2008-06-03
Created DB snapshot: paramiko 305f5e0
[paramiko] 52/213 2fda984 2008-07-06
Created DB snapshot: paramiko 2fda984
[paramiko] 53/213 74b581c 2009-02-17
Created DB snapshot: paramiko 74b581c
[paramiko] 54/213 044814b 2009-04-18
Created DB snapshot: paramiko 044814b
[paramiko] 55/213 adb349b 2009-05-10
Created DB snapshot: paramiko adb349b
[paramiko] 56/213 7da1f2c 2009-07-19
Created DB snapshot: paramiko 7da1f2c
[paramiko] 57/213 a60c69c 2009-10-31
Created DB snapshot: paramiko a60c69c
[paramiko] 58/213 cb913d5 2009-11-01
Created DB snapshot: paramiko cb913d5
[paramiko] 59/213 b4ee844 2009-12-18
Created DB snapshot: paramiko b4ee844
[paramiko] 60/213 e2add90 2010-04-25
Created DB snapshot: paramiko e2add90
[paramiko] 61/213 213ab2c 2010-05-13
Created DB snapshot: paramiko 213ab2c
[paramiko] 62/213 044e702 2010-08-03
Created DB snapshot: paramiko 044e702
[paramiko] 63/213 d3162ac 2010-11-20
Created DB snapshot: paramiko d3162ac
[paramiko] 64/213 33fd998 2011-02-01
Created DB snapshot: paramiko 33fd998
[paramiko] 65/213 7bcbc24 2011-05-23
Created DB snapshot: paramiko 7bcbc24
[paramiko] 66/213 27b800b 2011-08-12
Created DB snapshot: paramiko 27b800b
[paramiko] 67/213 ef9b251 2012-03-30
Created DB snapshot: paramiko ef9b251
[paramiko] 68/213 d3dc9fc 2012-05-25
Created DB snapshot: paramiko d3dc9fc
[paramiko] 69/213 a991b5d 2011-07-24
Created DB snapshot: paramiko a991b5d
[paramiko] 70/213 25942db 2012-07-15
Created DB snapshot: paramiko 25942db
[paramiko] 71/213 09488c6 2012-09-25
Created DB snapshot: paramiko 09488c6
[paramiko] 72/213 c903245 2011-11-23
Created DB snapshot: paramiko c903245
[paramiko] 73/213 2519e54 2012-01-17
Created DB snapshot: paramiko 2519e54
[paramiko] 74/213 a05b770 2012-02-27
Created DB snapshot: paramiko a05b770
[paramiko] 75/213 1a033dc 2012-04-19
Created DB snapshot: paramiko 1a033dc
[paramiko] 76/213 7ead8d9 2012-08-13
Created DB snapshot: paramiko 7ead8d9
[paramiko] 77/213 1b928df 2012-10-12
Created DB snapshot: paramiko 1b928df
[paramiko] 78/213 c305691 2012-11-01
Created DB snapshot: paramiko c305691
[paramiko] 79/213 9c0d467 2012-06-04
Created DB snapshot: paramiko 9c0d467
[paramiko] 80/213 0cc6bb9 2012-12-02
Created DB snapshot: paramiko 0cc6bb9
[paramiko] 81/213 2f1daad 2013-01-06
Created DB snapshot: paramiko 2f1daad
[paramiko] 82/213 5e744d3 2013-02-20
Created DB snapshot: paramiko 5e744d3
[paramiko] 83/213 8c7f120 2013-03-25
Created DB snapshot: paramiko 8c7f120
[paramiko] 84/213 a733c42 2013-04-30
Created DB snapshot: paramiko a733c42
[paramiko] 85/213 3399d51 2013-05-21
Created DB snapshot: paramiko 3399d51
[paramiko] 86/213 0fea895 2013-06-24
Created DB snapshot: paramiko 0fea895
[paramiko] 87/213 8a83694 2013-07-16
Created DB snapshot: paramiko 8a83694
[paramiko] 88/213 e6abab1 2013-08-01
Created DB snapshot: paramiko e6abab1
[paramiko] 89/213 0063e64 2013-09-29
Created DB snapshot: paramiko 0063e64
[paramiko] 90/213 d8738b1 2013-10-25
Created DB snapshot: paramiko d8738b1
[paramiko] 91/213 aa30150 2013-11-19
Created DB snapshot: paramiko aa30150
[paramiko] 92/213 dd3e203 2013-12-31
Created DB snapshot: paramiko dd3e203
[paramiko] 93/213 59b7cc7 2014-01-22
Created DB snapshot: paramiko 59b7cc7
[paramiko] 94/213 f92c519 2014-02-11
Created DB snapshot: paramiko f92c519
[paramiko] 95/213 985c306 2011-10-15
Created DB snapshot: paramiko 985c306
[paramiko] 96/213 337f443 2014-03-13
Created DB snapshot: paramiko 337f443
[paramiko] 97/213 adaf8a2 2014-04-15
Created DB snapshot: paramiko adaf8a2
[paramiko] 98/213 33aa107 2014-05-24
Created DB snapshot: paramiko 33aa107
[paramiko] 99/213 1fa69c7 2014-06-19
Created DB snapshot: paramiko 1fa69c7
[paramiko] 100/213 f6135f4 2014-07-26
Created DB snapshot: paramiko f6135f4
[paramiko] 101/213 e55d9fb 2014-08-26
Created DB snapshot: paramiko e55d9fb
[paramiko] 102/213 28c8be1 2014-09-21
Created DB snapshot: paramiko 28c8be1
[paramiko] 103/213 1970abb 2014-10-16
Created DB snapshot: paramiko 1970abb
[paramiko] 104/213 b2f45f9 2014-11-25
Created DB snapshot: paramiko b2f45f9
[paramiko] 105/213 dae916f 2014-12-24
Created DB snapshot: paramiko dae916f
[paramiko] 106/213 394e269 2015-01-30
Created DB snapshot: paramiko 394e269
[paramiko] 107/213 a436b9f 2015-02-17
Created DB snapshot: paramiko a436b9f
[paramiko] 108/213 669ecbd 2015-03-02
Created DB snapshot: paramiko 669ecbd
[paramiko] 109/213 5441520 2015-04-29
Created DB snapshot: paramiko 5441520
[paramiko] 110/213 e7808e1 2015-05-08
Created DB snapshot: paramiko e7808e1
[paramiko] 111/213 dd9135b 2015-06-11
Created DB snapshot: paramiko dd9135b
[paramiko] 112/213 aed3d8b 2015-07-21
Created DB snapshot: paramiko aed3d8b
[paramiko] 113/213 d678211 2015-08-24
Created DB snapshot: paramiko d678211
[paramiko] 114/213 dfaa11a 2015-09-30
Created DB snapshot: paramiko dfaa11a
[paramiko] 115/213 0683452 2015-10-12
Created DB snapshot: paramiko 0683452
[paramiko] 116/213 918b41c 2015-11-10
Created DB snapshot: paramiko 918b41c
[paramiko] 117/213 7b2931f 2015-12-03
Created DB snapshot: paramiko 7b2931f
[paramiko] 118/213 4b02a9b 2016-01-28
Created DB snapshot: paramiko 4b02a9b
[paramiko] 119/213 6685603 2016-02-07
Created DB snapshot: paramiko 6685603
[paramiko] 120/213 a372819 2016-04-28
Created DB snapshot: paramiko a372819
[paramiko] 121/213 c978a6b 2016-03-31
Created DB snapshot: paramiko c978a6b
[paramiko] 122/213 286b456 2016-05-10
Created DB snapshot: paramiko 286b456
[paramiko] 123/213 5dd6786 2016-06-09
Created DB snapshot: paramiko 5dd6786
[paramiko] 124/213 c1ac40a 2016-07-20
Created DB snapshot: paramiko c1ac40a
[paramiko] 125/213 7366f96 2016-09-21
Created DB snapshot: paramiko 7366f96
[paramiko] 126/213 4a2747f 2016-11-30
Created DB snapshot: paramiko 4a2747f
[paramiko] 127/213 a20936e 2016-12-10
Created DB snapshot: paramiko a20936e
[paramiko] 128/213 32bfbe6 2016-08-27
Created DB snapshot: paramiko 32bfbe6
[paramiko] 129/213 fc640ec 2016-10-06
Created DB snapshot: paramiko fc640ec
[paramiko] 130/213 03e5803 2017-01-25
Created DB snapshot: paramiko 03e5803
[paramiko] 131/213 4526052 2017-02-23
Created DB snapshot: paramiko 4526052
[paramiko] 132/213 a11aaa2 2017-03-27
Created DB snapshot: paramiko a11aaa2
[paramiko] 133/213 15aa741 2017-04-03
Created DB snapshot: paramiko 15aa741
[paramiko] 134/213 17231b9 2017-05-26
Created DB snapshot: paramiko 17231b9
[paramiko] 135/213 854583d 2017-06-11
Created DB snapshot: paramiko 854583d
[paramiko] 136/213 15fa5b8 2017-07-26
Created DB snapshot: paramiko 15fa5b8
[paramiko] 137/213 ad5c0d1 2017-08-05
Created DB snapshot: paramiko ad5c0d1
[paramiko] 138/213 327e973 2017-09-26
Created DB snapshot: paramiko 327e973
[paramiko] 139/213 0871b93 2017-10-25
Created DB snapshot: paramiko 0871b93
[paramiko] 140/213 7b92847 2017-11-20
Created DB snapshot: paramiko 7b92847
[paramiko] 141/213 c43202d 2017-12-31
Created DB snapshot: paramiko c43202d
[paramiko] 142/213 db358dc 2018-02-09
Created DB snapshot: paramiko db358dc
[paramiko] 143/213 ab823cc 2018-03-23
Created DB snapshot: paramiko ab823cc
[paramiko] 144/213 16d0d3a 2018-04-19
Created DB snapshot: paramiko 16d0d3a
[paramiko] 145/213 174daa3 2018-05-29
Created DB snapshot: paramiko 174daa3
[paramiko] 146/213 5309510 2018-06-14
Created DB snapshot: paramiko 5309510
[paramiko] 147/213 6f0e7c5 2018-07-25
Created DB snapshot: paramiko 6f0e7c5
[paramiko] 148/213 677166b 2018-08-22
Created DB snapshot: paramiko 677166b
[paramiko] 149/213 92c5377 2018-09-19
Created DB snapshot: paramiko 92c5377
[paramiko] 150/213 22693a1 2018-10-18
Created DB snapshot: paramiko 22693a1
[paramiko] 151/213 79a6bbf 2018-11-27
Created DB snapshot: paramiko 79a6bbf
[paramiko] 152/213 7a8298f 2018-12-15
Created DB snapshot: paramiko 7a8298f
[paramiko] 153/213 cf7d49d 2019-01-03
Created DB snapshot: paramiko cf7d49d
[paramiko] 154/213 8b6694f 2019-02-05
Created DB snapshot: paramiko 8b6694f
[paramiko] 155/213 3a28eed 2019-03-02
Created DB snapshot: paramiko 3a28eed
[paramiko] 156/213 25de1a7 2019-04-25
Created DB snapshot: paramiko 25de1a7
[paramiko] 157/213 0461162 2019-05-31
Created DB snapshot: paramiko 0461162
[paramiko] 158/213 ccf48a1 2019-06-23
Created DB snapshot: paramiko ccf48a1
[paramiko] 159/213 12e78ed 2019-07-08
Created DB snapshot: paramiko 12e78ed
[paramiko] 160/213 4c4de25 2019-08-27
Created DB snapshot: paramiko 4c4de25
[paramiko] 161/213 004462b 2019-09-30
Created DB snapshot: paramiko 004462b
[paramiko] 162/213 4a95e1f 2019-10-08
Created DB snapshot: paramiko 4a95e1f
[paramiko] 163/213 8019623 2019-12-09
Created DB snapshot: paramiko 8019623
[paramiko] 164/213 c4d0b0e 2020-01-20
Created DB snapshot: paramiko c4d0b0e
[paramiko] 165/213 81fb6f3 2020-08-30
Created DB snapshot: paramiko 81fb6f3
[paramiko] 166/213 ad0ee51 2020-07-26
Created DB snapshot: paramiko ad0ee51
[paramiko] 167/213 14c6c8e 2020-05-17
Created DB snapshot: paramiko 14c6c8e
[paramiko] 168/213 5cf145f 2020-09-11
Created DB snapshot: paramiko 5cf145f
[paramiko] 169/213 33daa8e 2021-02-12
Created DB snapshot: paramiko 33daa8e
[paramiko] 170/213 f914e12 2021-04-30
Created DB snapshot: paramiko f914e12
[paramiko] 171/213 ce2f459 2021-05-27
Created DB snapshot: paramiko ce2f459
[paramiko] 172/213 e8cf0af 2021-06-19
Created DB snapshot: paramiko e8cf0af
[paramiko] 173/213 a84c64f 2021-07-23
Created DB snapshot: paramiko a84c64f
[paramiko] 174/213 232fcb3 2021-09-16
Created DB snapshot: paramiko 232fcb3
[paramiko] 175/213 2c574ea 2021-10-14
Created DB snapshot: paramiko 2c574ea
[paramiko] 176/213 d3f0d01 2021-11-25
Created DB snapshot: paramiko d3f0d01
[paramiko] 177/213 47cfed5 2021-12-02
Created DB snapshot: paramiko 47cfed5
[paramiko] 178/213 4ef50df 2022-01-06
Created DB snapshot: paramiko 4ef50df
[paramiko] 179/213 4c491e2 2022-02-25
Created DB snapshot: paramiko 4c491e2
[paramiko] 180/213 32a3d33 2022-03-22
Created DB snapshot: paramiko 32a3d33
[paramiko] 181/213 f6a6445 2021-03-04
Created DB snapshot: paramiko f6a6445
[paramiko] 182/213 856a25b 2022-04-26
Created DB snapshot: paramiko 856a25b
[paramiko] 183/213 9fddb6e 2022-05-17
Created DB snapshot: paramiko 9fddb6e
[paramiko] 184/213 1824a27 2022-06-10
Created DB snapshot: paramiko 1824a27
[paramiko] 185/213 dc2547d 2020-04-16
Created DB snapshot: paramiko dc2547d
[paramiko] 186/213 bba5b4c 2022-09-27
Created DB snapshot: paramiko bba5b4c
[paramiko] 187/213 4e7f7e8 2022-10-07
Created DB snapshot: paramiko 4e7f7e8
[paramiko] 188/213 bbb8d57 2022-11-04
Created DB snapshot: paramiko bbb8d57
[paramiko] 189/213 280e442 2023-01-24
Created DB snapshot: paramiko 280e442
[paramiko] 190/213 e87d0c9 2023-02-24
Created DB snapshot: paramiko e87d0c9
[paramiko] 191/213 08eb98d 2022-08-31
Created DB snapshot: paramiko 08eb98d
[paramiko] 192/213 9a7ba15 2023-03-29
Created DB snapshot: paramiko 9a7ba15
[paramiko] 193/213 6006598 2023-04-20
Created DB snapshot: paramiko 6006598
[paramiko] 194/213 0a0efc1 2023-05-30
Created DB snapshot: paramiko 0a0efc1
[paramiko] 195/213 7c59a11 2023-06-27
Created DB snapshot: paramiko 7c59a11
[paramiko] 196/213 d5117fc 2023-07-28
Created DB snapshot: paramiko d5117fc
[paramiko] 197/213 e861c76 2023-08-30
Created DB snapshot: paramiko e861c76
[paramiko] 198/213 6611773 2023-09-23
Created DB snapshot: paramiko 6611773
[paramiko] 199/213 43980e7 2023-12-18
Created DB snapshot: paramiko 43980e7
[paramiko] 200/213 7a8c0dc 2024-01-27
Created DB snapshot: paramiko 7a8c0dc
[paramiko] 201/213 51eb55d 2024-02-10
Created DB snapshot: paramiko 51eb55d
[paramiko] 202/213 5ca3df2 2024-07-22
Created DB snapshot: paramiko 5ca3df2
[paramiko] 203/213 10115b7 2024-08-11
Created DB snapshot: paramiko 10115b7
[paramiko] 204/213 23f9200 2024-09-15
Created DB snapshot: paramiko 23f9200
[paramiko] 205/213 3acc790 2025-01-16
Created DB snapshot: paramiko 3acc790
[paramiko] 206/213 ed8b097 2025-02-03
Created DB snapshot: paramiko ed8b097
[paramiko] 207/213 2af0dd7 2025-07-20
Created DB snapshot: paramiko 2af0dd7
[paramiko] 208/213 d9ab89a 2025-08-04
Created DB snapshot: paramiko d9ab89a
[paramiko] 209/213 8697158 2025-10-19
Created DB snapshot: paramiko 8697158
[paramiko] 210/213 eb87ad3 2026-02-28
Created DB snapshot: paramiko eb87ad3
[paramiko] 211/213 f3864b6 2026-03-29
Created DB snapshot: paramiko f3864b6
[paramiko] 212/213 ea93c59 2026-04-04
Created DB snapshot: paramiko ea93c59
[paramiko] 213/213 d60d5c1 2026-05-09
Created DB snapshot: paramiko d60d5c1
Saved CSV: /Users/chengbin/Developer/tech_debt/dashboard/analysis/complexity_results/paramiko_complexity.csv
Saved plot: /Users/chengbin/Developer/tech_debt/dashboard/analysis/complexity_plots/paramiko_complexity.png

Analyzing project: flask
flask: 72 monthly commits selected
[flask] 1/72 36717b0 2010-04-27
Checkout failed: flask 36717b0
error: Your local changes to the following files would be overwritten by checkout:
	CHANGES
	CONTRIBUTING.rst
	Makefile
	docs/api.rst
	docs/cli.rst
	docs/conf.py
	docs/config.rst
	docs/deploying/wsgi-standalone.rst
	docs/errorhandling.rst
	docs/extensiondev.rst
	docs/patterns/appfactories.rst
	docs/patterns/distribute.rst
	docs/patterns/wtforms.rst
	docs/quickstart.rst
	docs/server.rst
	docs/shell.rst
	docs/tutorial/dbcon.rst
	docs/tutorial/dbinit.rst
	docs/tutorial/setup.rst
	docs/upgrading.rst
[flask] 2/72 ee69fb5 2010-05-31
Checkout failed: flask ee69fb5
error: Your local changes to the following files would be overwritten by checkout:
	CHANGES
	CONTRIBUTING.rst
	Makefile
	docs/api.rst
	docs/cli.rst
	docs/conf.py
	docs/config.rst
	docs/deploying/wsgi-standalone.rst
	docs/errorhandling.rst
	docs/extensiondev.rst
	docs/patterns/appfactories.rst
	docs/patterns/distribute.rst
	docs/patterns/wtforms.rst
	docs/quickstart.rst
	docs/server.rst
	docs/shell.rst
	docs/tutorial/dbcon.rst
	docs/tutorial/dbinit.rst
	docs/tutorial/setup.rst
	docs/upgrading.rst
[flask] 3/72 f5d2d32 2010-06-30
Checkout failed: flask f5d2d32
error: Your local changes to the following files would be overwritten by checkout:
	CHANGES
	CONTRIBUTING.rst
	Makefile
	docs/api.rst
	docs/cli.rst
	docs/conf.py
	docs/config.rst
	docs/deploying/wsgi-standalone.rst
	docs/errorhandling.rst
	docs/extensiondev.rst
	docs/patterns/appfactories.rst
	docs/patterns/distribute.rst
	docs/patterns/wtforms.rst
	docs/quickstart.rst
	docs/server.rst
	docs/shell.rst
	docs/tutorial/dbcon.rst
	docs/tutorial/dbinit.rst
	docs/tutorial/setup.rst
	docs/upgrading.rst
[flask] 4/72 d09aa37 2010-07-30
Checkout failed: flask d09aa37
error: Your local changes to the following files would be overwritten by checkout:
	CHANGES
	CONTRIBUTING.rst
	Makefile
	docs/api.rst
	docs/cli.rst
	docs/conf.py
	docs/config.rst
	docs/deploying/wsgi-standalone.rst
	docs/errorhandling.rst
	docs/extensiondev.rst
	docs/patterns/appfactories.rst
	docs/patterns/distribute.rst
	docs/patterns/wtforms.rst
	docs/quickstart.rst
	docs/server.rst
	docs/shell.rst
	docs/tutorial/dbcon.rst
	docs/tutorial/dbinit.rst
	docs/tutorial/setup.rst
	docs/upgrading.rst
[flask] 5/72 6e3dd9b 2010-08-20
Checkout failed: flask 6e3dd9b
error: Your local changes to the following files would be overwritten by checkout:
	CHANGES
	CONTRIBUTING.rst
	Makefile
	docs/api.rst
	docs/cli.rst
	docs/conf.py
	docs/config.rst
	docs/deploying/wsgi-standalone.rst
	docs/errorhandling.rst
	docs/extensiondev.rst
	docs/patterns/appfactories.rst
	docs/patterns/distribute.rst
	docs/patterns/wtforms.rst
	docs/quickstart.rst
	docs/server.rst
	docs/shell.rst
	docs/tutorial/dbcon.rst
	docs/tutorial/dbinit.rst
	docs/tutorial/setup.rst
	docs/upgrading.rst
[flask] 6/72 1e4e578 2010-09-12
Checkout failed: flask 1e4e578
error: Your local changes to the following files would be overwritten by checkout:
	CHANGES
	CONTRIBUTING.rst
	Makefile
	docs/api.rst
	docs/cli.rst
	docs/conf.py
	docs/config.rst
	docs/deploying/wsgi-standalone.rst
	docs/errorhandling.rst
	docs/extensiondev.rst
	docs/patterns/appfactories.rst
	docs/patterns/distribute.rst
	docs/patterns/wtforms.rst
	docs/quickstart.rst
	docs/server.rst
	docs/shell.rst
	docs/tutorial/dbcon.rst
	docs/tutorial/dbinit.rst
	docs/tutorial/setup.rst
	docs/upgrading.rst
[flask] 7/72 4f1b086 2010-10-30
Checkout failed: flask 4f1b086
error: Your local changes to the following files would be overwritten by checkout:
	CHANGES
	CONTRIBUTING.rst
	Makefile
	docs/api.rst
	docs/cli.rst
	docs/conf.py
	docs/config.rst
	docs/deploying/wsgi-standalone.rst
	docs/errorhandling.rst
	docs/extensiondev.rst
	docs/patterns/appfactories.rst
	docs/patterns/distribute.rst
	docs/patterns/wtforms.rst
	docs/quickstart.rst
	docs/server.rst
	docs/shell.rst
	docs/tutorial/dbcon.rst
	docs/tutorial/dbinit.rst
	docs/tutorial/setup.rst
	docs/upgrading.rst
[flask] 8/72 09a06ab 2010-11-03
Checkout failed: flask 09a06ab
error: Your local changes to the following files would be overwritten by checkout:
	CHANGES
	CONTRIBUTING.rst
	Makefile
	docs/api.rst
	docs/cli.rst
	docs/conf.py
	docs/config.rst
	docs/deploying/wsgi-standalone.rst
	docs/errorhandling.rst
	docs/extensiondev.rst
	docs/patterns/appfactories.rst
	docs/patterns/distribute.rst
	docs/patterns/wtforms.rst
	docs/quickstart.rst
	docs/server.rst
	docs/shell.rst
	docs/tutorial/dbcon.rst
	docs/tutorial/dbinit.rst
	docs/tutorial/setup.rst
	docs/upgrading.rst
[flask] 9/72 4c76607 2010-12-31
Checkout failed: flask 4c76607
error: Your local changes to the following files would be overwritten by checkout:
	CHANGES
	CONTRIBUTING.rst
	Makefile
	docs/api.rst
	docs/cli.rst
	docs/conf.py
	docs/config.rst
	docs/deploying/wsgi-standalone.rst
	docs/errorhandling.rst
	docs/extensiondev.rst
	docs/patterns/appfactories.rst
	docs/patterns/distribute.rst
	docs/patterns/wtforms.rst
	docs/quickstart.rst
	docs/server.rst
	docs/shell.rst
	docs/tutorial/dbcon.rst
	docs/tutorial/dbinit.rst
	docs/tutorial/setup.rst
	docs/upgrading.rst
[flask] 10/72 4228d72 2011-01-24
Checkout failed: flask 4228d72
error: Your local changes to the following files would be overwritten by checkout:
	CHANGES
	CONTRIBUTING.rst
	Makefile
	docs/api.rst
	docs/cli.rst
	docs/conf.py
	docs/config.rst
	docs/deploying/wsgi-standalone.rst
	docs/errorhandling.rst
	docs/extensiondev.rst
	docs/patterns/appfactories.rst
	docs/patterns/distribute.rst
	docs/patterns/wtforms.rst
	docs/quickstart.rst
	docs/server.rst
	docs/shell.rst
	docs/tutorial/dbcon.rst
	docs/tutorial/dbinit.rst
	docs/tutorial/setup.rst
	docs/upgrading.rst
[flask] 11/72 00c5b7a 2011-02-21
Checkout failed: flask 00c5b7a
error: Your local changes to the following files would be overwritten by checkout:
	CHANGES
	CONTRIBUTING.rst
	Makefile
	docs/api.rst
	docs/cli.rst
	docs/conf.py
	docs/config.rst
	docs/deploying/wsgi-standalone.rst
	docs/errorhandling.rst
	docs/extensiondev.rst
	docs/patterns/appfactories.rst
	docs/patterns/distribute.rst
	docs/patterns/wtforms.rst
	docs/quickstart.rst
	docs/server.rst
	docs/shell.rst
	docs/tutorial/dbcon.rst
	docs/tutorial/dbinit.rst
	docs/tutorial/setup.rst
	docs/upgrading.rst
[flask] 12/72 0e4cd2e 2011-03-31
Checkout failed: flask 0e4cd2e
error: Your local changes to the following files would be overwritten by checkout:
	CHANGES
	CONTRIBUTING.rst
	Makefile
	docs/api.rst
	docs/cli.rst
	docs/conf.py
	docs/config.rst
	docs/deploying/wsgi-standalone.rst
	docs/errorhandling.rst
	docs/extensiondev.rst
	docs/patterns/appfactories.rst
	docs/patterns/distribute.rst
	docs/patterns/wtforms.rst
	docs/quickstart.rst
	docs/server.rst
	docs/shell.rst
	docs/tutorial/dbcon.rst
	docs/tutorial/dbinit.rst
	docs/tutorial/setup.rst
	docs/upgrading.rst
[flask] 13/72 c6e4d74 2011-04-27
Checkout failed: flask c6e4d74
error: Your local changes to the following files would be overwritten by checkout:
	CHANGES
	CONTRIBUTING.rst
	Makefile
	docs/api.rst
	docs/cli.rst
	docs/conf.py
	docs/config.rst
	docs/deploying/wsgi-standalone.rst
	docs/errorhandling.rst
	docs/extensiondev.rst
	docs/patterns/appfactories.rst
	docs/patterns/distribute.rst
	docs/patterns/wtforms.rst
	docs/quickstart.rst
	docs/server.rst
	docs/shell.rst
	docs/tutorial/dbcon.rst
	docs/tutorial/dbinit.rst
	docs/tutorial/setup.rst
	docs/upgrading.rst
[flask] 14/72 c7ff139 2011-05-30
Checkout failed: flask c7ff139
error: Your local changes to the following files would be overwritten by checkout:
	CHANGES
	CONTRIBUTING.rst
	Makefile
	docs/api.rst
	docs/cli.rst
	docs/conf.py
	docs/config.rst
	docs/deploying/wsgi-standalone.rst
	docs/errorhandling.rst
	docs/extensiondev.rst
	docs/patterns/appfactories.rst
	docs/patterns/distribute.rst
	docs/patterns/wtforms.rst
	docs/quickstart.rst
	docs/server.rst
	docs/shell.rst
	docs/tutorial/dbcon.rst
	docs/tutorial/dbinit.rst
	docs/tutorial/setup.rst
	docs/upgrading.rst
[flask] 15/72 df19ee9 2011-06-25
Checkout failed: flask df19ee9
error: Your local changes to the following files would be overwritten by checkout:
	CHANGES
	CONTRIBUTING.rst
	Makefile
	docs/api.rst
	docs/cli.rst
	docs/conf.py
	docs/config.rst
	docs/deploying/wsgi-standalone.rst
	docs/errorhandling.rst
	docs/extensiondev.rst
	docs/patterns/appfactories.rst
	docs/patterns/distribute.rst
	docs/patterns/wtforms.rst
	docs/quickstart.rst
	docs/server.rst
	docs/shell.rst
	docs/tutorial/dbcon.rst
	docs/tutorial/dbinit.rst
	docs/tutorial/setup.rst
	docs/upgrading.rst
[flask] 16/72 2a4d3ef 2011-07-08
Checkout failed: flask 2a4d3ef
error: Your local changes to the following files would be overwritten by checkout:
	CHANGES
	CONTRIBUTING.rst
	Makefile
	docs/api.rst
	docs/cli.rst
	docs/conf.py
	docs/config.rst
	docs/deploying/wsgi-standalone.rst
	docs/errorhandling.rst
	docs/extensiondev.rst
	docs/patterns/appfactories.rst
	docs/patterns/distribute.rst
	docs/patterns/wtforms.rst
	docs/quickstart.rst
	docs/server.rst
	docs/shell.rst
	docs/tutorial/dbcon.rst
	docs/tutorial/dbinit.rst
	docs/tutorial/setup.rst
	docs/upgrading.rst
[flask] 17/72 780297e 2011-08-31
Checkout failed: flask 780297e
error: Your local changes to the following files would be overwritten by checkout:
	CHANGES
	CONTRIBUTING.rst
	Makefile
	docs/api.rst
	docs/cli.rst
	docs/conf.py
	docs/config.rst
	docs/deploying/wsgi-standalone.rst
	docs/errorhandling.rst
	docs/extensiondev.rst
	docs/patterns/appfactories.rst
	docs/patterns/distribute.rst
	docs/patterns/wtforms.rst
	docs/quickstart.rst
	docs/server.rst
	docs/shell.rst
	docs/tutorial/dbcon.rst
	docs/tutorial/dbinit.rst
	docs/tutorial/setup.rst
	docs/upgrading.rst
[flask] 18/72 e2cb8d2 2011-09-30
Checkout failed: flask e2cb8d2
error: Your local changes to the following files would be overwritten by checkout:
	CHANGES
	CONTRIBUTING.rst
	Makefile
	docs/api.rst
	docs/cli.rst
	docs/conf.py
	docs/config.rst
	docs/deploying/wsgi-standalone.rst
	docs/errorhandling.rst
	docs/extensiondev.rst
	docs/patterns/appfactories.rst
	docs/patterns/distribute.rst
	docs/patterns/wtforms.rst
	docs/quickstart.rst
	docs/server.rst
	docs/shell.rst
	docs/tutorial/dbcon.rst
	docs/tutorial/dbinit.rst
	docs/tutorial/setup.rst
	docs/upgrading.rst
[flask] 19/72 46e7bc7 2011-10-24
Checkout failed: flask 46e7bc7
error: Your local changes to the following files would be overwritten by checkout:
	CHANGES
	CONTRIBUTING.rst
	Makefile
	docs/api.rst
	docs/cli.rst
	docs/conf.py
	docs/config.rst
	docs/deploying/wsgi-standalone.rst
	docs/errorhandling.rst
	docs/extensiondev.rst
	docs/patterns/appfactories.rst
	docs/patterns/distribute.rst
	docs/patterns/wtforms.rst
	docs/quickstart.rst
	docs/server.rst
	docs/shell.rst
	docs/tutorial/dbcon.rst
	docs/tutorial/dbinit.rst
	docs/tutorial/setup.rst
	docs/upgrading.rst
[flask] 20/72 9469260 2011-11-02
Checkout failed: flask 9469260
error: Your local changes to the following files would be overwritten by checkout:
	CHANGES
	CONTRIBUTING.rst
	Makefile
	docs/api.rst
	docs/cli.rst
	docs/conf.py
	docs/config.rst
	docs/deploying/wsgi-standalone.rst
	docs/errorhandling.rst
	docs/extensiondev.rst
	docs/patterns/appfactories.rst
	docs/patterns/distribute.rst
	docs/patterns/wtforms.rst
	docs/quickstart.rst
	docs/server.rst
	docs/shell.rst
	docs/tutorial/dbcon.rst
	docs/tutorial/dbinit.rst
	docs/tutorial/setup.rst
	docs/upgrading.rst
[flask] 21/72 d18868b 2011-12-08
Checkout failed: flask d18868b
error: Your local changes to the following files would be overwritten by checkout:
	CHANGES
	CONTRIBUTING.rst
	Makefile
	docs/api.rst
	docs/cli.rst
	docs/conf.py
	docs/config.rst
	docs/deploying/wsgi-standalone.rst
	docs/errorhandling.rst
	docs/extensiondev.rst
	docs/patterns/appfactories.rst
	docs/patterns/distribute.rst
	docs/patterns/wtforms.rst
	docs/quickstart.rst
	docs/server.rst
	docs/shell.rst
	docs/tutorial/dbcon.rst
	docs/tutorial/dbinit.rst
	docs/tutorial/setup.rst
	docs/upgrading.rst
[flask] 22/72 cb24646 2012-01-17
Checkout failed: flask cb24646
error: Your local changes to the following files would be overwritten by checkout:
	CHANGES
	CONTRIBUTING.rst
	Makefile
	docs/api.rst
	docs/cli.rst
	docs/conf.py
	docs/config.rst
	docs/deploying/wsgi-standalone.rst
	docs/errorhandling.rst
	docs/extensiondev.rst
	docs/patterns/appfactories.rst
	docs/patterns/distribute.rst
	docs/patterns/wtforms.rst
	docs/quickstart.rst
	docs/server.rst
	docs/shell.rst
	docs/tutorial/dbcon.rst
	docs/tutorial/dbinit.rst
	docs/tutorial/setup.rst
	docs/upgrading.rst
[flask] 23/72 b9f4e0b 2012-02-26
Checkout failed: flask b9f4e0b
error: Your local changes to the following files would be overwritten by checkout:
	CHANGES
	CONTRIBUTING.rst
	Makefile
	docs/api.rst
	docs/cli.rst
	docs/conf.py
	docs/config.rst
	docs/deploying/wsgi-standalone.rst
	docs/errorhandling.rst
	docs/extensiondev.rst
	docs/patterns/appfactories.rst
	docs/patterns/distribute.rst
	docs/patterns/wtforms.rst
	docs/quickstart.rst
	docs/server.rst
	docs/shell.rst
	docs/tutorial/dbcon.rst
	docs/tutorial/dbinit.rst
	docs/tutorial/setup.rst
	docs/upgrading.rst
[flask] 24/72 c269841 2012-03-31
Checkout failed: flask c269841
error: Your local changes to the following files would be overwritten by checkout:
	CHANGES
	CONTRIBUTING.rst
	Makefile
	docs/api.rst
	docs/cli.rst
	docs/conf.py
	docs/config.rst
	docs/deploying/wsgi-standalone.rst
	docs/errorhandling.rst
	docs/extensiondev.rst
	docs/patterns/appfactories.rst
	docs/patterns/distribute.rst
	docs/patterns/wtforms.rst
	docs/quickstart.rst
	docs/server.rst
	docs/shell.rst
	docs/tutorial/dbcon.rst
	docs/tutorial/dbinit.rst
	docs/tutorial/setup.rst
	docs/upgrading.rst
[flask] 25/72 12dcba8 2012-04-24
Checkout failed: flask 12dcba8
error: Your local changes to the following files would be overwritten by checkout:
	CHANGES
	CONTRIBUTING.rst
	Makefile
	docs/api.rst
	docs/cli.rst
	docs/conf.py
	docs/config.rst
	docs/deploying/wsgi-standalone.rst
	docs/errorhandling.rst
	docs/extensiondev.rst
	docs/patterns/appfactories.rst
	docs/patterns/distribute.rst
	docs/patterns/wtforms.rst
	docs/quickstart.rst
	docs/server.rst
	docs/shell.rst
	docs/tutorial/dbcon.rst
	docs/tutorial/dbinit.rst
	docs/tutorial/setup.rst
	docs/upgrading.rst
[flask] 26/72 99aaacb 2012-05-30
Checkout failed: flask 99aaacb
error: Your local changes to the following files would be overwritten by checkout:
	CHANGES
	CONTRIBUTING.rst
	Makefile
	docs/api.rst
	docs/cli.rst
	docs/conf.py
	docs/config.rst
	docs/deploying/wsgi-standalone.rst
	docs/errorhandling.rst
	docs/extensiondev.rst
	docs/patterns/appfactories.rst
	docs/patterns/distribute.rst
	docs/patterns/wtforms.rst
	docs/quickstart.rst
	docs/server.rst
	docs/shell.rst
	docs/tutorial/dbcon.rst
	docs/tutorial/dbinit.rst
	docs/tutorial/setup.rst
	docs/upgrading.rst
[flask] 27/72 d521899 2012-06-27
Checkout failed: flask d521899
error: Your local changes to the following files would be overwritten by checkout:
	CHANGES
	CONTRIBUTING.rst
	Makefile
	docs/api.rst
	docs/cli.rst
	docs/conf.py
	docs/config.rst
	docs/deploying/wsgi-standalone.rst
	docs/errorhandling.rst
	docs/extensiondev.rst
	docs/patterns/appfactories.rst
	docs/patterns/distribute.rst
	docs/patterns/wtforms.rst
	docs/quickstart.rst
	docs/server.rst
	docs/shell.rst
	docs/tutorial/dbcon.rst
	docs/tutorial/dbinit.rst
	docs/tutorial/setup.rst
	docs/upgrading.rst
[flask] 28/72 50dc240 2012-07-26
Checkout failed: flask 50dc240
error: Your local changes to the following files would be overwritten by checkout:
	CHANGES
	CONTRIBUTING.rst
	Makefile
	docs/api.rst
	docs/cli.rst
	docs/conf.py
	docs/config.rst
	docs/deploying/wsgi-standalone.rst
	docs/errorhandling.rst
	docs/extensiondev.rst
	docs/patterns/appfactories.rst
	docs/patterns/distribute.rst
	docs/patterns/wtforms.rst
	docs/quickstart.rst
	docs/server.rst
	docs/shell.rst
	docs/tutorial/dbcon.rst
	docs/tutorial/dbinit.rst
	docs/tutorial/setup.rst
	docs/upgrading.rst
[flask] 29/72 8d330a3 2012-08-29
Checkout failed: flask 8d330a3
error: Your local changes to the following files would be overwritten by checkout:
	CHANGES
	CONTRIBUTING.rst
	Makefile
	docs/api.rst
	docs/cli.rst
	docs/conf.py
	docs/config.rst
	docs/deploying/wsgi-standalone.rst
	docs/errorhandling.rst
	docs/extensiondev.rst
	docs/patterns/appfactories.rst
	docs/patterns/distribute.rst
	docs/patterns/wtforms.rst
	docs/quickstart.rst
	docs/server.rst
	docs/shell.rst
	docs/tutorial/dbcon.rst
	docs/tutorial/dbinit.rst
	docs/tutorial/setup.rst
	docs/upgrading.rst
[flask] 30/72 ee76129 2012-09-22
Checkout failed: flask ee76129
error: Your local changes to the following files would be overwritten by checkout:
	CHANGES
	CONTRIBUTING.rst
	Makefile
	docs/api.rst
	docs/cli.rst
	docs/conf.py
	docs/config.rst
	docs/deploying/wsgi-standalone.rst
	docs/errorhandling.rst
	docs/extensiondev.rst
	docs/patterns/appfactories.rst
	docs/patterns/distribute.rst
	docs/patterns/wtforms.rst
	docs/quickstart.rst
	docs/server.rst
	docs/shell.rst
	docs/tutorial/dbcon.rst
	docs/tutorial/dbinit.rst
	docs/tutorial/setup.rst
	docs/upgrading.rst
[flask] 31/72 2b885ce 2012-10-30
Checkout failed: flask 2b885ce
error: Your local changes to the following files would be overwritten by checkout:
	CHANGES
	CONTRIBUTING.rst
	Makefile
	docs/api.rst
	docs/cli.rst
	docs/conf.py
	docs/config.rst
	docs/deploying/wsgi-standalone.rst
	docs/errorhandling.rst
	docs/extensiondev.rst
	docs/patterns/appfactories.rst
	docs/patterns/distribute.rst
	docs/patterns/wtforms.rst
	docs/quickstart.rst
	docs/server.rst
	docs/shell.rst
	docs/tutorial/dbcon.rst
	docs/tutorial/dbinit.rst
	docs/tutorial/setup.rst
	docs/upgrading.rst
[flask] 32/72 2b30900 2012-11-08
Checkout failed: flask 2b30900
error: Your local changes to the following files would be overwritten by checkout:
	CHANGES
	CONTRIBUTING.rst
	Makefile
	docs/api.rst
	docs/cli.rst
	docs/conf.py
	docs/config.rst
	docs/deploying/wsgi-standalone.rst
	docs/errorhandling.rst
	docs/extensiondev.rst
	docs/patterns/appfactories.rst
	docs/patterns/distribute.rst
	docs/patterns/wtforms.rst
	docs/quickstart.rst
	docs/server.rst
	docs/shell.rst
	docs/tutorial/dbcon.rst
	docs/tutorial/dbinit.rst
	docs/tutorial/setup.rst
	docs/upgrading.rst
[flask] 33/72 ff2e844 2012-12-31
Checkout failed: flask ff2e844
error: Your local changes to the following files would be overwritten by checkout:
	CHANGES
	CONTRIBUTING.rst
	Makefile
	docs/api.rst
	docs/cli.rst
	docs/conf.py
	docs/config.rst
	docs/deploying/wsgi-standalone.rst
	docs/errorhandling.rst
	docs/extensiondev.rst
	docs/patterns/appfactories.rst
	docs/patterns/distribute.rst
	docs/patterns/wtforms.rst
	docs/quickstart.rst
	docs/server.rst
	docs/shell.rst
	docs/tutorial/dbcon.rst
	docs/tutorial/dbinit.rst
	docs/tutorial/setup.rst
	docs/upgrading.rst
[flask] 34/72 bfeee75 2013-01-29
Checkout failed: flask bfeee75
error: Your local changes to the following files would be overwritten by checkout:
	CHANGES
	CONTRIBUTING.rst
	Makefile
	docs/api.rst
	docs/cli.rst
	docs/conf.py
	docs/config.rst
	docs/deploying/wsgi-standalone.rst
	docs/errorhandling.rst
	docs/extensiondev.rst
	docs/patterns/appfactories.rst
	docs/patterns/distribute.rst
	docs/patterns/wtforms.rst
	docs/quickstart.rst
	docs/server.rst
	docs/shell.rst
	docs/tutorial/dbcon.rst
	docs/tutorial/dbinit.rst
	docs/tutorial/setup.rst
	docs/upgrading.rst
[flask] 35/72 cc5d613 2013-02-28
Checkout failed: flask cc5d613
error: Your local changes to the following files would be overwritten by checkout:
	CHANGES
	CONTRIBUTING.rst
	Makefile
	docs/api.rst
	docs/cli.rst
	docs/conf.py
	docs/config.rst
	docs/deploying/wsgi-standalone.rst
	docs/errorhandling.rst
	docs/extensiondev.rst
	docs/patterns/appfactories.rst
	docs/patterns/distribute.rst
	docs/patterns/wtforms.rst
	docs/quickstart.rst
	docs/server.rst
	docs/shell.rst
	docs/tutorial/dbcon.rst
	docs/tutorial/dbinit.rst
	docs/tutorial/setup.rst
	docs/upgrading.rst
[flask] 36/72 0faed95 2013-03-21
Checkout failed: flask 0faed95
error: Your local changes to the following files would be overwritten by checkout:
	CHANGES
	CONTRIBUTING.rst
	Makefile
	docs/api.rst
	docs/cli.rst
	docs/conf.py
	docs/config.rst
	docs/deploying/wsgi-standalone.rst
	docs/errorhandling.rst
	docs/extensiondev.rst
	docs/patterns/appfactories.rst
	docs/patterns/distribute.rst
	docs/patterns/wtforms.rst
	docs/quickstart.rst
	docs/server.rst
	docs/shell.rst
	docs/tutorial/dbcon.rst
	docs/tutorial/dbinit.rst
	docs/tutorial/setup.rst
	docs/upgrading.rst
[flask] 37/72 1358fd9 2013-04-24
Checkout failed: flask 1358fd9
error: Your local changes to the following files would be overwritten by checkout:
	CHANGES
	CONTRIBUTING.rst
	Makefile
	docs/api.rst
	docs/cli.rst
	docs/conf.py
	docs/config.rst
	docs/deploying/wsgi-standalone.rst
	docs/errorhandling.rst
	docs/extensiondev.rst
	docs/patterns/appfactories.rst
	docs/patterns/distribute.rst
	docs/patterns/wtforms.rst
	docs/quickstart.rst
	docs/server.rst
	docs/shell.rst
	docs/tutorial/dbcon.rst
	docs/tutorial/dbinit.rst
	docs/tutorial/setup.rst
	docs/upgrading.rst
[flask] 38/72 1c8c21a 2013-05-31
Checkout failed: flask 1c8c21a
error: Your local changes to the following files would be overwritten by checkout:
	CHANGES
	CONTRIBUTING.rst
	Makefile
	docs/api.rst
	docs/cli.rst
	docs/conf.py
	docs/config.rst
	docs/deploying/wsgi-standalone.rst
	docs/errorhandling.rst
	docs/extensiondev.rst
	docs/patterns/appfactories.rst
	docs/patterns/distribute.rst
	docs/patterns/wtforms.rst
	docs/quickstart.rst
	docs/server.rst
	docs/shell.rst
	docs/tutorial/dbcon.rst
	docs/tutorial/dbinit.rst
	docs/tutorial/setup.rst
	docs/upgrading.rst
[flask] 39/72 4028e23 2013-06-30
Checkout failed: flask 4028e23
error: Your local changes to the following files would be overwritten by checkout:
	CHANGES
	CONTRIBUTING.rst
	Makefile
	docs/api.rst
	docs/cli.rst
	docs/conf.py
	docs/config.rst
	docs/deploying/wsgi-standalone.rst
	docs/errorhandling.rst
	docs/extensiondev.rst
	docs/patterns/appfactories.rst
	docs/patterns/distribute.rst
	docs/patterns/wtforms.rst
	docs/quickstart.rst
	docs/server.rst
	docs/shell.rst
	docs/tutorial/dbcon.rst
	docs/tutorial/dbinit.rst
	docs/tutorial/setup.rst
	docs/upgrading.rst
[flask] 40/72 159ae3d 2013-07-31
Checkout failed: flask 159ae3d
error: Your local changes to the following files would be overwritten by checkout:
	CHANGES
	CONTRIBUTING.rst
	Makefile
	docs/api.rst
	docs/cli.rst
	docs/conf.py
	docs/config.rst
	docs/deploying/wsgi-standalone.rst
	docs/errorhandling.rst
	docs/extensiondev.rst
	docs/patterns/appfactories.rst
	docs/patterns/distribute.rst
	docs/patterns/wtforms.rst
	docs/quickstart.rst
	docs/server.rst
	docs/shell.rst
	docs/tutorial/dbcon.rst
	docs/tutorial/dbinit.rst
	docs/tutorial/setup.rst
	docs/upgrading.rst
[flask] 41/72 3d67736 2013-08-17
Checkout failed: flask 3d67736
error: Your local changes to the following files would be overwritten by checkout:
	CHANGES
	CONTRIBUTING.rst
	Makefile
	docs/api.rst
	docs/cli.rst
	docs/conf.py
	docs/config.rst
	docs/deploying/wsgi-standalone.rst
	docs/errorhandling.rst
	docs/extensiondev.rst
	docs/patterns/appfactories.rst
	docs/patterns/distribute.rst
	docs/patterns/wtforms.rst
	docs/quickstart.rst
	docs/server.rst
	docs/shell.rst
	docs/tutorial/dbcon.rst
	docs/tutorial/dbinit.rst
	docs/tutorial/setup.rst
	docs/upgrading.rst
[flask] 42/72 3e48500 2013-09-30
Checkout failed: flask 3e48500
error: Your local changes to the following files would be overwritten by checkout:
	CHANGES
	CONTRIBUTING.rst
	Makefile
	docs/api.rst
	docs/cli.rst
	docs/conf.py
	docs/config.rst
	docs/deploying/wsgi-standalone.rst
	docs/errorhandling.rst
	docs/extensiondev.rst
	docs/patterns/appfactories.rst
	docs/patterns/distribute.rst
	docs/patterns/wtforms.rst
	docs/quickstart.rst
	docs/server.rst
	docs/shell.rst
	docs/tutorial/dbcon.rst
	docs/tutorial/dbinit.rst
	docs/tutorial/setup.rst
	docs/upgrading.rst
[flask] 43/72 280d865 2013-10-04
Checkout failed: flask 280d865
error: Your local changes to the following files would be overwritten by checkout:
	CHANGES
	CONTRIBUTING.rst
	Makefile
	docs/api.rst
	docs/cli.rst
	docs/conf.py
	docs/config.rst
	docs/deploying/wsgi-standalone.rst
	docs/errorhandling.rst
	docs/extensiondev.rst
	docs/patterns/appfactories.rst
	docs/patterns/distribute.rst
	docs/patterns/wtforms.rst
	docs/quickstart.rst
	docs/server.rst
	docs/shell.rst
	docs/tutorial/dbcon.rst
	docs/tutorial/dbinit.rst
	docs/tutorial/setup.rst
	docs/upgrading.rst
[flask] 44/72 afd3c45 2013-11-09
Checkout failed: flask afd3c45
error: Your local changes to the following files would be overwritten by checkout:
	CHANGES
	CONTRIBUTING.rst
	Makefile
	docs/api.rst
	docs/cli.rst
	docs/conf.py
	docs/config.rst
	docs/deploying/wsgi-standalone.rst
	docs/errorhandling.rst
	docs/extensiondev.rst
	docs/patterns/appfactories.rst
	docs/patterns/distribute.rst
	docs/patterns/wtforms.rst
	docs/quickstart.rst
	docs/server.rst
	docs/shell.rst
	docs/tutorial/dbcon.rst
	docs/tutorial/dbinit.rst
	docs/tutorial/setup.rst
	docs/upgrading.rst
[flask] 45/72 dbc4096 2013-12-31
Checkout failed: flask dbc4096
error: Your local changes to the following files would be overwritten by checkout:
	CHANGES
	CONTRIBUTING.rst
	Makefile
	docs/api.rst
	docs/cli.rst
	docs/conf.py
	docs/config.rst
	docs/deploying/wsgi-standalone.rst
	docs/errorhandling.rst
	docs/extensiondev.rst
	docs/patterns/appfactories.rst
	docs/patterns/distribute.rst
	docs/patterns/wtforms.rst
	docs/quickstart.rst
	docs/server.rst
	docs/shell.rst
	docs/tutorial/dbcon.rst
	docs/tutorial/dbinit.rst
	docs/tutorial/setup.rst
	docs/upgrading.rst
[flask] 46/72 17a3056 2014-01-27
Checkout failed: flask 17a3056
error: Your local changes to the following files would be overwritten by checkout:
	CHANGES
	CONTRIBUTING.rst
	Makefile
	docs/api.rst
	docs/cli.rst
	docs/conf.py
	docs/config.rst
	docs/deploying/wsgi-standalone.rst
	docs/errorhandling.rst
	docs/extensiondev.rst
	docs/patterns/appfactories.rst
	docs/patterns/distribute.rst
	docs/patterns/wtforms.rst
	docs/quickstart.rst
	docs/server.rst
	docs/shell.rst
	docs/tutorial/dbcon.rst
	docs/tutorial/dbinit.rst
	docs/tutorial/setup.rst
	docs/upgrading.rst
[flask] 47/72 d43bfb2 2014-02-20
Checkout failed: flask d43bfb2
error: Your local changes to the following files would be overwritten by checkout:
	CHANGES
	CONTRIBUTING.rst
	Makefile
	docs/api.rst
	docs/cli.rst
	docs/conf.py
	docs/config.rst
	docs/deploying/wsgi-standalone.rst
	docs/errorhandling.rst
	docs/extensiondev.rst
	docs/patterns/appfactories.rst
	docs/patterns/distribute.rst
	docs/patterns/wtforms.rst
	docs/quickstart.rst
	docs/server.rst
	docs/shell.rst
	docs/tutorial/dbcon.rst
	docs/tutorial/dbinit.rst
	docs/tutorial/setup.rst
	docs/upgrading.rst
[flask] 48/72 44c025f 2014-03-13
Checkout failed: flask 44c025f
error: Your local changes to the following files would be overwritten by checkout:
	CHANGES
	CONTRIBUTING.rst
	Makefile
	docs/api.rst
	docs/cli.rst
	docs/conf.py
	docs/config.rst
	docs/deploying/wsgi-standalone.rst
	docs/errorhandling.rst
	docs/extensiondev.rst
	docs/patterns/appfactories.rst
	docs/patterns/distribute.rst
	docs/patterns/wtforms.rst
	docs/quickstart.rst
	docs/server.rst
	docs/shell.rst
	docs/tutorial/dbcon.rst
	docs/tutorial/dbinit.rst
	docs/tutorial/setup.rst
	docs/upgrading.rst
[flask] 49/72 44b0aeb 2014-04-29
Checkout failed: flask 44b0aeb
error: Your local changes to the following files would be overwritten by checkout:
	CHANGES
	CONTRIBUTING.rst
	Makefile
	docs/api.rst
	docs/cli.rst
	docs/conf.py
	docs/config.rst
	docs/deploying/wsgi-standalone.rst
	docs/errorhandling.rst
	docs/extensiondev.rst
	docs/patterns/appfactories.rst
	docs/patterns/distribute.rst
	docs/patterns/wtforms.rst
	docs/quickstart.rst
	docs/server.rst
	docs/shell.rst
	docs/tutorial/dbcon.rst
	docs/tutorial/dbinit.rst
	docs/tutorial/setup.rst
	docs/upgrading.rst
[flask] 50/72 76456dc 2014-05-30
Checkout failed: flask 76456dc
error: Your local changes to the following files would be overwritten by checkout:
	CHANGES
	CONTRIBUTING.rst
	Makefile
	docs/api.rst
	docs/cli.rst
	docs/conf.py
	docs/config.rst
	docs/deploying/wsgi-standalone.rst
	docs/errorhandling.rst
	docs/extensiondev.rst
	docs/patterns/appfactories.rst
	docs/patterns/distribute.rst
	docs/patterns/wtforms.rst
	docs/quickstart.rst
	docs/server.rst
	docs/shell.rst
	docs/tutorial/dbcon.rst
	docs/tutorial/dbinit.rst
	docs/tutorial/setup.rst
	docs/upgrading.rst
[flask] 51/72 0ce47a3 2014-06-30
Checkout failed: flask 0ce47a3
error: Your local changes to the following files would be overwritten by checkout:
	CHANGES
	CONTRIBUTING.rst
	Makefile
	docs/api.rst
	docs/cli.rst
	docs/conf.py
	docs/config.rst
	docs/deploying/wsgi-standalone.rst
	docs/errorhandling.rst
	docs/extensiondev.rst
	docs/patterns/appfactories.rst
	docs/patterns/distribute.rst
	docs/patterns/wtforms.rst
	docs/quickstart.rst
	docs/server.rst
	docs/shell.rst
	docs/tutorial/dbcon.rst
	docs/tutorial/dbinit.rst
	docs/tutorial/setup.rst
	docs/upgrading.rst
[flask] 52/72 1d55b89 2014-07-31
Checkout failed: flask 1d55b89
error: Your local changes to the following files would be overwritten by checkout:
	CHANGES
	CONTRIBUTING.rst
	Makefile
	docs/api.rst
	docs/cli.rst
	docs/conf.py
	docs/config.rst
	docs/deploying/wsgi-standalone.rst
	docs/errorhandling.rst
	docs/extensiondev.rst
	docs/patterns/appfactories.rst
	docs/patterns/distribute.rst
	docs/patterns/wtforms.rst
	docs/quickstart.rst
	docs/server.rst
	docs/shell.rst
	docs/tutorial/dbcon.rst
	docs/tutorial/dbinit.rst
	docs/tutorial/setup.rst
	docs/upgrading.rst
[flask] 53/72 b93ab41 2014-08-31
Checkout failed: flask b93ab41
error: Your local changes to the following files would be overwritten by checkout:
	CHANGES
	CONTRIBUTING.rst
	Makefile
	docs/api.rst
	docs/cli.rst
	docs/conf.py
	docs/config.rst
	docs/deploying/wsgi-standalone.rst
	docs/errorhandling.rst
	docs/extensiondev.rst
	docs/patterns/appfactories.rst
	docs/patterns/distribute.rst
	docs/patterns/wtforms.rst
	docs/quickstart.rst
	docs/server.rst
	docs/shell.rst
	docs/tutorial/dbcon.rst
	docs/tutorial/dbinit.rst
	docs/tutorial/setup.rst
	docs/upgrading.rst
[flask] 54/72 bbd9c2f 2014-09-19
Checkout failed: flask bbd9c2f
error: Your local changes to the following files would be overwritten by checkout:
	CHANGES
	CONTRIBUTING.rst
	Makefile
	docs/api.rst
	docs/cli.rst
	docs/conf.py
	docs/config.rst
	docs/deploying/wsgi-standalone.rst
	docs/errorhandling.rst
	docs/extensiondev.rst
	docs/patterns/appfactories.rst
	docs/patterns/distribute.rst
	docs/patterns/wtforms.rst
	docs/quickstart.rst
	docs/server.rst
	docs/shell.rst
	docs/tutorial/dbcon.rst
	docs/tutorial/dbinit.rst
	docs/tutorial/setup.rst
	docs/upgrading.rst
[flask] 55/72 76f3d6b 2014-10-30
Checkout failed: flask 76f3d6b
error: Your local changes to the following files would be overwritten by checkout:
	CHANGES
	CONTRIBUTING.rst
	Makefile
	docs/api.rst
	docs/cli.rst
	docs/conf.py
	docs/config.rst
	docs/deploying/wsgi-standalone.rst
	docs/errorhandling.rst
	docs/extensiondev.rst
	docs/patterns/appfactories.rst
	docs/patterns/distribute.rst
	docs/patterns/wtforms.rst
	docs/quickstart.rst
	docs/server.rst
	docs/shell.rst
	docs/tutorial/dbcon.rst
	docs/tutorial/dbinit.rst
	docs/tutorial/setup.rst
	docs/upgrading.rst
[flask] 56/72 d9402fc 2014-11-29
Checkout failed: flask d9402fc
error: Your local changes to the following files would be overwritten by checkout:
	CHANGES
	CONTRIBUTING.rst
	Makefile
	docs/api.rst
	docs/cli.rst
	docs/conf.py
	docs/config.rst
	docs/deploying/wsgi-standalone.rst
	docs/errorhandling.rst
	docs/extensiondev.rst
	docs/patterns/appfactories.rst
	docs/patterns/distribute.rst
	docs/patterns/wtforms.rst
	docs/quickstart.rst
	docs/server.rst
	docs/tutorial/dbcon.rst
	docs/tutorial/dbinit.rst
	docs/tutorial/setup.rst
	docs/upgrading.rst
	flask/__init__
[flask] 57/72 337a9d6 2014-12-11
Checkout failed: flask 337a9d6
error: Your local changes to the following files would be overwritten by checkout:
	CHANGES
	CONTRIBUTING.rst
	Makefile
	docs/api.rst
	docs/conf.py
	docs/config.rst
	docs/deploying/wsgi-standalone.rst
	docs/errorhandling.rst
	docs/extensiondev.rst
	docs/patterns/appfactories.rst
	docs/patterns/distribute.rst
	docs/patterns/wtforms.rst
	docs/quickstart.rst
	docs/server.rst
	docs/tutorial/dbcon.rst
	docs/tutorial/dbinit.rst
	docs/tutorial/setup.rst
	docs/upgrading.rst
	flask/__init__.py
	flask/app
[flask] 58/72 8c054f0 2015-01-03
Checkout failed: flask 8c054f0
error: Your local changes to the following files would be overwritten by checkout:
	CHANGES
	CONTRIBUTING.rst
	docs/api.rst
	docs/conf.py
	docs/config.rst
	docs/deploying/wsgi-standalone.rst
	docs/errorhandling.rst
	docs/extensiondev.rst
	docs/patterns/appfactories.rst
	docs/patterns/distribute.rst
	docs/patterns/wtforms.rst
	docs/quickstart.rst
	docs/tutorial/dbcon.rst
	docs/tutorial/dbinit.rst
	docs/upgrading.rst
	flask/__init__.py
	flask/app.py
	flask/blueprints.py
	flask/cli.py
Please commit
[flask] 59/72 5d3e7b7 2015-02-28
Checkout failed: flask 5d3e7b7
error: Your local changes to the following files would be overwritten by checkout:
	CHANGES
	CONTRIBUTING.rst
	Makefile
	docs/api.rst
	docs/conf.py
	docs/config.rst
	docs/deploying/wsgi-standalone.rst
	docs/errorhandling.rst
	docs/extensiondev.rst
	docs/patterns/appfactories.rst
	docs/patterns/distribute.rst
	docs/patterns/wtforms.rst
	docs/quickstart.rst
	docs/server.rst
	docs/tutorial/dbcon.rst
	docs/tutorial/dbinit.rst
	docs/upgrading.rst
	flask/__init__.py
	flask/app.py
	flask/blueprints.py

[flask] 60/72 883f82f 2015-03-30
Checkout failed: flask 883f82f
error: Your local changes to the following files would be overwritten by checkout:
	CHANGES
	CONTRIBUTING.rst
	docs/api.rst
	docs/conf.py
	docs/config.rst
	docs/deploying/wsgi-standalone.rst
	docs/errorhandling.rst
	docs/extensiondev.rst
	docs/patterns/appfactories.rst
	docs/patterns/distribute.rst
	docs/patterns/wtforms.rst
	docs/quickstart.rst
	docs/tutorial/dbcon.rst
	docs/tutorial/dbinit.rst
	docs/upgrading.rst
	flask/app.py
	flask/cli.py
Please commit your changes or stash them before you s
[flask] 61/72 5e12748 2015-04-07
Checkout failed: flask 5e12748
error: Your local changes to the following files would be overwritten by checkout:
	CHANGES
	CONTRIBUTING.rst
	docs/api.rst
	docs/conf.py
	docs/config.rst
	docs/deploying/wsgi-standalone.rst
	docs/errorhandling.rst
	docs/extensiondev.rst
	docs/patterns/appfactories.rst
	docs/patterns/distribute.rst
	docs/patterns/wtforms.rst
	docs/quickstart.rst
	docs/tutorial/dbcon.rst
	docs/tutorial/dbinit.rst
	docs/upgrading.rst
	flask/app.py
	flask/cli.py
Please commit your changes or stash them before you s
[flask] 62/72 0d19fa0 2015-05-31
Checkout failed: flask 0d19fa0
error: Your local changes to the following files would be overwritten by checkout:
	CHANGES
	CONTRIBUTING.rst
	docs/api.rst
	docs/conf.py
	docs/config.rst
	docs/deploying/wsgi-standalone.rst
	docs/errorhandling.rst
	docs/extensiondev.rst
	docs/patterns/appfactories.rst
	docs/patterns/distribute.rst
	docs/patterns/wtforms.rst
	docs/quickstart.rst
	docs/tutorial/dbcon.rst
	docs/tutorial/dbinit.rst
	docs/upgrading.rst
	flask/__init__.py
	flask/app.py
	flask/blueprints.py
	flask/cli.py
Please commit
[flask] 63/72 99c99c4 2015-06-30
Checkout failed: flask 99c99c4
error: Your local changes to the following files would be overwritten by checkout:
	CHANGES
	CONTRIBUTING.rst
	docs/api.rst
	docs/conf.py
	docs/config.rst
	docs/deploying/wsgi-standalone.rst
	docs/errorhandling.rst
	docs/extensiondev.rst
	docs/patterns/appfactories.rst
	docs/patterns/distribute.rst
	docs/patterns/wtforms.rst
	docs/quickstart.rst
	docs/tutorial/dbcon.rst
	docs/tutorial/dbinit.rst
	docs/upgrading.rst
	flask/app.py
	flask/cli.py
Please commit your changes or stash them before you s
[flask] 64/72 7f38674 2015-07-27
Checkout failed: flask 7f38674
error: Your local changes to the following files would be overwritten by checkout:
	CHANGES
	CONTRIBUTING.rst
	docs/api.rst
	docs/conf.py
	docs/config.rst
	docs/deploying/wsgi-standalone.rst
	docs/errorhandling.rst
	docs/extensiondev.rst
	docs/patterns/appfactories.rst
	docs/patterns/distribute.rst
	docs/patterns/wtforms.rst
	docs/quickstart.rst
	docs/tutorial/dbcon.rst
	docs/tutorial/dbinit.rst
	docs/upgrading.rst
	flask/app.py
	flask/cli.py
Please commit your changes or stash them before you s
[flask] 65/72 808bf6d 2015-08-27
Checkout failed: flask 808bf6d
error: Your local changes to the following files would be overwritten by checkout:
	CHANGES
	CONTRIBUTING.rst
	docs/api.rst
	docs/conf.py
	docs/config.rst
	docs/deploying/wsgi-standalone.rst
	docs/errorhandling.rst
	docs/extensiondev.rst
	docs/patterns/appfactories.rst
	docs/patterns/distribute.rst
	docs/patterns/wtforms.rst
	docs/quickstart.rst
	docs/tutorial/dbcon.rst
	docs/tutorial/dbinit.rst
	docs/upgrading.rst
	flask/app.py
	flask/cli.py
Please commit your changes or stash them before you s
[flask] 66/72 6e91498 2015-10-04
Checkout failed: flask 6e91498
error: Your local changes to the following files would be overwritten by checkout:
	CHANGES
	CONTRIBUTING.rst
	docs/api.rst
	docs/conf.py
	docs/config.rst
	docs/deploying/wsgi-standalone.rst
	docs/errorhandling.rst
	docs/extensiondev.rst
	docs/patterns/appfactories.rst
	docs/patterns/distribute.rst
	docs/patterns/wtforms.rst
	docs/quickstart.rst
	docs/tutorial/dbcon.rst
	docs/tutorial/dbinit.rst
	docs/upgrading.rst
	flask/app.py
	flask/cli.py
Please commit your changes or stash them before you s
[flask] 67/72 b0105f4 2015-11-28
Checkout failed: flask b0105f4
error: Your local changes to the following files would be overwritten by checkout:
	CHANGES
	CONTRIBUTING.rst
	docs/conf.py
	docs/config.rst
	docs/upgrading.rst
	flask/app.py
Please commit your changes or stash them before you switch branches.
Aborting

[flask] 68/72 daceb3e 2015-12-30
Checkout failed: flask daceb3e
error: Your local changes to the following files would be overwritten by checkout:
	CHANGES
	CONTRIBUTING.rst
	docs/api.rst
	docs/conf.py
	docs/config.rst
	docs/deploying/wsgi-standalone.rst
	docs/errorhandling.rst
	docs/extensiondev.rst
	docs/patterns/distribute.rst
	docs/patterns/wtforms.rst
	docs/quickstart.rst
	docs/tutorial/dbcon.rst
	docs/tutorial/dbinit.rst
	docs/upgrading.rst
	flask/app.py
	flask/cli.py
Please commit your changes or stash them before you switch branches.
Aborting

[flask] 69/72 e7367c9 2016-01-26
Checkout failed: flask e7367c9
error: Your local changes to the following files would be overwritten by checkout:
	CHANGES
	CONTRIBUTING.rst
	docs/api.rst
	docs/conf.py
	docs/config.rst
	docs/deploying/wsgi-standalone.rst
	docs/errorhandling.rst
	docs/extensiondev.rst
	docs/patterns/wtforms.rst
	docs/quickstart.rst
	docs/tutorial/dbcon.rst
	docs/tutorial/dbinit.rst
	docs/upgrading.rst
	flask/app.py
Please commit your changes or stash them before you switch branches.
Aborting

[flask] 70/72 39cb350 2016-02-19
Checkout failed: flask 39cb350
error: Your local changes to the following files would be overwritten by checkout:
	CHANGES
	CONTRIBUTING.rst
	docs/api.rst
	docs/conf.py
	docs/config.rst
	docs/errorhandling.rst
	docs/extensiondev.rst
	docs/patterns/wtforms.rst
	docs/quickstart.rst
	docs/tutorial/dbcon.rst
	docs/tutorial/dbinit.rst
	docs/upgrading.rst
	flask/app.py
Please commit your changes or stash them before you switch branches.
Aborting

[flask] 71/72 da0ebb9 2016-03-27
Checkout failed: flask da0ebb9
error: Your local changes to the following files would be overwritten by checkout:
	CHANGES
	CONTRIBUTING.rst
	docs/api.rst
	docs/conf.py
	docs/config.rst
	docs/errorhandling.rst
	docs/extensiondev.rst
	docs/quickstart.rst
	docs/tutorial/dbcon.rst
	docs/tutorial/dbinit.rst
	docs/upgrading.rst
	flask/app.py
Please commit your changes or stash them before you switch branches.
Aborting

[flask] 72/72 317d603 2016-04-11
Created DB snapshot: flask 317d603
Warning: could not restore a branch for flask
Saved CSV: /Users/chengbin/Developer/tech_debt/dashboard/analysis/complexity_results/flask_complexity.csv
Saved plot: /Users/chengbin/Developer/tech_debt/dashboard/analysis/complexity_plots/flask_complexity.png

Analyzing project: selenium
selenium: 1 monthly commits selected
[selenium] 1/1 29c4d9c 2004-11-03
Created DB snapshot: selenium 29c4d9c
Warning: could not restore a branch for selenium
Saved CSV: /Users/chengbin/Developer/tech_debt/dashboard/analysis/complexity_results/selenium_complexity.csv
Saved plot: /Users/chengbin/Developer/tech_debt/dashboard/analysis/complexity_plots/selenium_complexity.png

Analyzing project: marshmallow
marshmallow: 1 monthly commits selected
[marshmallow] 1/1 f1aa25b 2013-11-08
Created DB snapshot: marshmallow f1aa25b
Warning: could not restore a branch for marshmallow
Saved CSV: /Users/chengbin/Developer/tech_debt/dashboard/analysis/complexity_results/marshmallow_complexity.csv
Saved plot: /Users/chengbin/Developer/tech_debt/dashboard/analysis/complexity_plots/marshmallow_complexity.png

Analyzing project: ruff
ruff: 49 monthly commits selected
[ruff] 1/49 64df4eb 2022-08-31
Created DB snapshot: ruff 64df4eb
[ruff] 2/49 417764d 2022-09-30
Created DB snapshot: ruff 417764d
[ruff] 3/49 df6a48f 2022-10-31
Created DB snapshot: ruff df6a48f
[ruff] 4/49 f6b0a60 2022-11-30
Created DB snapshot: ruff f6b0a60
[ruff] 5/49 8fd0d8e 2022-12-31
Created DB snapshot: ruff 8fd0d8e
[ruff] 6/49 9eda286 2023-01-30
Created DB snapshot: ruff 9eda286
[ruff] 7/49 a032b66 2023-02-28
Created DB snapshot: ruff a032b66
[ruff] 8/49 2f90157 2023-03-31
Created DB snapshot: ruff 2f90157
[ruff] 9/49 8147313 2023-04-30
Created DB snapshot: ruff 8147313
[ruff] 10/49 46c3b3a 2023-05-31
Created DB snapshot: ruff 46c3b3a
[ruff] 11/49 f0ec9ec 2023-06-30
Created DB snapshot: ruff f0ec9ec
[ruff] 12/49 764d356 2023-07-31
Created DB snapshot: ruff 764d356
[ruff] 13/49 376d3ca 2023-08-31
Created DB snapshot: ruff 376d3ca
[ruff] 14/49 488ec54 2023-09-30
Started at: 2026-08-04 05:41:54.503404
Repository directory: /Users/chengbin/Developer/tech_debt/tech_debt_project/repos
Found 140 git repositories

Analyzing project: pytest-django
pytest-django: 142 monthly commits selected
[pytest-django] 1/142 982c685 2009-08-25
Updated DB snapshot: pytest-django 982c685
[pytest-django] 2/142 8feac55 2009-09-24
Updated DB snapshot: pytest-django 8feac55
[pytest-django] 3/142 bf0df78 2009-12-18
Updated DB snapshot: pytest-django bf0df78
[pytest-django] 4/142 fd1caca 2010-07-26
Updated DB snapshot: pytest-django fd1caca
[pytest-django] 5/142 93358c5 2010-08-27
Updated DB snapshot: pytest-django 93358c5
[pytest-django] 6/142 c2ab387 2010-09-22
Updated DB snapshot: pytest-django c2ab387
[pytest-django] 7/142 447fbf9 2011-06-10
Updated DB snapshot: pytest-django 447fbf9
[pytest-django] 8/142 54a993d 2012-03-27
Updated DB snapshot: pytest-django 54a993d
[pytest-django] 9/142 b009a1c 2012-04-30
Updated DB snapshot: pytest-django b009a1c
[pytest-django] 10/142 69b348b 2012-05-28
Updated DB snapshot: pytest-django 69b348b
[pytest-django] 11/142 cfa4006 2012-06-24
Updated DB snapshot: pytest-django cfa4006
[pytest-django] 12/142 b72cd6f 2012-07-08
Updated DB snapshot: pytest-django b72cd6f
[pytest-django] 13/142 154bc2d 2012-08-21
Updated DB snapshot: pytest-django 154bc2d
[pytest-django] 14/142 9003a79 2012-09-19
Updated DB snapshot: pytest-django 9003a79
[pytest-django] 15/142 8e6de8d 2012-11-29
Updated DB snapshot: pytest-django 8e6de8d
[pytest-django] 16/142 794bd23 2012-12-17
Updated DB snapshot: pytest-django 794bd23
[pytest-django] 17/142 1d461ca 2013-02-24
Updated DB snapshot: pytest-django 1d461ca
[pytest-django] 18/142 4e034b6 2013-03-28
Updated DB snapshot: pytest-django 4e034b6
[pytest-django] 19/142 11bbd62 2013-04-12
Updated DB snapshot: pytest-django 11bbd62
[pytest-django] 20/142 2804d00 2013-05-30
Updated DB snapshot: pytest-django 2804d00
[pytest-django] 21/142 5b52e66 2013-07-08
Updated DB snapshot: pytest-django 5b52e66
[pytest-django] 22/142 b58634e 2013-08-28
Updated DB snapshot: pytest-django b58634e
[pytest-django] 23/142 e6fbb03 2013-09-20
Updated DB snapshot: pytest-django e6fbb03
[pytest-django] 24/142 7e09b85 2013-11-30
Updated DB snapshot: pytest-django 7e09b85
[pytest-django] 25/142 7bc7bd3 2013-12-30
Updated DB snapshot: pytest-django 7bc7bd3
[pytest-django] 26/142 bad6ae5 2014-01-19
Created DB snapshot: ruff 488ec54
[ruff] 15/49 1642f4d 2023-10-31
Updated DB snapshot: pytest-django bad6ae5
[pytest-django] 27/142 318a04d 2014-02-27
Updated DB snapshot: pytest-django 318a04d
[pytest-django] 28/142 86e5325 2014-04-22
Updated DB snapshot: pytest-django 86e5325
[pytest-django] 29/142 00a1066 2014-05-17
Updated DB snapshot: pytest-django 00a1066
[pytest-django] 30/142 c197b23 2014-06-13
Updated DB snapshot: pytest-django c197b23
[pytest-django] 31/142 36cd3b4 2014-07-31
Updated DB snapshot: pytest-django 36cd3b4
[pytest-django] 32/142 03685d7 2014-08-31
Updated DB snapshot: pytest-django 03685d7
[pytest-django] 33/142 6a2c40e 2014-09-30
Updated DB snapshot: pytest-django 6a2c40e
[pytest-django] 34/142 d8f02c1 2014-10-01
Updated DB snapshot: pytest-django d8f02c1
[pytest-django] 35/142 8bb824c 2014-12-19
Updated DB snapshot: pytest-django 8bb824c
[pytest-django] 36/142 385a36a 2015-01-20
Updated DB snapshot: pytest-django 385a36a
[pytest-django] 37/142 0ec741b 2015-02-08
Updated DB snapshot: pytest-django 0ec741b
[pytest-django] 38/142 954081f 2015-03-22
Updated DB snapshot: pytest-django 954081f
[pytest-django] 39/142 24a114f 2015-04-27
Updated DB snapshot: pytest-django 24a114f
[pytest-django] 40/142 b48c02d 2015-05-16
Updated DB snapshot: pytest-django b48c02d
[pytest-django] 41/142 68bcfee 2015-06-12
Updated DB snapshot: pytest-django 68bcfee
[pytest-django] 42/142 3cd0d32 2015-07-26
Updated DB snapshot: pytest-django 3cd0d32
[pytest-django] 43/142 b9eb210 2015-08-09
Updated DB snapshot: pytest-django b9eb210
[pytest-django] 44/142 a5452b6 2015-09-15
Updated DB snapshot: pytest-django a5452b6
[pytest-django] 45/142 c69089a 2015-10-16
Updated DB snapshot: pytest-django c69089a
[pytest-django] 46/142 ee09d9b 2015-11-29
Updated DB snapshot: pytest-django ee09d9b
[pytest-django] 47/142 211495b 2015-12-05
Updated DB snapshot: pytest-django 211495b
[pytest-django] 48/142 3529fea 2016-02-24
Updated DB snapshot: pytest-django 3529fea
[pytest-django] 49/142 4ef4a94 2016-05-26
Updated DB snapshot: pytest-django 4ef4a94
[pytest-django] 50/142 def2882 2016-06-26
Updated DB snapshot: pytest-django def2882
[pytest-django] 51/142 175de01 2016-07-28
Updated DB snapshot: pytest-django 175de01
[pytest-django] 52/142 f18a858 2016-08-24
Updated DB snapshot: pytest-django f18a858
[pytest-django] 53/142 3068be3 2016-10-26
Updated DB snapshot: pytest-django 3068be3
[pytest-django] 54/142 f2cb22a 2016-11-24
Updated DB snapshot: pytest-django f2cb22a
[pytest-django] 55/142 862066b 2016-12-21
Updated DB snapshot: pytest-django 862066b
[pytest-django] 56/142 d8a2bfc 2017-01-29
Updated DB snapshot: pytest-django d8a2bfc
[pytest-django] 57/142 25cbc3b 2017-02-22
Updated DB snapshot: pytest-django 25cbc3b
[pytest-django] 58/142 369e519 2017-03-17
Updated DB snapshot: pytest-django 369e519
[pytest-django] 59/142 c22b823 2017-05-29
Updated DB snapshot: pytest-django c22b823
[pytest-django] 60/142 192b634 2017-06-14
Updated DB snapshot: pytest-django 192b634
[pytest-django] 61/142 109cceb 2017-07-28
Updated DB snapshot: pytest-django 109cceb
[pytest-django] 62/142 af8daa0 2017-08-13
Updated DB snapshot: pytest-django af8daa0
[pytest-django] 63/142 d9b66a2 2017-09-20
Updated DB snapshot: pytest-django d9b66a2
[pytest-django] 64/142 8a27d22 2017-10-28
Updated DB snapshot: pytest-django 8a27d22
[pytest-django] 65/142 4145f73 2017-11-18
Updated DB snapshot: pytest-django 4145f73
[pytest-django] 66/142 f132019 2017-12-02
Updated DB snapshot: pytest-django f132019
[pytest-django] 67/142 927d6c1 2018-01-18
Updated DB snapshot: pytest-django 927d6c1
[pytest-django] 68/142 e0f59db 2018-02-05
Updated DB snapshot: pytest-django e0f59db
[pytest-django] 69/142 ee40819 2018-03-11
Updated DB snapshot: pytest-django ee40819
[pytest-django] 70/142 f1bc024 2018-04-16
Updated DB snapshot: pytest-django f1bc024
[pytest-django] 71/142 34f7060 2018-05-31
Updated DB snapshot: pytest-django 34f7060
[pytest-django] 72/142 04f117b 2018-06-28
Updated DB snapshot: pytest-django 04f117b
[pytest-django] 73/142 4d61618 2018-07-30
Updated DB snapshot: pytest-django 4d61618
[pytest-django] 74/142 7d5b2d9 2018-08-20
Updated DB snapshot: pytest-django 7d5b2d9
[pytest-django] 75/142 5000ff8 2018-09-17
Updated DB snapshot: pytest-django 5000ff8
[pytest-django] 76/142 4a356c1 2018-10-30
Updated DB snapshot: pytest-django 4a356c1
[pytest-django] 77/142 0e375ec 2018-11-28
Updated DB snapshot: pytest-django 0e375ec
[pytest-django] 78/142 82de481 2018-12-10
Updated DB snapshot: pytest-django 82de481
[pytest-django] 79/142 fe6ddb8 2019-01-22
Created DB snapshot: ruff 1642f4d
[ruff] 16/49 69dfe0a 2023-11-30
Updated DB snapshot: pytest-django fe6ddb8
[pytest-django] 80/142 f55c709 2019-02-26
Updated DB snapshot: pytest-django f55c709
[pytest-django] 81/142 5a79fba 2019-03-16
Updated DB snapshot: pytest-django 5a79fba
[pytest-django] 82/142 787bbec 2019-04-17
Updated DB snapshot: pytest-django 787bbec
[pytest-django] 83/142 7553d4b 2019-05-30
Updated DB snapshot: pytest-django 7553d4b
[pytest-django] 84/142 42763cf 2019-06-05
Updated DB snapshot: pytest-django 42763cf
[pytest-django] 85/142 d2973e2 2019-08-26
Updated DB snapshot: pytest-django d2973e2
[pytest-django] 86/142 ce5d5bc 2019-09-11
Updated DB snapshot: pytest-django ce5d5bc
[pytest-django] 87/142 9dcc8cf 2019-10-18
Updated DB snapshot: pytest-django 9dcc8cf
[pytest-django] 88/142 4b83be9 2019-11-09
Updated DB snapshot: pytest-django 4b83be9
[pytest-django] 89/142 00e7bee 2019-12-26
Updated DB snapshot: pytest-django 00e7bee
[pytest-django] 90/142 f725579 2020-01-23
Updated DB snapshot: pytest-django f725579
[pytest-django] 91/142 877cd71 2020-02-28
Updated DB snapshot: pytest-django 877cd71
[pytest-django] 92/142 ee7858a 2020-03-31
Updated DB snapshot: pytest-django ee7858a
[pytest-django] 93/142 503ef3e 2020-05-19
Updated DB snapshot: pytest-django 503ef3e
[pytest-django] 94/142 7474f9b 2020-08-25
Updated DB snapshot: pytest-django 7474f9b
[pytest-django] 95/142 07e7289 2020-09-14
Updated DB snapshot: pytest-django 07e7289
[pytest-django] 96/142 bd2ae62 2020-10-26
Updated DB snapshot: pytest-django bd2ae62
[pytest-django] 97/142 5cc98c1 2020-12-26
Updated DB snapshot: pytest-django 5cc98c1
[pytest-django] 98/142 59fdb49 2021-01-14
Updated DB snapshot: pytest-django 59fdb49
[pytest-django] 99/142 3b42c4a 2021-03-16
Updated DB snapshot: pytest-django 3b42c4a
[pytest-django] 100/142 45087ec 2021-04-10
Updated DB snapshot: pytest-django 45087ec
[pytest-django] 101/142 b90fea5 2021-05-24
Updated DB snapshot: pytest-django b90fea5
[pytest-django] 102/142 cf6b229 2021-06-06
Updated DB snapshot: pytest-django cf6b229
[pytest-django] 103/142 924c132 2021-08-31
Updated DB snapshot: pytest-django 924c132
[pytest-django] 104/142 2bba6eb 2021-09-29
Updated DB snapshot: pytest-django 2bba6eb
[pytest-django] 105/142 4e125e1 2021-10-17
Updated DB snapshot: pytest-django 4e125e1
[pytest-django] 106/142 1ad013e 2021-11-23
Updated DB snapshot: pytest-django 1ad013e
[pytest-django] 107/142 ed77ef2 2021-12-27
Updated DB snapshot: pytest-django ed77ef2
[pytest-django] 108/142 24bb554 2022-02-28
Updated DB snapshot: pytest-django 24bb554
[pytest-django] 109/142 f27c6aa 2022-03-14
Updated DB snapshot: pytest-django f27c6aa
[pytest-django] 110/142 fba5153 2022-04-04
Updated DB snapshot: pytest-django fba5153
[pytest-django] 111/142 7f8daa9 2022-05-25
Updated DB snapshot: pytest-django 7f8daa9
[pytest-django] 112/142 9c64b44 2022-08-25
Updated DB snapshot: pytest-django 9c64b44
[pytest-django] 113/142 a4ea66d 2022-10-05
Updated DB snapshot: pytest-django a4ea66d
[pytest-django] 114/142 42b7db2 2022-11-08
Updated DB snapshot: pytest-django 42b7db2
[pytest-django] 115/142 d9b9356 2023-01-16
Updated DB snapshot: pytest-django d9b9356
[pytest-django] 116/142 5337357 2023-04-05
Updated DB snapshot: pytest-django 5337357
[pytest-django] 117/142 f68f888 2023-09-29
Updated DB snapshot: pytest-django f68f888
[pytest-django] 118/142 a703c8f 2023-10-30
Updated DB snapshot: pytest-django a703c8f
[pytest-django] 119/142 72080ad 2023-11-11
Updated DB snapshot: pytest-django 72080ad
[pytest-django] 120/142 7c04917 2023-12-22
Updated DB snapshot: pytest-django 7c04917
[pytest-django] 121/142 11f613d 2024-01-30
Updated DB snapshot: pytest-django 11f613d
[pytest-django] 122/142 5bf88be 2024-06-04
Updated DB snapshot: pytest-django 5bf88be
[pytest-django] 123/142 d18a71b 2024-07-09
Updated DB snapshot: pytest-django d18a71b
[pytest-django] 124/142 1ffc323 2024-09-28
Updated DB snapshot: pytest-django 1ffc323
[pytest-django] 125/142 d8dc3d9 2025-02-10
Updated DB snapshot: pytest-django d8dc3d9
[pytest-django] 126/142 8000db0 2025-03-31
Updated DB snapshot: pytest-django 8000db0
[pytest-django] 127/142 f19da08 2025-04-28
Updated DB snapshot: pytest-django f19da08
[pytest-django] 128/142 7c99f33 2025-05-26
Updated DB snapshot: pytest-django 7c99f33
[pytest-django] 129/142 d07a967 2025-06-09
Updated DB snapshot: pytest-django d07a967
[pytest-django] 130/142 ba335ce 2025-07-24
Updated DB snapshot: pytest-django ba335ce
[pytest-django] 131/142 e495504 2025-08-15
Updated DB snapshot: pytest-django e495504
[pytest-django] 132/142 ef9fef6 2025-09-02
Updated DB snapshot: pytest-django ef9fef6
[pytest-django] 133/142 72b13b5 2025-10-14
Created DB snapshot: ruff 69dfe0a
[ruff] 17/49 1f9353f 2023-12-31
Updated DB snapshot: pytest-django 72b13b5
[pytest-django] 134/142 3f550d9 2025-11-01
Updated DB snapshot: pytest-django 3f550d9
[pytest-django] 135/142 92858ee 2025-12-01
Updated DB snapshot: pytest-django 92858ee
[pytest-django] 136/142 39c8dcc 2026-01-19
Updated DB snapshot: pytest-django 39c8dcc
[pytest-django] 137/142 3955b18 2026-02-26
Updated DB snapshot: pytest-django 3955b18
[pytest-django] 138/142 42d9d22 2026-03-01
Updated DB snapshot: pytest-django 42d9d22
[pytest-django] 139/142 81290fb 2026-04-14
Updated DB snapshot: pytest-django 81290fb
[pytest-django] 140/142 9d6570a 2026-07-30
Updated DB snapshot: pytest-django 9d6570a
[pytest-django] 141/142 44143cb 2026-08-03
Updated DB snapshot: pytest-django 44143cb
[pytest-django] 142/142 cc80fd4 2026-06-01
Updated DB snapshot: pytest-django cc80fd4
Saved CSV: /Users/chengbin/Developer/tech_debt/dashboard/analysis/complexity_results/pytest-django_complexity.csv
Saved plot: /Users/chengbin/Developer/tech_debt/dashboard/analysis/complexity_plots/pytest-django_complexity.png

Analyzing project: paramiko
paramiko: 213 monthly commits selected
[paramiko] 1/213 11815d4 2003-11-10
Updated DB snapshot: paramiko 11815d4
[paramiko] 2/213 3a8887a 2003-12-31
Updated DB snapshot: paramiko 3a8887a
[paramiko] 3/213 d599570 2004-01-27
Updated DB snapshot: paramiko d599570
[paramiko] 4/213 f8a3a62 2004-03-16
Updated DB snapshot: paramiko f8a3a62
[paramiko] 5/213 4d774d6 2004-04-23
Updated DB snapshot: paramiko 4d774d6
[paramiko] 6/213 9baa2b3 2004-05-31
Updated DB snapshot: paramiko 9baa2b3
[paramiko] 7/213 c6a61c2 2004-06-27
Updated DB snapshot: paramiko c6a61c2
[paramiko] 8/213 440b3de 2004-08-31
Updated DB snapshot: paramiko 440b3de
[paramiko] 9/213 e163918 2004-09-25
Updated DB snapshot: paramiko e163918
[paramiko] 10/213 a73413c 2004-10-23
Updated DB snapshot: paramiko a73413c
[paramiko] 11/213 ed8b376 2004-11-26
Updated DB snapshot: paramiko ed8b376
[paramiko] 12/213 811f2bf 2004-12-19
Updated DB snapshot: paramiko 811f2bf
[paramiko] 13/213 c1ed20c 2005-01-25
Updated DB snapshot: paramiko c1ed20c
[paramiko] 14/213 fead211 2005-02-28
Updated DB snapshot: paramiko fead211
[paramiko] 15/213 5d8d193 2005-03-26
Updated DB snapshot: paramiko 5d8d193
[paramiko] 16/213 2f2d7bd 2005-04-30
Updated DB snapshot: paramiko 2f2d7bd
[paramiko] 17/213 b1a0d8a 2005-05-21
Updated DB snapshot: paramiko b1a0d8a
[paramiko] 18/213 401e37f 2005-06-28
Updated DB snapshot: paramiko 401e37f
[paramiko] 19/213 5a5cd20 2005-07-18
Updated DB snapshot: paramiko 5a5cd20
[paramiko] 20/213 01ca23c 2005-08-17
Updated DB snapshot: paramiko 01ca23c
[paramiko] 21/213 f2ec841 2005-09-27
Updated DB snapshot: paramiko f2ec841
[paramiko] 22/213 42867de 2005-10-31
Updated DB snapshot: paramiko 42867de
[paramiko] 23/213 76eafef 2005-11-25
Updated DB snapshot: paramiko 76eafef
[paramiko] 24/213 26397bf 2005-12-16
Updated DB snapshot: paramiko 26397bf
[paramiko] 25/213 c091dff 2006-01-30
Updated DB snapshot: paramiko c091dff
[paramiko] 26/213 90a577c 2006-02-27
Updated DB snapshot: paramiko 90a577c
[paramiko] 27/213 d7b28ac 2006-03-26
Updated DB snapshot: paramiko d7b28ac
[paramiko] 28/213 57bc672 2006-04-29
Updated DB snapshot: paramiko 57bc672
[paramiko] 29/213 1726162 2006-05-30
Created DB snapshot: ruff 1f9353f
[ruff] 18/49 85a7edc 2024-01-30
Updated DB snapshot: paramiko 1726162
[paramiko] 30/213 9c8a06b 2006-06-27
Updated DB snapshot: paramiko 9c8a06b
[paramiko] 31/213 157484f 2006-07-31
Updated DB snapshot: paramiko 157484f
[paramiko] 32/213 1f4a3f1 2006-08-29
Updated DB snapshot: paramiko 1f4a3f1
[paramiko] 33/213 93ab477 2006-09-30
Updated DB snapshot: paramiko 93ab477
[paramiko] 34/213 482d0bc 2006-10-31
Updated DB snapshot: paramiko 482d0bc
[paramiko] 35/213 aaa97d7 2006-11-27
Updated DB snapshot: paramiko aaa97d7
[paramiko] 36/213 c1e3e85 2006-12-27
Updated DB snapshot: paramiko c1e3e85
[paramiko] 37/213 21a42f5 2007-01-22
Updated DB snapshot: paramiko 21a42f5
[paramiko] 38/213 6b71c64 2007-02-18
Updated DB snapshot: paramiko 6b71c64
[paramiko] 39/213 920b172 2007-03-26
Updated DB snapshot: paramiko 920b172
[paramiko] 40/213 946e4db 2007-05-20
Updated DB snapshot: paramiko 946e4db
[paramiko] 41/213 39b45b4 2007-06-10
Updated DB snapshot: paramiko 39b45b4
[paramiko] 42/213 2cf5448 2007-08-31
Updated DB snapshot: paramiko 2cf5448
[paramiko] 43/213 80b9e28 2007-09-23
Updated DB snapshot: paramiko 80b9e28
[paramiko] 44/213 758c18a 2007-10-28
Updated DB snapshot: paramiko 758c18a
[paramiko] 45/213 92e92a9 2007-11-20
Updated DB snapshot: paramiko 92e92a9
[paramiko] 46/213 ba1fd0d 2007-12-30
Updated DB snapshot: paramiko ba1fd0d
[paramiko] 47/213 888aa8d 2008-01-23
Updated DB snapshot: paramiko 888aa8d
[paramiko] 48/213 4f52c13 2008-02-19
Updated DB snapshot: paramiko 4f52c13
[paramiko] 49/213 c52b11b 2008-03-23
Updated DB snapshot: paramiko c52b11b
[paramiko] 50/213 e47e203 2008-05-18
Updated DB snapshot: paramiko e47e203
[paramiko] 51/213 305f5e0 2008-06-03
Updated DB snapshot: paramiko 305f5e0
[paramiko] 52/213 2fda984 2008-07-06
Updated DB snapshot: paramiko 2fda984
[paramiko] 53/213 74b581c 2009-02-17
Updated DB snapshot: paramiko 74b581c
[paramiko] 54/213 044814b 2009-04-18
Updated DB snapshot: paramiko 044814b
[paramiko] 55/213 adb349b 2009-05-10
Updated DB snapshot: paramiko adb349b
[paramiko] 56/213 7da1f2c 2009-07-19
Updated DB snapshot: paramiko 7da1f2c
[paramiko] 57/213 a60c69c 2009-10-31
Updated DB snapshot: paramiko a60c69c
[paramiko] 58/213 cb913d5 2009-11-01
Created DB snapshot: ruff 85a7edc
[ruff] 19/49 c9931a5 2024-02-29
Updated DB snapshot: paramiko cb913d5
[paramiko] 59/213 b4ee844 2009-12-18
Updated DB snapshot: paramiko b4ee844
[paramiko] 60/213 e2add90 2010-04-25
Updated DB snapshot: paramiko e2add90
[paramiko] 61/213 213ab2c 2010-05-13
Updated DB snapshot: paramiko 213ab2c
[paramiko] 62/213 044e702 2010-08-03
Updated DB snapshot: paramiko 044e702
[paramiko] 63/213 d3162ac 2010-11-20
Updated DB snapshot: paramiko d3162ac
[paramiko] 64/213 33fd998 2011-02-01
Updated DB snapshot: paramiko 33fd998
[paramiko] 65/213 7bcbc24 2011-05-23
Updated DB snapshot: paramiko 7bcbc24
[paramiko] 66/213 27b800b 2011-08-12
Updated DB snapshot: paramiko 27b800b
[paramiko] 67/213 ef9b251 2012-03-30
Updated DB snapshot: paramiko ef9b251
[paramiko] 68/213 d3dc9fc 2012-05-25
Updated DB snapshot: paramiko d3dc9fc
[paramiko] 69/213 a991b5d 2011-07-24
Updated DB snapshot: paramiko a991b5d
[paramiko] 70/213 25942db 2012-07-15
Updated DB snapshot: paramiko 25942db
[paramiko] 71/213 09488c6 2012-09-25
Updated DB snapshot: paramiko 09488c6
[paramiko] 72/213 c903245 2011-11-23
Updated DB snapshot: paramiko c903245
[paramiko] 73/213 2519e54 2012-01-17
Updated DB snapshot: paramiko 2519e54
[paramiko] 74/213 a05b770 2012-02-27
Updated DB snapshot: paramiko a05b770
[paramiko] 75/213 1a033dc 2012-04-19
Updated DB snapshot: paramiko 1a033dc
[paramiko] 76/213 7ead8d9 2012-08-13
Updated DB snapshot: paramiko 7ead8d9
[paramiko] 77/213 1b928df 2012-10-12
Updated DB snapshot: paramiko 1b928df
[paramiko] 78/213 c305691 2012-11-01
Updated DB snapshot: paramiko c305691
[paramiko] 79/213 9c0d467 2012-06-04
Updated DB snapshot: paramiko 9c0d467
[paramiko] 80/213 0cc6bb9 2012-12-02
Updated DB snapshot: paramiko 0cc6bb9
[paramiko] 81/213 2f1daad 2013-01-06
Updated DB snapshot: paramiko 2f1daad
[paramiko] 82/213 5e744d3 2013-02-20
Updated DB snapshot: paramiko 5e744d3
[paramiko] 83/213 8c7f120 2013-03-25
Updated DB snapshot: paramiko 8c7f120
[paramiko] 84/213 a733c42 2013-04-30
Updated DB snapshot: paramiko a733c42
[paramiko] 85/213 3399d51 2013-05-21
Updated DB snapshot: paramiko 3399d51
[paramiko] 86/213 0fea895 2013-06-24
Created DB snapshot: ruff c9931a5
[ruff] 20/49 f6b6f0d 2024-03-31
Updated DB snapshot: paramiko 0fea895
[paramiko] 87/213 8a83694 2013-07-16
Updated DB snapshot: paramiko 8a83694
[paramiko] 88/213 e6abab1 2013-08-01
Updated DB snapshot: paramiko e6abab1
[paramiko] 89/213 0063e64 2013-09-29
Updated DB snapshot: paramiko 0063e64
[paramiko] 90/213 d8738b1 2013-10-25
Updated DB snapshot: paramiko d8738b1
[paramiko] 91/213 aa30150 2013-11-19
Updated DB snapshot: paramiko aa30150
[paramiko] 92/213 dd3e203 2013-12-31
Updated DB snapshot: paramiko dd3e203
[paramiko] 93/213 59b7cc7 2014-01-22
Updated DB snapshot: paramiko 59b7cc7
[paramiko] 94/213 f92c519 2014-02-11
Updated DB snapshot: paramiko f92c519
[paramiko] 95/213 985c306 2011-10-15
Updated DB snapshot: paramiko 985c306
[paramiko] 96/213 337f443 2014-03-13
Updated DB snapshot: paramiko 337f443
[paramiko] 97/213 adaf8a2 2014-04-15
Updated DB snapshot: paramiko adaf8a2
[paramiko] 98/213 33aa107 2014-05-24
Updated DB snapshot: paramiko 33aa107
[paramiko] 99/213 1fa69c7 2014-06-19
Updated DB snapshot: paramiko 1fa69c7
[paramiko] 100/213 f6135f4 2014-07-26
Updated DB snapshot: paramiko f6135f4
[paramiko] 101/213 e55d9fb 2014-08-26
Updated DB snapshot: paramiko e55d9fb
[paramiko] 102/213 28c8be1 2014-09-21
Updated DB snapshot: paramiko 28c8be1
[paramiko] 103/213 1970abb 2014-10-16
Updated DB snapshot: paramiko 1970abb
[paramiko] 104/213 b2f45f9 2014-11-25
Updated DB snapshot: paramiko b2f45f9
[paramiko] 105/213 dae916f 2014-12-24
Updated DB snapshot: paramiko dae916f
[paramiko] 106/213 394e269 2015-01-30
Updated DB snapshot: paramiko 394e269
[paramiko] 107/213 a436b9f 2015-02-17
Updated DB snapshot: paramiko a436b9f
[paramiko] 108/213 669ecbd 2015-03-02
Updated DB snapshot: paramiko 669ecbd
[paramiko] 109/213 5441520 2015-04-29
Updated DB snapshot: paramiko 5441520
[paramiko] 110/213 e7808e1 2015-05-08
Updated DB snapshot: paramiko e7808e1
[paramiko] 111/213 dd9135b 2015-06-11
Updated DB snapshot: paramiko dd9135b
[paramiko] 112/213 aed3d8b 2015-07-21
Created DB snapshot: ruff f6b6f0d
[ruff] 21/49 414990c 2024-04-30
Updated DB snapshot: paramiko aed3d8b
[paramiko] 113/213 d678211 2015-08-24
Updated DB snapshot: paramiko d678211
[paramiko] 114/213 dfaa11a 2015-09-30
Updated DB snapshot: paramiko dfaa11a
[paramiko] 115/213 0683452 2015-10-12
Updated DB snapshot: paramiko 0683452
[paramiko] 116/213 918b41c 2015-11-10
Updated DB snapshot: paramiko 918b41c
[paramiko] 117/213 7b2931f 2015-12-03
Updated DB snapshot: paramiko 7b2931f
[paramiko] 118/213 4b02a9b 2016-01-28
Updated DB snapshot: paramiko 4b02a9b
[paramiko] 119/213 6685603 2016-02-07
Updated DB snapshot: paramiko 6685603
[paramiko] 120/213 a372819 2016-04-28
Updated DB snapshot: paramiko a372819
[paramiko] 121/213 c978a6b 2016-03-31
Updated DB snapshot: paramiko c978a6b
[paramiko] 122/213 286b456 2016-05-10
Updated DB snapshot: paramiko 286b456
[paramiko] 123/213 5dd6786 2016-06-09
Updated DB snapshot: paramiko 5dd6786
[paramiko] 124/213 c1ac40a 2016-07-20
Updated DB snapshot: paramiko c1ac40a
[paramiko] 125/213 7366f96 2016-09-21
Updated DB snapshot: paramiko 7366f96
[paramiko] 126/213 4a2747f 2016-11-30
Updated DB snapshot: paramiko 4a2747f
[paramiko] 127/213 a20936e 2016-12-10
Updated DB snapshot: paramiko a20936e
[paramiko] 128/213 32bfbe6 2016-08-27
Updated DB snapshot: paramiko 32bfbe6
[paramiko] 129/213 fc640ec 2016-10-06
Updated DB snapshot: paramiko fc640ec
[paramiko] 130/213 03e5803 2017-01-25
Updated DB snapshot: paramiko 03e5803
[paramiko] 131/213 4526052 2017-02-23
Updated DB snapshot: paramiko 4526052
[paramiko] 132/213 a11aaa2 2017-03-27
Created DB snapshot: ruff 414990c
[ruff] 22/49 99834ee 2024-05-31
Updated DB snapshot: paramiko a11aaa2
[paramiko] 133/213 15aa741 2017-04-03
Updated DB snapshot: paramiko 15aa741
[paramiko] 134/213 17231b9 2017-05-26
Updated DB snapshot: paramiko 17231b9
[paramiko] 135/213 854583d 2017-06-11
Updated DB snapshot: paramiko 854583d
[paramiko] 136/213 15fa5b8 2017-07-26
Updated DB snapshot: paramiko 15fa5b8
[paramiko] 137/213 ad5c0d1 2017-08-05
Updated DB snapshot: paramiko ad5c0d1
[paramiko] 138/213 327e973 2017-09-26
Updated DB snapshot: paramiko 327e973
[paramiko] 139/213 0871b93 2017-10-25
Updated DB snapshot: paramiko 0871b93
[paramiko] 140/213 7b92847 2017-11-20
Updated DB snapshot: paramiko 7b92847
[paramiko] 141/213 c43202d 2017-12-31
Updated DB snapshot: paramiko c43202d
[paramiko] 142/213 db358dc 2018-02-09
Updated DB snapshot: paramiko db358dc
[paramiko] 143/213 ab823cc 2018-03-23
Updated DB snapshot: paramiko ab823cc
[paramiko] 144/213 16d0d3a 2018-04-19
Updated DB snapshot: paramiko 16d0d3a
[paramiko] 145/213 174daa3 2018-05-29
Updated DB snapshot: paramiko 174daa3
[paramiko] 146/213 5309510 2018-06-14
Updated DB snapshot: paramiko 5309510
[paramiko] 147/213 6f0e7c5 2018-07-25
Updated DB snapshot: paramiko 6f0e7c5
[paramiko] 148/213 677166b 2018-08-22
Updated DB snapshot: paramiko 677166b
[paramiko] 149/213 92c5377 2018-09-19
Updated DB snapshot: paramiko 92c5377
[paramiko] 150/213 22693a1 2018-10-18
Updated DB snapshot: paramiko 22693a1
[paramiko] 151/213 79a6bbf 2018-11-27
Updated DB snapshot: paramiko 79a6bbf
[paramiko] 152/213 7a8298f 2018-12-15
Updated DB snapshot: paramiko 7a8298f
[paramiko] 153/213 cf7d49d 2019-01-03
Created DB snapshot: ruff 99834ee
[ruff] 23/49 85ede4a 2024-06-30
Updated DB snapshot: paramiko cf7d49d
[paramiko] 154/213 8b6694f 2019-02-05
Updated DB snapshot: paramiko 8b6694f
[paramiko] 155/213 3a28eed 2019-03-02
Updated DB snapshot: paramiko 3a28eed
[paramiko] 156/213 25de1a7 2019-04-25
Updated DB snapshot: paramiko 25de1a7
[paramiko] 157/213 0461162 2019-05-31
Updated DB snapshot: paramiko 0461162
[paramiko] 158/213 ccf48a1 2019-06-23
Updated DB snapshot: paramiko ccf48a1
[paramiko] 159/213 12e78ed 2019-07-08
Updated DB snapshot: paramiko 12e78ed
[paramiko] 160/213 4c4de25 2019-08-27
Updated DB snapshot: paramiko 4c4de25
[paramiko] 161/213 004462b 2019-09-30
Updated DB snapshot: paramiko 004462b
[paramiko] 162/213 4a95e1f 2019-10-08
Updated DB snapshot: paramiko 4a95e1f
[paramiko] 163/213 8019623 2019-12-09
Updated DB snapshot: paramiko 8019623
[paramiko] 164/213 c4d0b0e 2020-01-20
Updated DB snapshot: paramiko c4d0b0e
[paramiko] 165/213 81fb6f3 2020-08-30
Updated DB snapshot: paramiko 81fb6f3
[paramiko] 166/213 ad0ee51 2020-07-26
Updated DB snapshot: paramiko ad0ee51
[paramiko] 167/213 14c6c8e 2020-05-17
Updated DB snapshot: paramiko 14c6c8e
[paramiko] 168/213 5cf145f 2020-09-11
Updated DB snapshot: paramiko 5cf145f
[paramiko] 169/213 33daa8e 2021-02-12
Updated DB snapshot: paramiko 33daa8e
[paramiko] 170/213 f914e12 2021-04-30
Updated DB snapshot: paramiko f914e12
[paramiko] 171/213 ce2f459 2021-05-27
Updated DB snapshot: paramiko ce2f459
[paramiko] 172/213 e8cf0af 2021-06-19
Updated DB snapshot: paramiko e8cf0af
[paramiko] 173/213 a84c64f 2021-07-23
Updated DB snapshot: paramiko a84c64f
[paramiko] 174/213 232fcb3 2021-09-16
Created DB snapshot: ruff 85ede4a
[ruff] 24/49 a3e67ab 2024-07-31
Updated DB snapshot: paramiko 232fcb3
[paramiko] 175/213 2c574ea 2021-10-14
Updated DB snapshot: paramiko 2c574ea
[paramiko] 176/213 d3f0d01 2021-11-25
Updated DB snapshot: paramiko d3f0d01
[paramiko] 177/213 47cfed5 2021-12-02
Updated DB snapshot: paramiko 47cfed5
[paramiko] 178/213 4ef50df 2022-01-06
Updated DB snapshot: paramiko 4ef50df
[paramiko] 179/213 4c491e2 2022-02-25
Updated DB snapshot: paramiko 4c491e2
[paramiko] 180/213 32a3d33 2022-03-22
Updated DB snapshot: paramiko 32a3d33
[paramiko] 181/213 f6a6445 2021-03-04
Updated DB snapshot: paramiko f6a6445
[paramiko] 182/213 856a25b 2022-04-26
Updated DB snapshot: paramiko 856a25b
[paramiko] 183/213 9fddb6e 2022-05-17
Updated DB snapshot: paramiko 9fddb6e
[paramiko] 184/213 1824a27 2022-06-10
Updated DB snapshot: paramiko 1824a27
[paramiko] 185/213 dc2547d 2020-04-16
Updated DB snapshot: paramiko dc2547d
[paramiko] 186/213 bba5b4c 2022-09-27
Updated DB snapshot: paramiko bba5b4c
[paramiko] 187/213 4e7f7e8 2022-10-07
Updated DB snapshot: paramiko 4e7f7e8
[paramiko] 188/213 bbb8d57 2022-11-04
Updated DB snapshot: paramiko bbb8d57
[paramiko] 189/213 280e442 2023-01-24
Updated DB snapshot: paramiko 280e442
[paramiko] 190/213 e87d0c9 2023-02-24
Updated DB snapshot: paramiko e87d0c9
[paramiko] 191/213 08eb98d 2022-08-31
Updated DB snapshot: paramiko 08eb98d
[paramiko] 192/213 9a7ba15 2023-03-29
Updated DB snapshot: paramiko 9a7ba15
[paramiko] 193/213 6006598 2023-04-20
Updated DB snapshot: paramiko 6006598
[paramiko] 194/213 0a0efc1 2023-05-30
Created DB snapshot: ruff a3e67ab
[ruff] 25/49 3ceedf7 2024-08-30
Updated DB snapshot: paramiko 0a0efc1
[paramiko] 195/213 7c59a11 2023-06-27
Updated DB snapshot: paramiko 7c59a11
[paramiko] 196/213 d5117fc 2023-07-28
Updated DB snapshot: paramiko d5117fc
[paramiko] 197/213 e861c76 2023-08-30
Updated DB snapshot: paramiko e861c76
[paramiko] 198/213 6611773 2023-09-23
Updated DB snapshot: paramiko 6611773
[paramiko] 199/213 43980e7 2023-12-18
Updated DB snapshot: paramiko 43980e7
[paramiko] 200/213 7a8c0dc 2024-01-27
Updated DB snapshot: paramiko 7a8c0dc
[paramiko] 201/213 51eb55d 2024-02-10
Updated DB snapshot: paramiko 51eb55d
[paramiko] 202/213 5ca3df2 2024-07-22
Updated DB snapshot: paramiko 5ca3df2
[paramiko] 203/213 10115b7 2024-08-11
Updated DB snapshot: paramiko 10115b7
[paramiko] 204/213 23f9200 2024-09-15
Updated DB snapshot: paramiko 23f9200
[paramiko] 205/213 3acc790 2025-01-16
Updated DB snapshot: paramiko 3acc790
[paramiko] 206/213 ed8b097 2025-02-03
Updated DB snapshot: paramiko ed8b097
[paramiko] 207/213 2af0dd7 2025-07-20
Updated DB snapshot: paramiko 2af0dd7
[paramiko] 208/213 d9ab89a 2025-08-04
Updated DB snapshot: paramiko d9ab89a
[paramiko] 209/213 8697158 2025-10-19
Updated DB snapshot: paramiko 8697158
[paramiko] 210/213 eb87ad3 2026-02-28
Updated DB snapshot: paramiko eb87ad3
[paramiko] 211/213 f3864b6 2026-03-29
Updated DB snapshot: paramiko f3864b6
[paramiko] 212/213 ea93c59 2026-04-04
Updated DB snapshot: paramiko ea93c59
[paramiko] 213/213 d60d5c1 2026-05-09
Updated DB snapshot: paramiko d60d5c1
Saved CSV: /Users/chengbin/Developer/tech_debt/dashboard/analysis/complexity_results/paramiko_complexity.csv
Saved plot: /Users/chengbin/Developer/tech_debt/dashboard/analysis/complexity_plots/paramiko_complexity.png

Analyzing project: flask
flask: 72 monthly commits selected
[flask] 1/72 36717b0 2010-04-27
Checkout failed: flask 36717b0
error: Your local changes to the following files would be overwritten by checkout:
	CHANGES
	CONTRIBUTING.rst
	Makefile
	docs/api.rst
	docs/cli.rst
	docs/conf.py
	docs/config.rst
	docs/deploying/wsgi-standalone.rst
	docs/errorhandling.rst
	docs/extensiondev.rst
	docs/patterns/appfactories.rst
	docs/patterns/distribute.rst
	docs/patterns/wtforms.rst
	docs/quickstart.rst
	docs/server.rst
	docs/shell.rst
	docs/tutorial/dbcon.rst
	docs/tutorial/dbinit.rst
	docs/tutorial/setup.rst
	docs/upgrading.rst
[flask] 2/72 ee69fb5 2010-05-31
Checkout failed: flask ee69fb5
error: Your local changes to the following files would be overwritten by checkout:
	CHANGES
	CONTRIBUTING.rst
	Makefile
	docs/api.rst
	docs/cli.rst
	docs/conf.py
	docs/config.rst
	docs/deploying/wsgi-standalone.rst
	docs/errorhandling.rst
	docs/extensiondev.rst
	docs/patterns/appfactories.rst
	docs/patterns/distribute.rst
	docs/patterns/wtforms.rst
	docs/quickstart.rst
	docs/server.rst
	docs/shell.rst
	docs/tutorial/dbcon.rst
	docs/tutorial/dbinit.rst
	docs/tutorial/setup.rst
	docs/upgrading.rst
[flask] 3/72 f5d2d32 2010-06-30
Checkout failed: flask f5d2d32
error: Your local changes to the following files would be overwritten by checkout:
	CHANGES
	CONTRIBUTING.rst
	Makefile
	docs/api.rst
	docs/cli.rst
	docs/conf.py
	docs/config.rst
	docs/deploying/wsgi-standalone.rst
	docs/errorhandling.rst
	docs/extensiondev.rst
	docs/patterns/appfactories.rst
	docs/patterns/distribute.rst
	docs/patterns/wtforms.rst
	docs/quickstart.rst
	docs/server.rst
	docs/shell.rst
	docs/tutorial/dbcon.rst
	docs/tutorial/dbinit.rst
	docs/tutorial/setup.rst
	docs/upgrading.rst
[flask] 4/72 d09aa37 2010-07-30
Checkout failed: flask d09aa37
error: Your local changes to the following files would be overwritten by checkout:
	CHANGES
	CONTRIBUTING.rst
	Makefile
	docs/api.rst
	docs/cli.rst
	docs/conf.py
	docs/config.rst
	docs/deploying/wsgi-standalone.rst
	docs/errorhandling.rst
	docs/extensiondev.rst
	docs/patterns/appfactories.rst
	docs/patterns/distribute.rst
	docs/patterns/wtforms.rst
	docs/quickstart.rst
	docs/server.rst
	docs/shell.rst
	docs/tutorial/dbcon.rst
	docs/tutorial/dbinit.rst
	docs/tutorial/setup.rst
	docs/upgrading.rst
[flask] 5/72 6e3dd9b 2010-08-20
Checkout failed: flask 6e3dd9b
error: Your local changes to the following files would be overwritten by checkout:
	CHANGES
	CONTRIBUTING.rst
	Makefile
	docs/api.rst
	docs/cli.rst
	docs/conf.py
	docs/config.rst
	docs/deploying/wsgi-standalone.rst
	docs/errorhandling.rst
	docs/extensiondev.rst
	docs/patterns/appfactories.rst
	docs/patterns/distribute.rst
	docs/patterns/wtforms.rst
	docs/quickstart.rst
	docs/server.rst
	docs/shell.rst
	docs/tutorial/dbcon.rst
	docs/tutorial/dbinit.rst
	docs/tutorial/setup.rst
	docs/upgrading.rst
[flask] 6/72 1e4e578 2010-09-12
Checkout failed: flask 1e4e578
error: Your local changes to the following files would be overwritten by checkout:
	CHANGES
	CONTRIBUTING.rst
	Makefile
	docs/api.rst
	docs/cli.rst
	docs/conf.py
	docs/config.rst
	docs/deploying/wsgi-standalone.rst
	docs/errorhandling.rst
	docs/extensiondev.rst
	docs/patterns/appfactories.rst
	docs/patterns/distribute.rst
	docs/patterns/wtforms.rst
	docs/quickstart.rst
	docs/server.rst
	docs/shell.rst
	docs/tutorial/dbcon.rst
	docs/tutorial/dbinit.rst
	docs/tutorial/setup.rst
	docs/upgrading.rst
[flask] 7/72 4f1b086 2010-10-30
Checkout failed: flask 4f1b086
error: Your local changes to the following files would be overwritten by checkout:
	CHANGES
	CONTRIBUTING.rst
	Makefile
	docs/api.rst
	docs/cli.rst
	docs/conf.py
	docs/config.rst
	docs/deploying/wsgi-standalone.rst
	docs/errorhandling.rst
	docs/extensiondev.rst
	docs/patterns/appfactories.rst
	docs/patterns/distribute.rst
	docs/patterns/wtforms.rst
	docs/quickstart.rst
	docs/server.rst
	docs/shell.rst
	docs/tutorial/dbcon.rst
	docs/tutorial/dbinit.rst
	docs/tutorial/setup.rst
	docs/upgrading.rst
[flask] 8/72 09a06ab 2010-11-03
Checkout failed: flask 09a06ab
error: Your local changes to the following files would be overwritten by checkout:
	CHANGES
	CONTRIBUTING.rst
	Makefile
	docs/api.rst
	docs/cli.rst
	docs/conf.py
	docs/config.rst
	docs/deploying/wsgi-standalone.rst
	docs/errorhandling.rst
	docs/extensiondev.rst
	docs/patterns/appfactories.rst
	docs/patterns/distribute.rst
	docs/patterns/wtforms.rst
	docs/quickstart.rst
	docs/server.rst
	docs/shell.rst
	docs/tutorial/dbcon.rst
	docs/tutorial/dbinit.rst
	docs/tutorial/setup.rst
	docs/upgrading.rst
[flask] 9/72 4c76607 2010-12-31
Checkout failed: flask 4c76607
error: Your local changes to the following files would be overwritten by checkout:
	CHANGES
	CONTRIBUTING.rst
	Makefile
	docs/api.rst
	docs/cli.rst
	docs/conf.py
	docs/config.rst
	docs/deploying/wsgi-standalone.rst
	docs/errorhandling.rst
	docs/extensiondev.rst
	docs/patterns/appfactories.rst
	docs/patterns/distribute.rst
	docs/patterns/wtforms.rst
	docs/quickstart.rst
	docs/server.rst
	docs/shell.rst
	docs/tutorial/dbcon.rst
	docs/tutorial/dbinit.rst
	docs/tutorial/setup.rst
	docs/upgrading.rst
[flask] 10/72 4228d72 2011-01-24
Checkout failed: flask 4228d72
error: Your local changes to the following files would be overwritten by checkout:
	CHANGES
	CONTRIBUTING.rst
	Makefile
	docs/api.rst
	docs/cli.rst
	docs/conf.py
	docs/config.rst
	docs/deploying/wsgi-standalone.rst
	docs/errorhandling.rst
	docs/extensiondev.rst
	docs/patterns/appfactories.rst
	docs/patterns/distribute.rst
	docs/patterns/wtforms.rst
	docs/quickstart.rst
	docs/server.rst
	docs/shell.rst
	docs/tutorial/dbcon.rst
	docs/tutorial/dbinit.rst
	docs/tutorial/setup.rst
	docs/upgrading.rst
[flask] 11/72 00c5b7a 2011-02-21
Checkout failed: flask 00c5b7a
error: Your local changes to the following files would be overwritten by checkout:
	CHANGES
	CONTRIBUTING.rst
	Makefile
	docs/api.rst
	docs/cli.rst
	docs/conf.py
	docs/config.rst
	docs/deploying/wsgi-standalone.rst
	docs/errorhandling.rst
	docs/extensiondev.rst
	docs/patterns/appfactories.rst
	docs/patterns/distribute.rst
	docs/patterns/wtforms.rst
	docs/quickstart.rst
	docs/server.rst
	docs/shell.rst
	docs/tutorial/dbcon.rst
	docs/tutorial/dbinit.rst
	docs/tutorial/setup.rst
	docs/upgrading.rst
[flask] 12/72 0e4cd2e 2011-03-31
Checkout failed: flask 0e4cd2e
error: Your local changes to the following files would be overwritten by checkout:
	CHANGES
	CONTRIBUTING.rst
	Makefile
	docs/api.rst
	docs/cli.rst
	docs/conf.py
	docs/config.rst
	docs/deploying/wsgi-standalone.rst
	docs/errorhandling.rst
	docs/extensiondev.rst
	docs/patterns/appfactories.rst
	docs/patterns/distribute.rst
	docs/patterns/wtforms.rst
	docs/quickstart.rst
	docs/server.rst
	docs/shell.rst
	docs/tutorial/dbcon.rst
	docs/tutorial/dbinit.rst
	docs/tutorial/setup.rst
	docs/upgrading.rst
[flask] 13/72 c6e4d74 2011-04-27
Checkout failed: flask c6e4d74
error: Your local changes to the following files would be overwritten by checkout:
	CHANGES
	CONTRIBUTING.rst
	Makefile
	docs/api.rst
	docs/cli.rst
	docs/conf.py
	docs/config.rst
	docs/deploying/wsgi-standalone.rst
	docs/errorhandling.rst
	docs/extensiondev.rst
	docs/patterns/appfactories.rst
	docs/patterns/distribute.rst
	docs/patterns/wtforms.rst
	docs/quickstart.rst
	docs/server.rst
	docs/shell.rst
	docs/tutorial/dbcon.rst
	docs/tutorial/dbinit.rst
	docs/tutorial/setup.rst
	docs/upgrading.rst
[flask] 14/72 c7ff139 2011-05-30
Checkout failed: flask c7ff139
error: Your local changes to the following files would be overwritten by checkout:
	CHANGES
	CONTRIBUTING.rst
	Makefile
	docs/api.rst
	docs/cli.rst
	docs/conf.py
	docs/config.rst
	docs/deploying/wsgi-standalone.rst
	docs/errorhandling.rst
	docs/extensiondev.rst
	docs/patterns/appfactories.rst
	docs/patterns/distribute.rst
	docs/patterns/wtforms.rst
	docs/quickstart.rst
	docs/server.rst
	docs/shell.rst
	docs/tutorial/dbcon.rst
	docs/tutorial/dbinit.rst
	docs/tutorial/setup.rst
	docs/upgrading.rst
[flask] 15/72 df19ee9 2011-06-25
Checkout failed: flask df19ee9
error: Your local changes to the following files would be overwritten by checkout:
	CHANGES
	CONTRIBUTING.rst
	Makefile
	docs/api.rst
	docs/cli.rst
	docs/conf.py
	docs/config.rst
	docs/deploying/wsgi-standalone.rst
	docs/errorhandling.rst
	docs/extensiondev.rst
	docs/patterns/appfactories.rst
	docs/patterns/distribute.rst
	docs/patterns/wtforms.rst
	docs/quickstart.rst
	docs/server.rst
	docs/shell.rst
	docs/tutorial/dbcon.rst
	docs/tutorial/dbinit.rst
	docs/tutorial/setup.rst
	docs/upgrading.rst
[flask] 16/72 2a4d3ef 2011-07-08
Checkout failed: flask 2a4d3ef
error: Your local changes to the following files would be overwritten by checkout:
	CHANGES
	CONTRIBUTING.rst
	Makefile
	docs/api.rst
	docs/cli.rst
	docs/conf.py
	docs/config.rst
	docs/deploying/wsgi-standalone.rst
	docs/errorhandling.rst
	docs/extensiondev.rst
	docs/patterns/appfactories.rst
	docs/patterns/distribute.rst
	docs/patterns/wtforms.rst
	docs/quickstart.rst
	docs/server.rst
	docs/shell.rst
	docs/tutorial/dbcon.rst
	docs/tutorial/dbinit.rst
	docs/tutorial/setup.rst
	docs/upgrading.rst
[flask] 17/72 780297e 2011-08-31
Checkout failed: flask 780297e
error: Your local changes to the following files would be overwritten by checkout:
	CHANGES
	CONTRIBUTING.rst
	Makefile
	docs/api.rst
	docs/cli.rst
	docs/conf.py
	docs/config.rst
	docs/deploying/wsgi-standalone.rst
	docs/errorhandling.rst
	docs/extensiondev.rst
	docs/patterns/appfactories.rst
	docs/patterns/distribute.rst
	docs/patterns/wtforms.rst
	docs/quickstart.rst
	docs/server.rst
	docs/shell.rst
	docs/tutorial/dbcon.rst
	docs/tutorial/dbinit.rst
	docs/tutorial/setup.rst
	docs/upgrading.rst
[flask] 18/72 e2cb8d2 2011-09-30
Checkout failed: flask e2cb8d2
error: Your local changes to the following files would be overwritten by checkout:
	CHANGES
	CONTRIBUTING.rst
	Makefile
	docs/api.rst
	docs/cli.rst
	docs/conf.py
	docs/config.rst
	docs/deploying/wsgi-standalone.rst
	docs/errorhandling.rst
	docs/extensiondev.rst
	docs/patterns/appfactories.rst
	docs/patterns/distribute.rst
	docs/patterns/wtforms.rst
	docs/quickstart.rst
	docs/server.rst
	docs/shell.rst
	docs/tutorial/dbcon.rst
	docs/tutorial/dbinit.rst
	docs/tutorial/setup.rst
	docs/upgrading.rst
[flask] 19/72 46e7bc7 2011-10-24
Checkout failed: flask 46e7bc7
error: Your local changes to the following files would be overwritten by checkout:
	CHANGES
	CONTRIBUTING.rst
	Makefile
	docs/api.rst
	docs/cli.rst
	docs/conf.py
	docs/config.rst
	docs/deploying/wsgi-standalone.rst
	docs/errorhandling.rst
	docs/extensiondev.rst
	docs/patterns/appfactories.rst
	docs/patterns/distribute.rst
	docs/patterns/wtforms.rst
	docs/quickstart.rst
	docs/server.rst
	docs/shell.rst
	docs/tutorial/dbcon.rst
	docs/tutorial/dbinit.rst
	docs/tutorial/setup.rst
	docs/upgrading.rst
[flask] 20/72 9469260 2011-11-02
Checkout failed: flask 9469260
error: Your local changes to the following files would be overwritten by checkout:
	CHANGES
	CONTRIBUTING.rst
	Makefile
	docs/api.rst
	docs/cli.rst
	docs/conf.py
	docs/config.rst
	docs/deploying/wsgi-standalone.rst
	docs/errorhandling.rst
	docs/extensiondev.rst
	docs/patterns/appfactories.rst
	docs/patterns/distribute.rst
	docs/patterns/wtforms.rst
	docs/quickstart.rst
	docs/server.rst
	docs/shell.rst
	docs/tutorial/dbcon.rst
	docs/tutorial/dbinit.rst
	docs/tutorial/setup.rst
	docs/upgrading.rst
[flask] 21/72 d18868b 2011-12-08
Checkout failed: flask d18868b
error: Your local changes to the following files would be overwritten by checkout:
	CHANGES
	CONTRIBUTING.rst
	Makefile
	docs/api.rst
	docs/cli.rst
	docs/conf.py
	docs/config.rst
	docs/deploying/wsgi-standalone.rst
	docs/errorhandling.rst
	docs/extensiondev.rst
	docs/patterns/appfactories.rst
	docs/patterns/distribute.rst
	docs/patterns/wtforms.rst
	docs/quickstart.rst
	docs/server.rst
	docs/shell.rst
	docs/tutorial/dbcon.rst
	docs/tutorial/dbinit.rst
	docs/tutorial/setup.rst
	docs/upgrading.rst
[flask] 22/72 cb24646 2012-01-17
Checkout failed: flask cb24646
error: Your local changes to the following files would be overwritten by checkout:
	CHANGES
	CONTRIBUTING.rst
	Makefile
	docs/api.rst
	docs/cli.rst
	docs/conf.py
	docs/config.rst
	docs/deploying/wsgi-standalone.rst
	docs/errorhandling.rst
	docs/extensiondev.rst
	docs/patterns/appfactories.rst
	docs/patterns/distribute.rst
	docs/patterns/wtforms.rst
	docs/quickstart.rst
	docs/server.rst
	docs/shell.rst
	docs/tutorial/dbcon.rst
	docs/tutorial/dbinit.rst
	docs/tutorial/setup.rst
	docs/upgrading.rst
[flask] 23/72 b9f4e0b 2012-02-26
Checkout failed: flask b9f4e0b
error: Your local changes to the following files would be overwritten by checkout:
	CHANGES
	CONTRIBUTING.rst
	Makefile
	docs/api.rst
	docs/cli.rst
	docs/conf.py
	docs/config.rst
	docs/deploying/wsgi-standalone.rst
	docs/errorhandling.rst
	docs/extensiondev.rst
	docs/patterns/appfactories.rst
	docs/patterns/distribute.rst
	docs/patterns/wtforms.rst
	docs/quickstart.rst
	docs/server.rst
	docs/shell.rst
	docs/tutorial/dbcon.rst
	docs/tutorial/dbinit.rst
	docs/tutorial/setup.rst
	docs/upgrading.rst
[flask] 24/72 c269841 2012-03-31
Checkout failed: flask c269841
error: Your local changes to the following files would be overwritten by checkout:
	CHANGES
	CONTRIBUTING.rst
	Makefile
	docs/api.rst
	docs/cli.rst
	docs/conf.py
	docs/config.rst
	docs/deploying/wsgi-standalone.rst
	docs/errorhandling.rst
	docs/extensiondev.rst
	docs/patterns/appfactories.rst
	docs/patterns/distribute.rst
	docs/patterns/wtforms.rst
	docs/quickstart.rst
	docs/server.rst
	docs/shell.rst
	docs/tutorial/dbcon.rst
	docs/tutorial/dbinit.rst
	docs/tutorial/setup.rst
	docs/upgrading.rst
[flask] 25/72 12dcba8 2012-04-24
Checkout failed: flask 12dcba8
error: Your local changes to the following files would be overwritten by checkout:
	CHANGES
	CONTRIBUTING.rst
	Makefile
	docs/api.rst
	docs/cli.rst
	docs/conf.py
	docs/config.rst
	docs/deploying/wsgi-standalone.rst
	docs/errorhandling.rst
	docs/extensiondev.rst
	docs/patterns/appfactories.rst
	docs/patterns/distribute.rst
	docs/patterns/wtforms.rst
	docs/quickstart.rst
	docs/server.rst
	docs/shell.rst
	docs/tutorial/dbcon.rst
	docs/tutorial/dbinit.rst
	docs/tutorial/setup.rst
	docs/upgrading.rst
[flask] 26/72 99aaacb 2012-05-30
Checkout failed: flask 99aaacb
error: Your local changes to the following files would be overwritten by checkout:
	CHANGES
	CONTRIBUTING.rst
	Makefile
	docs/api.rst
	docs/cli.rst
	docs/conf.py
	docs/config.rst
	docs/deploying/wsgi-standalone.rst
	docs/errorhandling.rst
	docs/extensiondev.rst
	docs/patterns/appfactories.rst
	docs/patterns/distribute.rst
	docs/patterns/wtforms.rst
	docs/quickstart.rst
	docs/server.rst
	docs/shell.rst
	docs/tutorial/dbcon.rst
	docs/tutorial/dbinit.rst
	docs/tutorial/setup.rst
	docs/upgrading.rst
[flask] 27/72 d521899 2012-06-27
Checkout failed: flask d521899
error: Your local changes to the following files would be overwritten by checkout:
	CHANGES
	CONTRIBUTING.rst
	Makefile
	docs/api.rst
	docs/cli.rst
	docs/conf.py
	docs/config.rst
	docs/deploying/wsgi-standalone.rst
	docs/errorhandling.rst
	docs/extensiondev.rst
	docs/patterns/appfactories.rst
	docs/patterns/distribute.rst
	docs/patterns/wtforms.rst
	docs/quickstart.rst
	docs/server.rst
	docs/shell.rst
	docs/tutorial/dbcon.rst
	docs/tutorial/dbinit.rst
	docs/tutorial/setup.rst
	docs/upgrading.rst
[flask] 28/72 50dc240 2012-07-26
Checkout failed: flask 50dc240
error: Your local changes to the following files would be overwritten by checkout:
	CHANGES
	CONTRIBUTING.rst
	Makefile
	docs/api.rst
	docs/cli.rst
	docs/conf.py
	docs/config.rst
	docs/deploying/wsgi-standalone.rst
	docs/errorhandling.rst
	docs/extensiondev.rst
	docs/patterns/appfactories.rst
	docs/patterns/distribute.rst
	docs/patterns/wtforms.rst
	docs/quickstart.rst
	docs/server.rst
	docs/shell.rst
	docs/tutorial/dbcon.rst
	docs/tutorial/dbinit.rst
	docs/tutorial/setup.rst
	docs/upgrading.rst
[flask] 29/72 8d330a3 2012-08-29
Checkout failed: flask 8d330a3
error: Your local changes to the following files would be overwritten by checkout:
	CHANGES
	CONTRIBUTING.rst
	Makefile
	docs/api.rst
	docs/cli.rst
	docs/conf.py
	docs/config.rst
	docs/deploying/wsgi-standalone.rst
	docs/errorhandling.rst
	docs/extensiondev.rst
	docs/patterns/appfactories.rst
	docs/patterns/distribute.rst
	docs/patterns/wtforms.rst
	docs/quickstart.rst
	docs/server.rst
	docs/shell.rst
	docs/tutorial/dbcon.rst
	docs/tutorial/dbinit.rst
	docs/tutorial/setup.rst
	docs/upgrading.rst
[flask] 30/72 ee76129 2012-09-22
Checkout failed: flask ee76129
error: Your local changes to the following files would be overwritten by checkout:
	CHANGES
	CONTRIBUTING.rst
	Makefile
	docs/api.rst
	docs/cli.rst
	docs/conf.py
	docs/config.rst
	docs/deploying/wsgi-standalone.rst
	docs/errorhandling.rst
	docs/extensiondev.rst
	docs/patterns/appfactories.rst
	docs/patterns/distribute.rst
	docs/patterns/wtforms.rst
	docs/quickstart.rst
	docs/server.rst
	docs/shell.rst
	docs/tutorial/dbcon.rst
	docs/tutorial/dbinit.rst
	docs/tutorial/setup.rst
	docs/upgrading.rst
[flask] 31/72 2b885ce 2012-10-30
Checkout failed: flask 2b885ce
error: Your local changes to the following files would be overwritten by checkout:
	CHANGES
	CONTRIBUTING.rst
	Makefile
	docs/api.rst
	docs/cli.rst
	docs/conf.py
	docs/config.rst
	docs/deploying/wsgi-standalone.rst
	docs/errorhandling.rst
	docs/extensiondev.rst
	docs/patterns/appfactories.rst
	docs/patterns/distribute.rst
	docs/patterns/wtforms.rst
	docs/quickstart.rst
	docs/server.rst
	docs/shell.rst
	docs/tutorial/dbcon.rst
	docs/tutorial/dbinit.rst
	docs/tutorial/setup.rst
	docs/upgrading.rst
[flask] 32/72 2b30900 2012-11-08
Checkout failed: flask 2b30900
error: Your local changes to the following files would be overwritten by checkout:
	CHANGES
	CONTRIBUTING.rst
	Makefile
	docs/api.rst
	docs/cli.rst
	docs/conf.py
	docs/config.rst
	docs/deploying/wsgi-standalone.rst
	docs/errorhandling.rst
	docs/extensiondev.rst
	docs/patterns/appfactories.rst
	docs/patterns/distribute.rst
	docs/patterns/wtforms.rst
	docs/quickstart.rst
	docs/server.rst
	docs/shell.rst
	docs/tutorial/dbcon.rst
	docs/tutorial/dbinit.rst
	docs/tutorial/setup.rst
	docs/upgrading.rst
[flask] 33/72 ff2e844 2012-12-31
Checkout failed: flask ff2e844
error: Your local changes to the following files would be overwritten by checkout:
	CHANGES
	CONTRIBUTING.rst
	Makefile
	docs/api.rst
	docs/cli.rst
	docs/conf.py
	docs/config.rst
	docs/deploying/wsgi-standalone.rst
	docs/errorhandling.rst
	docs/extensiondev.rst
	docs/patterns/appfactories.rst
	docs/patterns/distribute.rst
	docs/patterns/wtforms.rst
	docs/quickstart.rst
	docs/server.rst
	docs/shell.rst
	docs/tutorial/dbcon.rst
	docs/tutorial/dbinit.rst
	docs/tutorial/setup.rst
	docs/upgrading.rst
[flask] 34/72 bfeee75 2013-01-29
Checkout failed: flask bfeee75
error: Your local changes to the following files would be overwritten by checkout:
	CHANGES
	CONTRIBUTING.rst
	Makefile
	docs/api.rst
	docs/cli.rst
	docs/conf.py
	docs/config.rst
	docs/deploying/wsgi-standalone.rst
	docs/errorhandling.rst
	docs/extensiondev.rst
	docs/patterns/appfactories.rst
	docs/patterns/distribute.rst
	docs/patterns/wtforms.rst
	docs/quickstart.rst
	docs/server.rst
	docs/shell.rst
	docs/tutorial/dbcon.rst
	docs/tutorial/dbinit.rst
	docs/tutorial/setup.rst
	docs/upgrading.rst
[flask] 35/72 cc5d613 2013-02-28
Checkout failed: flask cc5d613
error: Your local changes to the following files would be overwritten by checkout:
	CHANGES
	CONTRIBUTING.rst
	Makefile
	docs/api.rst
	docs/cli.rst
	docs/conf.py
	docs/config.rst
	docs/deploying/wsgi-standalone.rst
	docs/errorhandling.rst
	docs/extensiondev.rst
	docs/patterns/appfactories.rst
	docs/patterns/distribute.rst
	docs/patterns/wtforms.rst
	docs/quickstart.rst
	docs/server.rst
	docs/shell.rst
	docs/tutorial/dbcon.rst
	docs/tutorial/dbinit.rst
	docs/tutorial/setup.rst
	docs/upgrading.rst
[flask] 36/72 0faed95 2013-03-21
Checkout failed: flask 0faed95
error: Your local changes to the following files would be overwritten by checkout:
	CHANGES
	CONTRIBUTING.rst
	Makefile
	docs/api.rst
	docs/cli.rst
	docs/conf.py
	docs/config.rst
	docs/deploying/wsgi-standalone.rst
	docs/errorhandling.rst
	docs/extensiondev.rst
	docs/patterns/appfactories.rst
	docs/patterns/distribute.rst
	docs/patterns/wtforms.rst
	docs/quickstart.rst
	docs/server.rst
	docs/shell.rst
	docs/tutorial/dbcon.rst
	docs/tutorial/dbinit.rst
	docs/tutorial/setup.rst
	docs/upgrading.rst
[flask] 37/72 1358fd9 2013-04-24
Checkout failed: flask 1358fd9
error: Your local changes to the following files would be overwritten by checkout:
	CHANGES
	CONTRIBUTING.rst
	Makefile
	docs/api.rst
	docs/cli.rst
	docs/conf.py
	docs/config.rst
	docs/deploying/wsgi-standalone.rst
	docs/errorhandling.rst
	docs/extensiondev.rst
	docs/patterns/appfactories.rst
	docs/patterns/distribute.rst
	docs/patterns/wtforms.rst
	docs/quickstart.rst
	docs/server.rst
	docs/shell.rst
	docs/tutorial/dbcon.rst
	docs/tutorial/dbinit.rst
	docs/tutorial/setup.rst
	docs/upgrading.rst
[flask] 38/72 1c8c21a 2013-05-31
Checkout failed: flask 1c8c21a
error: Your local changes to the following files would be overwritten by checkout:
	CHANGES
	CONTRIBUTING.rst
	Makefile
	docs/api.rst
	docs/cli.rst
	docs/conf.py
	docs/config.rst
	docs/deploying/wsgi-standalone.rst
	docs/errorhandling.rst
	docs/extensiondev.rst
	docs/patterns/appfactories.rst
	docs/patterns/distribute.rst
	docs/patterns/wtforms.rst
	docs/quickstart.rst
	docs/server.rst
	docs/shell.rst
	docs/tutorial/dbcon.rst
	docs/tutorial/dbinit.rst
	docs/tutorial/setup.rst
	docs/upgrading.rst
[flask] 39/72 4028e23 2013-06-30
Checkout failed: flask 4028e23
error: Your local changes to the following files would be overwritten by checkout:
	CHANGES
	CONTRIBUTING.rst
	Makefile
	docs/api.rst
	docs/cli.rst
	docs/conf.py
	docs/config.rst
	docs/deploying/wsgi-standalone.rst
	docs/errorhandling.rst
	docs/extensiondev.rst
	docs/patterns/appfactories.rst
	docs/patterns/distribute.rst
	docs/patterns/wtforms.rst
	docs/quickstart.rst
	docs/server.rst
	docs/shell.rst
	docs/tutorial/dbcon.rst
	docs/tutorial/dbinit.rst
	docs/tutorial/setup.rst
	docs/upgrading.rst
[flask] 40/72 159ae3d 2013-07-31
Checkout failed: flask 159ae3d
error: Your local changes to the following files would be overwritten by checkout:
	CHANGES
	CONTRIBUTING.rst
	Makefile
	docs/api.rst
	docs/cli.rst
	docs/conf.py
	docs/config.rst
	docs/deploying/wsgi-standalone.rst
	docs/errorhandling.rst
	docs/extensiondev.rst
	docs/patterns/appfactories.rst
	docs/patterns/distribute.rst
	docs/patterns/wtforms.rst
	docs/quickstart.rst
	docs/server.rst
	docs/shell.rst
	docs/tutorial/dbcon.rst
	docs/tutorial/dbinit.rst
	docs/tutorial/setup.rst
	docs/upgrading.rst
[flask] 41/72 3d67736 2013-08-17
Checkout failed: flask 3d67736
error: Your local changes to the following files would be overwritten by checkout:
	CHANGES
	CONTRIBUTING.rst
	Makefile
	docs/api.rst
	docs/cli.rst
	docs/conf.py
	docs/config.rst
	docs/deploying/wsgi-standalone.rst
	docs/errorhandling.rst
	docs/extensiondev.rst
	docs/patterns/appfactories.rst
	docs/patterns/distribute.rst
	docs/patterns/wtforms.rst
	docs/quickstart.rst
	docs/server.rst
	docs/shell.rst
	docs/tutorial/dbcon.rst
	docs/tutorial/dbinit.rst
	docs/tutorial/setup.rst
	docs/upgrading.rst
[flask] 42/72 3e48500 2013-09-30
Checkout failed: flask 3e48500
error: Your local changes to the following files would be overwritten by checkout:
	CHANGES
	CONTRIBUTING.rst
	Makefile
	docs/api.rst
	docs/cli.rst
	docs/conf.py
	docs/config.rst
	docs/deploying/wsgi-standalone.rst
	docs/errorhandling.rst
	docs/extensiondev.rst
	docs/patterns/appfactories.rst
	docs/patterns/distribute.rst
	docs/patterns/wtforms.rst
	docs/quickstart.rst
	docs/server.rst
	docs/shell.rst
	docs/tutorial/dbcon.rst
	docs/tutorial/dbinit.rst
	docs/tutorial/setup.rst
	docs/upgrading.rst
[flask] 43/72 280d865 2013-10-04
Checkout failed: flask 280d865
error: Your local changes to the following files would be overwritten by checkout:
	CHANGES
	CONTRIBUTING.rst
	Makefile
	docs/api.rst
	docs/cli.rst
	docs/conf.py
	docs/config.rst
	docs/deploying/wsgi-standalone.rst
	docs/errorhandling.rst
	docs/extensiondev.rst
	docs/patterns/appfactories.rst
	docs/patterns/distribute.rst
	docs/patterns/wtforms.rst
	docs/quickstart.rst
	docs/server.rst
	docs/shell.rst
	docs/tutorial/dbcon.rst
	docs/tutorial/dbinit.rst
	docs/tutorial/setup.rst
	docs/upgrading.rst
[flask] 44/72 afd3c45 2013-11-09
Checkout failed: flask afd3c45
error: Your local changes to the following files would be overwritten by checkout:
	CHANGES
	CONTRIBUTING.rst
	Makefile
	docs/api.rst
	docs/cli.rst
	docs/conf.py
	docs/config.rst
	docs/deploying/wsgi-standalone.rst
	docs/errorhandling.rst
	docs/extensiondev.rst
	docs/patterns/appfactories.rst
	docs/patterns/distribute.rst
	docs/patterns/wtforms.rst
	docs/quickstart.rst
	docs/server.rst
	docs/shell.rst
	docs/tutorial/dbcon.rst
	docs/tutorial/dbinit.rst
	docs/tutorial/setup.rst
	docs/upgrading.rst
[flask] 45/72 dbc4096 2013-12-31
Checkout failed: flask dbc4096
error: Your local changes to the following files would be overwritten by checkout:
	CHANGES
	CONTRIBUTING.rst
	Makefile
	docs/api.rst
	docs/cli.rst
	docs/conf.py
	docs/config.rst
	docs/deploying/wsgi-standalone.rst
	docs/errorhandling.rst
	docs/extensiondev.rst
	docs/patterns/appfactories.rst
	docs/patterns/distribute.rst
	docs/patterns/wtforms.rst
	docs/quickstart.rst
	docs/server.rst
	docs/shell.rst
	docs/tutorial/dbcon.rst
	docs/tutorial/dbinit.rst
	docs/tutorial/setup.rst
	docs/upgrading.rst
[flask] 46/72 17a3056 2014-01-27
Checkout failed: flask 17a3056
error: Your local changes to the following files would be overwritten by checkout:
	CHANGES
	CONTRIBUTING.rst
	Makefile
	docs/api.rst
	docs/cli.rst
	docs/conf.py
	docs/config.rst
	docs/deploying/wsgi-standalone.rst
	docs/errorhandling.rst
	docs/extensiondev.rst
	docs/patterns/appfactories.rst
	docs/patterns/distribute.rst
	docs/patterns/wtforms.rst
	docs/quickstart.rst
	docs/server.rst
	docs/shell.rst
	docs/tutorial/dbcon.rst
	docs/tutorial/dbinit.rst
	docs/tutorial/setup.rst
	docs/upgrading.rst
[flask] 47/72 d43bfb2 2014-02-20
Checkout failed: flask d43bfb2
error: Your local changes to the following files would be overwritten by checkout:
	CHANGES
	CONTRIBUTING.rst
	Makefile
	docs/api.rst
	docs/cli.rst
	docs/conf.py
	docs/config.rst
	docs/deploying/wsgi-standalone.rst
	docs/errorhandling.rst
	docs/extensiondev.rst
	docs/patterns/appfactories.rst
	docs/patterns/distribute.rst
	docs/patterns/wtforms.rst
	docs/quickstart.rst
	docs/server.rst
	docs/shell.rst
	docs/tutorial/dbcon.rst
	docs/tutorial/dbinit.rst
	docs/tutorial/setup.rst
	docs/upgrading.rst
[flask] 48/72 44c025f 2014-03-13
Checkout failed: flask 44c025f
error: Your local changes to the following files would be overwritten by checkout:
	CHANGES
	CONTRIBUTING.rst
	Makefile
	docs/api.rst
	docs/cli.rst
	docs/conf.py
	docs/config.rst
	docs/deploying/wsgi-standalone.rst
	docs/errorhandling.rst
	docs/extensiondev.rst
	docs/patterns/appfactories.rst
	docs/patterns/distribute.rst
	docs/patterns/wtforms.rst
	docs/quickstart.rst
	docs/server.rst
	docs/shell.rst
	docs/tutorial/dbcon.rst
	docs/tutorial/dbinit.rst
	docs/tutorial/setup.rst
	docs/upgrading.rst
[flask] 49/72 44b0aeb 2014-04-29
Checkout failed: flask 44b0aeb
error: Your local changes to the following files would be overwritten by checkout:
	CHANGES
	CONTRIBUTING.rst
	Makefile
	docs/api.rst
	docs/cli.rst
	docs/conf.py
	docs/config.rst
	docs/deploying/wsgi-standalone.rst
	docs/errorhandling.rst
	docs/extensiondev.rst
	docs/patterns/appfactories.rst
	docs/patterns/distribute.rst
	docs/patterns/wtforms.rst
	docs/quickstart.rst
	docs/server.rst
	docs/shell.rst
	docs/tutorial/dbcon.rst
	docs/tutorial/dbinit.rst
	docs/tutorial/setup.rst
	docs/upgrading.rst
[flask] 50/72 76456dc 2014-05-30
Checkout failed: flask 76456dc
error: Your local changes to the following files would be overwritten by checkout:
	CHANGES
	CONTRIBUTING.rst
	Makefile
	docs/api.rst
	docs/cli.rst
	docs/conf.py
	docs/config.rst
	docs/deploying/wsgi-standalone.rst
	docs/errorhandling.rst
	docs/extensiondev.rst
	docs/patterns/appfactories.rst
	docs/patterns/distribute.rst
	docs/patterns/wtforms.rst
	docs/quickstart.rst
	docs/server.rst
	docs/shell.rst
	docs/tutorial/dbcon.rst
	docs/tutorial/dbinit.rst
	docs/tutorial/setup.rst
	docs/upgrading.rst
[flask] 51/72 0ce47a3 2014-06-30
Checkout failed: flask 0ce47a3
error: Your local changes to the following files would be overwritten by checkout:
	CHANGES
	CONTRIBUTING.rst
	Makefile
	docs/api.rst
	docs/cli.rst
	docs/conf.py
	docs/config.rst
	docs/deploying/wsgi-standalone.rst
	docs/errorhandling.rst
	docs/extensiondev.rst
	docs/patterns/appfactories.rst
	docs/patterns/distribute.rst
	docs/patterns/wtforms.rst
	docs/quickstart.rst
	docs/server.rst
	docs/shell.rst
	docs/tutorial/dbcon.rst
	docs/tutorial/dbinit.rst
	docs/tutorial/setup.rst
	docs/upgrading.rst
[flask] 52/72 1d55b89 2014-07-31
Checkout failed: flask 1d55b89
error: Your local changes to the following files would be overwritten by checkout:
	CHANGES
	CONTRIBUTING.rst
	Makefile
	docs/api.rst
	docs/cli.rst
	docs/conf.py
	docs/config.rst
	docs/deploying/wsgi-standalone.rst
	docs/errorhandling.rst
	docs/extensiondev.rst
	docs/patterns/appfactories.rst
	docs/patterns/distribute.rst
	docs/patterns/wtforms.rst
	docs/quickstart.rst
	docs/server.rst
	docs/shell.rst
	docs/tutorial/dbcon.rst
	docs/tutorial/dbinit.rst
	docs/tutorial/setup.rst
	docs/upgrading.rst
[flask] 53/72 b93ab41 2014-08-31
Checkout failed: flask b93ab41
error: Your local changes to the following files would be overwritten by checkout:
	CHANGES
	CONTRIBUTING.rst
	Makefile
	docs/api.rst
	docs/cli.rst
	docs/conf.py
	docs/config.rst
	docs/deploying/wsgi-standalone.rst
	docs/errorhandling.rst
	docs/extensiondev.rst
	docs/patterns/appfactories.rst
	docs/patterns/distribute.rst
	docs/patterns/wtforms.rst
	docs/quickstart.rst
	docs/server.rst
	docs/shell.rst
	docs/tutorial/dbcon.rst
	docs/tutorial/dbinit.rst
	docs/tutorial/setup.rst
	docs/upgrading.rst
[flask] 54/72 bbd9c2f 2014-09-19
Checkout failed: flask bbd9c2f
error: Your local changes to the following files would be overwritten by checkout:
	CHANGES
	CONTRIBUTING.rst
	Makefile
	docs/api.rst
	docs/cli.rst
	docs/conf.py
	docs/config.rst
	docs/deploying/wsgi-standalone.rst
	docs/errorhandling.rst
	docs/extensiondev.rst
	docs/patterns/appfactories.rst
	docs/patterns/distribute.rst
	docs/patterns/wtforms.rst
	docs/quickstart.rst
	docs/server.rst
	docs/shell.rst
	docs/tutorial/dbcon.rst
	docs/tutorial/dbinit.rst
	docs/tutorial/setup.rst
	docs/upgrading.rst
[flask] 55/72 76f3d6b 2014-10-30
Created DB snapshot: ruff 3ceedf7
[ruff] 26/49 3af3f74 2024-09-30
Checkout failed: flask 76f3d6b
error: Your local changes to the following files would be overwritten by checkout:
	CHANGES
	CONTRIBUTING.rst
	Makefile
	docs/api.rst
	docs/cli.rst
	docs/conf.py
	docs/config.rst
	docs/deploying/wsgi-standalone.rst
	docs/errorhandling.rst
	docs/extensiondev.rst
	docs/patterns/appfactories.rst
	docs/patterns/distribute.rst
	docs/patterns/wtforms.rst
	docs/quickstart.rst
	docs/server.rst
	docs/shell.rst
	docs/tutorial/dbcon.rst
	docs/tutorial/dbinit.rst
	docs/tutorial/setup.rst
	docs/upgrading.rst
[flask] 56/72 d9402fc 2014-11-29
Checkout failed: flask d9402fc
error: Your local changes to the following files would be overwritten by checkout:
	CHANGES
	CONTRIBUTING.rst
	Makefile
	docs/api.rst
	docs/cli.rst
	docs/conf.py
	docs/config.rst
	docs/deploying/wsgi-standalone.rst
	docs/errorhandling.rst
	docs/extensiondev.rst
	docs/patterns/appfactories.rst
	docs/patterns/distribute.rst
	docs/patterns/wtforms.rst
	docs/quickstart.rst
	docs/server.rst
	docs/tutorial/dbcon.rst
	docs/tutorial/dbinit.rst
	docs/tutorial/setup.rst
	docs/upgrading.rst
	flask/__init__
[flask] 57/72 337a9d6 2014-12-11
Checkout failed: flask 337a9d6
error: Your local changes to the following files would be overwritten by checkout:
	CHANGES
	CONTRIBUTING.rst
	Makefile
	docs/api.rst
	docs/conf.py
	docs/config.rst
	docs/deploying/wsgi-standalone.rst
	docs/errorhandling.rst
	docs/extensiondev.rst
	docs/patterns/appfactories.rst
	docs/patterns/distribute.rst
	docs/patterns/wtforms.rst
	docs/quickstart.rst
	docs/server.rst
	docs/tutorial/dbcon.rst
	docs/tutorial/dbinit.rst
	docs/tutorial/setup.rst
	docs/upgrading.rst
	flask/__init__.py
	flask/app
[flask] 58/72 8c054f0 2015-01-03
Checkout failed: flask 8c054f0
error: Your local changes to the following files would be overwritten by checkout:
	CHANGES
	CONTRIBUTING.rst
	docs/api.rst
	docs/conf.py
	docs/config.rst
	docs/deploying/wsgi-standalone.rst
	docs/errorhandling.rst
	docs/extensiondev.rst
	docs/patterns/appfactories.rst
	docs/patterns/distribute.rst
	docs/patterns/wtforms.rst
	docs/quickstart.rst
	docs/tutorial/dbcon.rst
	docs/tutorial/dbinit.rst
	docs/upgrading.rst
	flask/__init__.py
	flask/app.py
	flask/blueprints.py
	flask/cli.py
Please commit
[flask] 59/72 5d3e7b7 2015-02-28
Checkout failed: flask 5d3e7b7
error: Your local changes to the following files would be overwritten by checkout:
	CHANGES
	CONTRIBUTING.rst
	Makefile
	docs/api.rst
	docs/conf.py
	docs/config.rst
	docs/deploying/wsgi-standalone.rst
	docs/errorhandling.rst
	docs/extensiondev.rst
	docs/patterns/appfactories.rst
	docs/patterns/distribute.rst
	docs/patterns/wtforms.rst
	docs/quickstart.rst
	docs/server.rst
	docs/tutorial/dbcon.rst
	docs/tutorial/dbinit.rst
	docs/upgrading.rst
	flask/__init__.py
	flask/app.py
	flask/blueprints.py

[flask] 60/72 883f82f 2015-03-30
Checkout failed: flask 883f82f
error: Your local changes to the following files would be overwritten by checkout:
	CHANGES
	CONTRIBUTING.rst
	docs/api.rst
	docs/conf.py
	docs/config.rst
	docs/deploying/wsgi-standalone.rst
	docs/errorhandling.rst
	docs/extensiondev.rst
	docs/patterns/appfactories.rst
	docs/patterns/distribute.rst
	docs/patterns/wtforms.rst
	docs/quickstart.rst
	docs/tutorial/dbcon.rst
	docs/tutorial/dbinit.rst
	docs/upgrading.rst
	flask/app.py
	flask/cli.py
Please commit your changes or stash them before you s
[flask] 61/72 5e12748 2015-04-07
Checkout failed: flask 5e12748
error: Your local changes to the following files would be overwritten by checkout:
	CHANGES
	CONTRIBUTING.rst
	docs/api.rst
	docs/conf.py
	docs/config.rst
	docs/deploying/wsgi-standalone.rst
	docs/errorhandling.rst
	docs/extensiondev.rst
	docs/patterns/appfactories.rst
	docs/patterns/distribute.rst
	docs/patterns/wtforms.rst
	docs/quickstart.rst
	docs/tutorial/dbcon.rst
	docs/tutorial/dbinit.rst
	docs/upgrading.rst
	flask/app.py
	flask/cli.py
Please commit your changes or stash them before you s
[flask] 62/72 0d19fa0 2015-05-31
Checkout failed: flask 0d19fa0
error: Your local changes to the following files would be overwritten by checkout:
	CHANGES
	CONTRIBUTING.rst
	docs/api.rst
	docs/conf.py
	docs/config.rst
	docs/deploying/wsgi-standalone.rst
	docs/errorhandling.rst
	docs/extensiondev.rst
	docs/patterns/appfactories.rst
	docs/patterns/distribute.rst
	docs/patterns/wtforms.rst
	docs/quickstart.rst
	docs/tutorial/dbcon.rst
	docs/tutorial/dbinit.rst
	docs/upgrading.rst
	flask/__init__.py
	flask/app.py
	flask/blueprints.py
	flask/cli.py
Please commit
[flask] 63/72 99c99c4 2015-06-30
Checkout failed: flask 99c99c4
error: Your local changes to the following files would be overwritten by checkout:
	CHANGES
	CONTRIBUTING.rst
	docs/api.rst
	docs/conf.py
	docs/config.rst
	docs/deploying/wsgi-standalone.rst
	docs/errorhandling.rst
	docs/extensiondev.rst
	docs/patterns/appfactories.rst
	docs/patterns/distribute.rst
	docs/patterns/wtforms.rst
	docs/quickstart.rst
	docs/tutorial/dbcon.rst
	docs/tutorial/dbinit.rst
	docs/upgrading.rst
	flask/app.py
	flask/cli.py
Please commit your changes or stash them before you s
[flask] 64/72 7f38674 2015-07-27
Checkout failed: flask 7f38674
error: Your local changes to the following files would be overwritten by checkout:
	CHANGES
	CONTRIBUTING.rst
	docs/api.rst
	docs/conf.py
	docs/config.rst
	docs/deploying/wsgi-standalone.rst
	docs/errorhandling.rst
	docs/extensiondev.rst
	docs/patterns/appfactories.rst
	docs/patterns/distribute.rst
	docs/patterns/wtforms.rst
	docs/quickstart.rst
	docs/tutorial/dbcon.rst
	docs/tutorial/dbinit.rst
	docs/upgrading.rst
	flask/app.py
	flask/cli.py
Please commit your changes or stash them before you s
[flask] 65/72 808bf6d 2015-08-27
Checkout failed: flask 808bf6d
error: Your local changes to the following files would be overwritten by checkout:
	CHANGES
	CONTRIBUTING.rst
	docs/api.rst
	docs/conf.py
	docs/config.rst
	docs/deploying/wsgi-standalone.rst
	docs/errorhandling.rst
	docs/extensiondev.rst
	docs/patterns/appfactories.rst
	docs/patterns/distribute.rst
	docs/patterns/wtforms.rst
	docs/quickstart.rst
	docs/tutorial/dbcon.rst
	docs/tutorial/dbinit.rst
	docs/upgrading.rst
	flask/app.py
	flask/cli.py
Please commit your changes or stash them before you s
[flask] 66/72 6e91498 2015-10-04
Checkout failed: flask 6e91498
error: Your local changes to the following files would be overwritten by checkout:
	CHANGES
	CONTRIBUTING.rst
	docs/api.rst
	docs/conf.py
	docs/config.rst
	docs/deploying/wsgi-standalone.rst
	docs/errorhandling.rst
	docs/extensiondev.rst
	docs/patterns/appfactories.rst
	docs/patterns/distribute.rst
	docs/patterns/wtforms.rst
	docs/quickstart.rst
	docs/tutorial/dbcon.rst
	docs/tutorial/dbinit.rst
	docs/upgrading.rst
	flask/app.py
	flask/cli.py
Please commit your changes or stash them before you s
[flask] 67/72 b0105f4 2015-11-28
Checkout failed: flask b0105f4
error: Your local changes to the following files would be overwritten by checkout:
	CHANGES
	CONTRIBUTING.rst
	docs/conf.py
	docs/config.rst
	docs/upgrading.rst
	flask/app.py
Please commit your changes or stash them before you switch branches.
Aborting

[flask] 68/72 daceb3e 2015-12-30
Checkout failed: flask daceb3e
error: Your local changes to the following files would be overwritten by checkout:
	CHANGES
	CONTRIBUTING.rst
	docs/api.rst
	docs/conf.py
	docs/config.rst
	docs/deploying/wsgi-standalone.rst
	docs/errorhandling.rst
	docs/extensiondev.rst
	docs/patterns/distribute.rst
	docs/patterns/wtforms.rst
	docs/quickstart.rst
	docs/tutorial/dbcon.rst
	docs/tutorial/dbinit.rst
	docs/upgrading.rst
	flask/app.py
	flask/cli.py
Please commit your changes or stash them before you switch branches.
Aborting

[flask] 69/72 e7367c9 2016-01-26
Checkout failed: flask e7367c9
error: Your local changes to the following files would be overwritten by checkout:
	CHANGES
	CONTRIBUTING.rst
	docs/api.rst
	docs/conf.py
	docs/config.rst
	docs/deploying/wsgi-standalone.rst
	docs/errorhandling.rst
	docs/extensiondev.rst
	docs/patterns/wtforms.rst
	docs/quickstart.rst
	docs/tutorial/dbcon.rst
	docs/tutorial/dbinit.rst
	docs/upgrading.rst
	flask/app.py
Please commit your changes or stash them before you switch branches.
Aborting

[flask] 70/72 39cb350 2016-02-19
Checkout failed: flask 39cb350
error: Your local changes to the following files would be overwritten by checkout:
	CHANGES
	CONTRIBUTING.rst
	docs/api.rst
	docs/conf.py
	docs/config.rst
	docs/errorhandling.rst
	docs/extensiondev.rst
	docs/patterns/wtforms.rst
	docs/quickstart.rst
	docs/tutorial/dbcon.rst
	docs/tutorial/dbinit.rst
	docs/upgrading.rst
	flask/app.py
Please commit your changes or stash them before you switch branches.
Aborting

[flask] 71/72 da0ebb9 2016-03-27
Checkout failed: flask da0ebb9
error: Your local changes to the following files would be overwritten by checkout:
	CHANGES
	CONTRIBUTING.rst
	docs/api.rst
	docs/conf.py
	docs/config.rst
	docs/errorhandling.rst
	docs/extensiondev.rst
	docs/quickstart.rst
	docs/tutorial/dbcon.rst
	docs/tutorial/dbinit.rst
	docs/upgrading.rst
	flask/app.py
Please commit your changes or stash them before you switch branches.
Aborting

[flask] 72/72 317d603 2016-04-11
Updated DB snapshot: flask 317d603
Warning: could not restore a branch for flask
Saved CSV: /Users/chengbin/Developer/tech_debt/dashboard/analysis/complexity_results/flask_complexity.csv
Saved plot: /Users/chengbin/Developer/tech_debt/dashboard/analysis/complexity_plots/flask_complexity.png

Analyzing project: selenium
selenium: 1 monthly commits selected
[selenium] 1/1 29c4d9c 2004-11-03
Updated DB snapshot: selenium 29c4d9c
Warning: could not restore a branch for selenium
Saved CSV: /Users/chengbin/Developer/tech_debt/dashboard/analysis/complexity_results/selenium_complexity.csv
Saved plot: /Users/chengbin/Developer/tech_debt/dashboard/analysis/complexity_plots/selenium_complexity.png

Analyzing project: marshmallow
marshmallow: 1 monthly commits selected
[marshmallow] 1/1 f1aa25b 2013-11-08
Updated DB snapshot: marshmallow f1aa25b
Warning: could not restore a branch for marshmallow
Saved CSV: /Users/chengbin/Developer/tech_debt/dashboard/analysis/complexity_results/marshmallow_complexity.csv
Saved plot: /Users/chengbin/Developer/tech_debt/dashboard/analysis/complexity_plots/marshmallow_complexity.png

Analyzing project: ruff
ruff: 26 monthly commits selected
[ruff] 1/26 64df4eb 2022-08-31
Updated DB snapshot: ruff 64df4eb
[ruff] 2/26 417764d 2022-09-30
Created DB snapshot: ruff 3af3f74
[ruff] 27/49 b8acadd 2024-10-31
Updated DB snapshot: ruff 417764d
[ruff] 3/26 df6a48f 2022-10-31
Checkout failed: ruff df6a48f
fatal: Unable to create '/Users/chengbin/Developer/tech_debt/tech_debt_project/repos/ruff/.git/index.lock': File exists.

Another git process seems to be running in this repository, e.g.
an editor opened by 'git commit'. Please make sure all processes
are terminated then try again. If it still fails, a git process
may have crashed in this repository earlier:
remove the file manually to continue.

[ruff] 4/26 f6b0a60 2022-11-30
Checkout failed: ruff f6b0a60
fatal: Unable to create '/Users/chengbin/Developer/tech_debt/tech_debt_project/repos/ruff/.git/index.lock': File exists.

Another git process seems to be running in this repository, e.g.
an editor opened by 'git commit'. Please make sure all processes
are terminated then try again. If it still fails, a git process
may have crashed in this repository earlier:
remove the file manually to continue.

[ruff] 5/26 8fd0d8e 2022-12-31
Checkout failed: ruff 8fd0d8e
fatal: Unable to create '/Users/chengbin/Developer/tech_debt/tech_debt_project/repos/ruff/.git/index.lock': File exists.

Another git process seems to be running in this repository, e.g.
an editor opened by 'git commit'. Please make sure all processes
are terminated then try again. If it still fails, a git process
may have crashed in this repository earlier:
remove the file manually to continue.

[ruff] 6/26 9eda286 2023-01-30
Checkout failed: ruff 9eda286
fatal: Unable to create '/Users/chengbin/Developer/tech_debt/tech_debt_project/repos/ruff/.git/index.lock': File exists.

Another git process seems to be running in this repository, e.g.
an editor opened by 'git commit'. Please make sure all processes
are terminated then try again. If it still fails, a git process
may have crashed in this repository earlier:
remove the file manually to continue.

[ruff] 7/26 a032b66 2023-02-28
Checkout failed: ruff a032b66
fatal: Unable to create '/Users/chengbin/Developer/tech_debt/tech_debt_project/repos/ruff/.git/index.lock': File exists.

Another git process seems to be running in this repository, e.g.
an editor opened by 'git commit'. Please make sure all processes
are terminated then try again. If it still fails, a git process
may have crashed in this repository earlier:
remove the file manually to continue.

[ruff] 8/26 2f90157 2023-03-31
Checkout failed: ruff 2f90157
fatal: Unable to create '/Users/chengbin/Developer/tech_debt/tech_debt_project/repos/ruff/.git/index.lock': File exists.

Another git process seems to be running in this repository, e.g.
an editor opened by 'git commit'. Please make sure all processes
are terminated then try again. If it still fails, a git process
may have crashed in this repository earlier:
remove the file manually to continue.

[ruff] 9/26 8147313 2023-04-30
Checkout failed: ruff 8147313
fatal: Unable to create '/Users/chengbin/Developer/tech_debt/tech_debt_project/repos/ruff/.git/index.lock': File exists.

Another git process seems to be running in this repository, e.g.
an editor opened by 'git commit'. Please make sure all processes
are terminated then try again. If it still fails, a git process
may have crashed in this repository earlier:
remove the file manually to continue.

[ruff] 10/26 46c3b3a 2023-05-31
Checkout failed: ruff 46c3b3a
fatal: Unable to create '/Users/chengbin/Developer/tech_debt/tech_debt_project/repos/ruff/.git/index.lock': File exists.

Another git process seems to be running in this repository, e.g.
an editor opened by 'git commit'. Please make sure all processes
are terminated then try again. If it still fails, a git process
may have crashed in this repository earlier:
remove the file manually to continue.

[ruff] 11/26 f0ec9ec 2023-06-30
Checkout failed: ruff f0ec9ec
fatal: Unable to create '/Users/chengbin/Developer/tech_debt/tech_debt_project/repos/ruff/.git/index.lock': File exists.

Another git process seems to be running in this repository, e.g.
an editor opened by 'git commit'. Please make sure all processes
are terminated then try again. If it still fails, a git process
may have crashed in this repository earlier:
remove the file manually to continue.

[ruff] 12/26 764d356 2023-07-31
Checkout failed: ruff 764d356
fatal: Unable to create '/Users/chengbin/Developer/tech_debt/tech_debt_project/repos/ruff/.git/index.lock': File exists.

Another git process seems to be running in this repository, e.g.
an editor opened by 'git commit'. Please make sure all processes
are terminated then try again. If it still fails, a git process
may have crashed in this repository earlier:
remove the file manually to continue.

[ruff] 13/26 376d3ca 2023-08-31
Checkout failed: ruff 376d3ca
fatal: Unable to create '/Users/chengbin/Developer/tech_debt/tech_debt_project/repos/ruff/.git/index.lock': File exists.

Another git process seems to be running in this repository, e.g.
an editor opened by 'git commit'. Please make sure all processes
are terminated then try again. If it still fails, a git process
may have crashed in this repository earlier:
remove the file manually to continue.

[ruff] 14/26 488ec54 2023-09-30
Checkout failed: ruff 488ec54
fatal: Unable to create '/Users/chengbin/Developer/tech_debt/tech_debt_project/repos/ruff/.git/index.lock': File exists.

Another git process seems to be running in this repository, e.g.
an editor opened by 'git commit'. Please make sure all processes
are terminated then try again. If it still fails, a git process
may have crashed in this repository earlier:
remove the file manually to continue.

[ruff] 15/26 1642f4d 2023-10-31
Checkout failed: ruff 1642f4d
fatal: Unable to create '/Users/chengbin/Developer/tech_debt/tech_debt_project/repos/ruff/.git/index.lock': File exists.

Another git process seems to be running in this repository, e.g.
an editor opened by 'git commit'. Please make sure all processes
are terminated then try again. If it still fails, a git process
may have crashed in this repository earlier:
remove the file manually to continue.

[ruff] 16/26 69dfe0a 2023-11-30
Checkout failed: ruff 69dfe0a
fatal: Unable to create '/Users/chengbin/Developer/tech_debt/tech_debt_project/repos/ruff/.git/index.lock': File exists.

Another git process seems to be running in this repository, e.g.
an editor opened by 'git commit'. Please make sure all processes
are terminated then try again. If it still fails, a git process
may have crashed in this repository earlier:
remove the file manually to continue.

[ruff] 17/26 1f9353f 2023-12-31
Checkout failed: ruff 1f9353f
fatal: Unable to create '/Users/chengbin/Developer/tech_debt/tech_debt_project/repos/ruff/.git/index.lock': File exists.

Another git process seems to be running in this repository, e.g.
an editor opened by 'git commit'. Please make sure all processes
are terminated then try again. If it still fails, a git process
may have crashed in this repository earlier:
remove the file manually to continue.

[ruff] 18/26 85a7edc 2024-01-30
Checkout failed: ruff 85a7edc
fatal: Unable to create '/Users/chengbin/Developer/tech_debt/tech_debt_project/repos/ruff/.git/index.lock': File exists.

Another git process seems to be running in this repository, e.g.
an editor opened by 'git commit'. Please make sure all processes
are terminated then try again. If it still fails, a git process
may have crashed in this repository earlier:
remove the file manually to continue.

[ruff] 19/26 c9931a5 2024-02-29
Checkout failed: ruff c9931a5
fatal: Unable to create '/Users/chengbin/Developer/tech_debt/tech_debt_project/repos/ruff/.git/index.lock': File exists.

Another git process seems to be running in this repository, e.g.
an editor opened by 'git commit'. Please make sure all processes
are terminated then try again. If it still fails, a git process
may have crashed in this repository earlier:
remove the file manually to continue.

[ruff] 20/26 f6b6f0d 2024-03-31
Checkout failed: ruff f6b6f0d
fatal: Unable to create '/Users/chengbin/Developer/tech_debt/tech_debt_project/repos/ruff/.git/index.lock': File exists.

Another git process seems to be running in this repository, e.g.
an editor opened by 'git commit'. Please make sure all processes
are terminated then try again. If it still fails, a git process
may have crashed in this repository earlier:
remove the file manually to continue.

[ruff] 21/26 414990c 2024-04-30
Checkout failed: ruff 414990c
fatal: Unable to create '/Users/chengbin/Developer/tech_debt/tech_debt_project/repos/ruff/.git/index.lock': File exists.

Another git process seems to be running in this repository, e.g.
an editor opened by 'git commit'. Please make sure all processes
are terminated then try again. If it still fails, a git process
may have crashed in this repository earlier:
remove the file manually to continue.

[ruff] 22/26 99834ee 2024-05-31
Checkout failed: ruff 99834ee
fatal: Unable to create '/Users/chengbin/Developer/tech_debt/tech_debt_project/repos/ruff/.git/index.lock': File exists.

Another git process seems to be running in this repository, e.g.
an editor opened by 'git commit'. Please make sure all processes
are terminated then try again. If it still fails, a git process
may have crashed in this repository earlier:
remove the file manually to continue.

[ruff] 23/26 85ede4a 2024-06-30
Checkout failed: ruff 85ede4a
fatal: Unable to create '/Users/chengbin/Developer/tech_debt/tech_debt_project/repos/ruff/.git/index.lock': File exists.

Another git process seems to be running in this repository, e.g.
an editor opened by 'git commit'. Please make sure all processes
are terminated then try again. If it still fails, a git process
may have crashed in this repository earlier:
remove the file manually to continue.

[ruff] 24/26 a3e67ab 2024-07-31
Checkout failed: ruff a3e67ab
fatal: Unable to create '/Users/chengbin/Developer/tech_debt/tech_debt_project/repos/ruff/.git/index.lock': File exists.

Another git process seems to be running in this repository, e.g.
an editor opened by 'git commit'. Please make sure all processes
are terminated then try again. If it still fails, a git process
may have crashed in this repository earlier:
remove the file manually to continue.

[ruff] 25/26 3ceedf7 2024-08-30
Checkout failed: ruff 3ceedf7
fatal: Unable to create '/Users/chengbin/Developer/tech_debt/tech_debt_project/repos/ruff/.git/index.lock': File exists.

Another git process seems to be running in this repository, e.g.
an editor opened by 'git commit'. Please make sure all processes
are terminated then try again. If it still fails, a git process
may have crashed in this repository earlier:
remove the file manually to continue.

[ruff] 26/26 3af3f74 2024-09-30
Checkout failed: ruff 3af3f74
fatal: Unable to create '/Users/chengbin/Developer/tech_debt/tech_debt_project/repos/ruff/.git/index.lock': File exists.

Another git process seems to be running in this repository, e.g.
an editor opened by 'git commit'. Please make sure all processes
are terminated then try again. If it still fails, a git process
may have crashed in this repository earlier:
remove the file manually to continue.

Warning: could not restore a branch for ruff
Saved CSV: /Users/chengbin/Developer/tech_debt/dashboard/analysis/complexity_results/ruff_complexity.csv
Saved plot: /Users/chengbin/Developer/tech_debt/dashboard/analysis/complexity_plots/ruff_complexity.png

Analyzing project: viewflow
viewflow: 41 monthly commits selected
[viewflow] 1/41 cdf7951 2020-11-27
Created DB snapshot: viewflow cdf7951
[viewflow] 2/41 b3fdf8d 2020-12-21
Created DB snapshot: viewflow b3fdf8d
[viewflow] 3/41 860832c 2021-01-19
Created DB snapshot: viewflow 860832c
[viewflow] 4/41 8948a78 2021-02-20
Created DB snapshot: ruff b8acadd
[ruff] 28/49 9e01763 2024-11-30
Created DB snapshot: viewflow 8948a78
[viewflow] 5/41 92e36d0 2021-10-12
Created DB snapshot: viewflow 92e36d0
[viewflow] 6/41 28986d2 2021-11-26
Created DB snapshot: viewflow 28986d2
[viewflow] 7/41 af62e4c 2021-12-01
Created DB snapshot: ruff 9e01763
[ruff] 29/49 84179aa 2024-12-20
Created DB snapshot: viewflow af62e4c
[viewflow] 8/41 8a9ca59 2022-04-11
Created DB snapshot: viewflow 8a9ca59
[viewflow] 9/41 aac8d8b 2022-10-17
Created DB snapshot: ruff 84179aa
[ruff] 30/49 b58f2c3 2025-01-31
Created DB snapshot: viewflow aac8d8b
[viewflow] 10/41 ecb02b4 2022-11-10
Created DB snapshot: viewflow ecb02b4
[viewflow] 11/41 c2aae61 2023-01-27
Created DB snapshot: ruff b58f2c3
[ruff] 31/49 4431978 2025-02-28
Created DB snapshot: viewflow c2aae61
[viewflow] 12/41 540b93b 2023-02-08
Created DB snapshot: viewflow 540b93b
[viewflow] 13/41 ae9c46a 2023-03-23
Created DB snapshot: viewflow ae9c46a
[viewflow] 14/41 8d581f7 2023-04-28
Created DB snapshot: ruff 4431978
[ruff] 32/49 4e169e5 2025-03-21
Created DB snapshot: viewflow 8d581f7
[viewflow] 15/41 ed0ea2c 2023-05-24
Created DB snapshot: viewflow ed0ea2c
[viewflow] 16/41 57a7fd6 2023-06-06
Created DB snapshot: ruff 4e169e5
[ruff] 33/49 b7ce694 2025-04-30
Created DB snapshot: viewflow 57a7fd6
[viewflow] 17/41 7e5c946 2023-07-28
Created DB snapshot: viewflow 7e5c946
[viewflow] 18/41 fca482f 2023-08-25
Created DB snapshot: ruff b7ce694
[ruff] 34/49 aa1fad6 2025-05-30
Created DB snapshot: viewflow fca482f
[viewflow] 19/41 11a7e3d 2023-09-29
Created DB snapshot: viewflow 11a7e3d
[viewflow] 20/41 d9f8cc4 2024-02-29
Created DB snapshot: ruff aa1fad6
[ruff] 35/49 c9df4dd 2025-06-25
Created DB snapshot: viewflow d9f8cc4
[viewflow] 21/41 2befa43 2024-03-13
Created DB snapshot: viewflow 2befa43
[viewflow] 22/41 96a4e86 2024-04-30
Created DB snapshot: ruff c9df4dd
[ruff] 36/49 b3a26a5 2025-07-31
Created DB snapshot: viewflow 96a4e86
[viewflow] 23/41 8fb6788 2024-05-12
Created DB snapshot: ruff b3a26a5
[ruff] 37/49 0a0eaf5 2025-08-29
Created DB snapshot: viewflow 8fb6788
[viewflow] 24/41 e8680ae 2024-06-28
Created DB snapshot: viewflow e8680ae
[viewflow] 25/41 bcb72e8 2024-07-18
Created DB snapshot: ruff 0a0eaf5
[ruff] 38/49 3771f15 2025-09-25
Created DB snapshot: viewflow bcb72e8
[viewflow] 26/41 66df5be 2024-08-23
Created DB snapshot: ruff 3771f15
[ruff] 39/49 62f20b1 2025-10-29
Created DB snapshot: viewflow 66df5be
[viewflow] 27/41 0cb53aa 2024-09-20
Created DB snapshot: viewflow 0cb53aa
[viewflow] 28/41 35bc88d 2024-10-09
Created DB snapshot: ruff 62f20b1
[ruff] 40/49 2a38395 2025-11-25
Created DB snapshot: viewflow 35bc88d
[viewflow] 29/41 afd5f6f 2025-01-17
Created DB snapshot: viewflow afd5f6f
[viewflow] 30/41 89536a5 2025-02-25
Created DB snapshot: ruff 2a38395
[ruff] 41/49 d4c1b0c 2025-12-11
Created DB snapshot: viewflow 89536a5
[viewflow] 31/41 72c6fbd 2025-03-27
Created DB snapshot: ruff d4c1b0c
[ruff] 42/49 c056ee6 2026-01-13
Created DB snapshot: viewflow 72c6fbd
[viewflow] 32/41 495f05a 2025-05-22
Created DB snapshot: viewflow 495f05a
[viewflow] 33/41 5ff7a53 2025-06-05
Created DB snapshot: ruff c056ee6
[ruff] 43/49 329b713 2026-02-28
Created DB snapshot: viewflow 5ff7a53
[viewflow] 34/41 f39d24d 2025-07-25
Created DB snapshot: viewflow f39d24d
[viewflow] 35/41 243a439 2025-09-24
Created DB snapshot: ruff 329b713
[ruff] 44/49 39c3636 2026-03-31
Created DB snapshot: viewflow 243a439
[viewflow] 36/41 b8971c5 2025-11-24
Created DB snapshot: ruff 39c3636
[ruff] 45/49 9e2dd4a 2026-04-30
Created DB snapshot: viewflow b8971c5
[viewflow] 37/41 4f75022 2025-12-23
Created DB snapshot: viewflow 4f75022
[viewflow] 38/41 1662f93 2026-01-28
Created DB snapshot: ruff 9e2dd4a
[ruff] 46/49 dba3619 2026-05-30
Created DB snapshot: viewflow 1662f93
[viewflow] 39/41 be5d24d 2026-05-16
Created DB snapshot: viewflow be5d24d
[viewflow] 40/41 83de693 2026-06-30
Created DB snapshot: ruff dba3619
[ruff] 47/49 83c3473 2026-06-26
Created DB snapshot: viewflow 83de693
[viewflow] 41/41 5ae2321 2026-07-30
Created DB snapshot: viewflow 5ae2321
Saved CSV: /Users/chengbin/Developer/tech_debt/dashboard/analysis/complexity_results/viewflow_complexity.csv
Saved plot: /Users/chengbin/Developer/tech_debt/dashboard/analysis/complexity_plots/viewflow_complexity.png

Analyzing project: aiohttp
aiohttp: 1 monthly commits selected
[aiohttp] 1/1 f382b5f 2013-10-01
Created DB snapshot: aiohttp f382b5f
Saved CSV: /Users/chengbin/Developer/tech_debt/dashboard/analysis/complexity_results/aiohttp_complexity.csv
Saved plot: /Users/chengbin/Developer/tech_debt/dashboard/analysis/complexity_plots/aiohttp_complexity.png

Analyzing project: tox
tox: 73 monthly commits selected
[tox] 1/73 741362f 2020-03-29
Created DB snapshot: tox 741362f
[tox] 2/73 38cb66b 2020-04-17
Created DB snapshot: tox 38cb66b
[tox] 3/73 df44c1c 2020-07-27
Created DB snapshot: tox df44c1c
[tox] 4/73 da22bd0 2020-10-31
Created DB snapshot: tox da22bd0
[tox] 5/73 701832d 2020-11-30
Created DB snapshot: tox 701832d
[tox] 6/73 840aa29 2020-12-31
Created DB snapshot: tox 840aa29
[tox] 7/73 43ff8be 2021-01-31
Created DB snapshot: tox 43ff8be
[tox] 8/73 b88679a 2021-02-27
Created DB snapshot: tox b88679a
[tox] 9/73 4c98833 2021-03-27
Created DB snapshot: tox 4c98833
[tox] 10/73 072ca8d 2021-04-18
Created DB snapshot: tox 072ca8d
[tox] 11/73 72245f2 2021-05-07
Created DB snapshot: tox 72245f2
[tox] 12/73 4f842fc 2021-07-31
Created DB snapshot: tox 4f842fc
[tox] 13/73 8cdcc06 2021-08-31
Created DB snapshot: tox 8cdcc06
[tox] 14/73 cc04fe9 2021-09-26
Created DB snapshot: tox cc04fe9
[tox] 15/73 ad97564 2021-10-14
Created DB snapshot: tox ad97564
[tox] 16/73 1ad255d 2021-11-17
Created DB snapshot: tox 1ad255d
[tox] 17/73 e62a717 2021-12-20
Created DB snapshot: tox e62a717
[tox] 18/73 c4c8261 2022-01-26
Created DB snapshot: tox c4c8261
[tox] 19/73 417a890 2022-02-10
Created DB snapshot: ruff 83c3473
[ruff] 48/49 adb763d 2026-07-31
Created DB snapshot: tox 417a890
[tox] 20/73 6c519d6 2022-03-23
Created DB snapshot: tox 6c519d6
[tox] 21/73 8af8ed3 2022-04-11
Created DB snapshot: tox 8af8ed3
[tox] 22/73 d7638fc 2022-05-13
Created DB snapshot: tox d7638fc
[tox] 23/73 1dbb2ac 2022-06-29
Created DB snapshot: tox 1dbb2ac
[tox] 24/73 0100423 2022-07-25
Created DB snapshot: tox 0100423
[tox] 25/73 e0c3bab 2022-08-21
Created DB snapshot: tox e0c3bab
[tox] 26/73 0ee8853 2022-09-10
Created DB snapshot: tox 0ee8853
[tox] 27/73 f99073c 2022-10-31
Created DB snapshot: tox f99073c
[tox] 28/73 6fe6e4d 2022-11-30
Created DB snapshot: tox 6fe6e4d
[tox] 29/73 26e293f 2022-12-31
Created DB snapshot: tox 26e293f
[tox] 30/73 b7fec1e 2023-01-31
Created DB snapshot: tox b7fec1e
[tox] 31/73 251dc1a 2023-02-21
Created DB snapshot: tox 251dc1a
[tox] 32/73 8a7327c 2023-03-31
Created DB snapshot: tox 8a7327c
[tox] 33/73 8126c5c 2023-04-28
Created DB snapshot: tox 8126c5c
[tox] 34/73 7165642 2023-05-30
Created DB snapshot: tox 7165642
[tox] 35/73 2e31a84 2023-06-27
Created DB snapshot: tox 2e31a84
[tox] 36/73 5e28aff 2023-07-31
Created DB snapshot: tox 5e28aff
[tox] 37/73 da0885c 2023-08-31
Created DB snapshot: tox da0885c
[tox] 38/73 bcfbaed 2023-09-26
Created DB snapshot: tox bcfbaed
[tox] 39/73 065740c 2023-10-30
Created DB snapshot: tox 065740c
[tox] 40/73 dace6dd 2023-11-29
Created DB snapshot: tox dace6dd
[tox] 41/73 328b348 2023-12-18
Created DB snapshot: tox 328b348
[tox] 42/73 2bcc3ec 2024-01-29
Created DB snapshot: tox 2bcc3ec
[tox] 43/73 0fd872d 2024-02-27
Created DB snapshot: tox 0fd872d
[tox] 44/73 08223fc 2024-03-25
Created DB snapshot: tox 08223fc
[tox] 45/73 e2f66b1 2024-04-29
Created DB snapshot: tox e2f66b1
[tox] 46/73 406f808 2024-05-23
Created DB snapshot: tox 406f808
[tox] 47/73 698f1dd 2024-06-22
Created DB snapshot: tox 698f1dd
[tox] 48/73 17435df 2024-07-23
Created DB snapshot: tox 17435df
[tox] 49/73 8d0a47c 2024-08-23
Created DB snapshot: tox 8d0a47c
[tox] 50/73 46bef9e 2024-09-30
Created DB snapshot: tox 46bef9e
[tox] 51/73 5d880fc 2024-10-30
Created DB snapshot: tox 5d880fc
[tox] 52/73 a81c2cb 2024-11-27
Created DB snapshot: tox a81c2cb
[tox] 53/73 e3e77a6 2024-12-29
Created DB snapshot: tox e3e77a6
[tox] 54/73 8d302eb 2025-01-28
Created DB snapshot: tox 8d302eb
[tox] 55/73 32879c8 2025-02-24
Created DB snapshot: tox 32879c8
[tox] 56/73 a985171 2025-03-29
Created DB snapshot: tox a985171
[tox] 57/73 4a8e50e 2025-04-28
Created DB snapshot: tox 4a8e50e
[tox] 58/73 3ad56f0 2025-05-27
Created DB snapshot: tox 3ad56f0
[tox] 59/73 3c4497c 2025-06-30
Created DB snapshot: tox 3c4497c
[tox] 60/73 611b751 2025-07-31
Created DB snapshot: tox 611b751
[tox] 61/73 e911788 2025-08-30
Created DB snapshot: tox e911788
[tox] 62/73 393de39 2025-09-22
Created DB snapshot: tox 393de39
[tox] 63/73 0cf41c1 2025-10-30
Created DB snapshot: tox 0cf41c1
[tox] 64/73 b5c0550 2025-11-24
Created DB snapshot: ruff adb763d
[ruff] 49/49 6ffd512 2026-08-03
Created DB snapshot: tox b5c0550
[tox] 65/73 29cdaab 2025-12-15
Created DB snapshot: tox 29cdaab
[tox] 66/73 82cefac 2026-01-26
Created DB snapshot: tox 82cefac
[tox] 67/73 f1083c0 2026-02-27
Created DB snapshot: tox f1083c0
[tox] 68/73 d83d577 2026-03-30
Created DB snapshot: tox d83d577
[tox] 69/73 3aa3cd5 2026-04-27
Created DB snapshot: tox 3aa3cd5
[tox] 70/73 928b7f0 2026-05-28
Created DB snapshot: tox 928b7f0
[tox] 71/73 03c2d58 2026-06-30
Created DB snapshot: tox 03c2d58
[tox] 72/73 9ac0081 2026-07-30
Created DB snapshot: tox 9ac0081
[tox] 73/73 0bbe8c4 2026-08-03
Created DB snapshot: tox 0bbe8c4
Saved CSV: /Users/chengbin/Developer/tech_debt/dashboard/analysis/complexity_results/tox_complexity.csv
Saved plot: /Users/chengbin/Developer/tech_debt/dashboard/analysis/complexity_plots/tox_complexity.png

Analyzing project: networkx
networkx: 253 monthly commits selected
[networkx] 1/253 09bd53b 2005-07-25
Created DB snapshot: networkx 09bd53b
[networkx] 2/253 b77346a 2005-08-26
Created DB snapshot: networkx b77346a
[networkx] 3/253 a25bd43 2005-09-23
Created DB snapshot: networkx a25bd43
[networkx] 4/253 b494c9e 2005-10-25
Created DB snapshot: networkx b494c9e
[networkx] 5/253 3a4bb3a 2005-11-17
Created DB snapshot: networkx 3a4bb3a
[networkx] 6/253 d74f3c4 2005-12-30
Created DB snapshot: networkx d74f3c4
[networkx] 7/253 aef8f72 2006-01-30
Created DB snapshot: networkx aef8f72
[networkx] 8/253 5a490e4 2006-02-18
Created DB snapshot: networkx 5a490e4
[networkx] 9/253 c7ab18c 2006-03-31
Created DB snapshot: networkx c7ab18c
[networkx] 10/253 6dd4824 2006-04-29
Created DB snapshot: networkx 6dd4824
[networkx] 11/253 56b2d19 2006-05-30
Created DB snapshot: networkx 56b2d19
[networkx] 12/253 a2a0d10 2006-06-30
Created DB snapshot: networkx a2a0d10
[networkx] 13/253 fd9334c 2006-07-29
Created DB snapshot: networkx fd9334c
[networkx] 14/253 990651c 2006-08-31
Created DB snapshot: networkx 990651c
[networkx] 15/253 4cecb04 2006-09-29
Created DB snapshot: networkx 4cecb04
[networkx] 16/253 34a1e9b 2006-10-23
Created DB snapshot: networkx 34a1e9b
[networkx] 17/253 919c519 2006-11-29
Created DB snapshot: networkx 919c519
[networkx] 18/253 6ee33f6 2006-12-29
Created DB snapshot: networkx 6ee33f6
[networkx] 19/253 5d34eb5 2007-01-31
Created DB snapshot: networkx 5d34eb5
[networkx] 20/253 e600873 2007-02-22
Created DB snapshot: networkx e600873
[networkx] 21/253 8e136fa 2007-03-25
Created DB snapshot: networkx 8e136fa
[networkx] 22/253 8dfe174 2007-04-23
Created DB snapshot: ruff 6ffd512
Saved CSV: /Users/chengbin/Developer/tech_debt/dashboard/analysis/complexity_results/ruff_complexity.csv
Saved plot: /Users/chengbin/Developer/tech_debt/dashboard/analysis/complexity_plots/ruff_complexity.png

Analyzing project: viewflow
viewflow: 41 monthly commits selected
[viewflow] 1/41 cdf7951 2020-11-27
Created DB snapshot: networkx 8dfe174
[networkx] 23/253 5c8b6f8 2007-05-15
Created DB snapshot: networkx 5c8b6f8
[networkx] 24/253 3d1fe14 2007-06-28
Created DB snapshot: networkx 3d1fe14
[networkx] 25/253 4d4cd50 2007-07-31
Created DB snapshot: networkx 4d4cd50
[networkx] 26/253 62219d1 2007-08-21
Created DB snapshot: networkx 62219d1
[networkx] 27/253 89429d3 2007-09-27
Updated DB snapshot: viewflow cdf7951
[viewflow] 2/41 b3fdf8d 2020-12-21
Created DB snapshot: networkx 89429d3
[networkx] 28/253 28b215a 2007-10-16
Created DB snapshot: networkx 28b215a
[networkx] 29/253 a333b0f 2007-11-08
Created DB snapshot: networkx a333b0f
[networkx] 30/253 64cd60f 2007-12-16
Created DB snapshot: networkx 64cd60f
[networkx] 31/253 ba329f9 2008-01-25
Created DB snapshot: networkx ba329f9
[networkx] 32/253 de452a1 2008-02-29
Updated DB snapshot: viewflow b3fdf8d
[viewflow] 3/41 860832c 2021-01-19
Created DB snapshot: networkx de452a1
[networkx] 33/253 18e6bcf 2008-03-08
Created DB snapshot: networkx 18e6bcf
[networkx] 34/253 ce3141f 2008-05-30
Created DB snapshot: networkx ce3141f
[networkx] 35/253 5b5ba90 2008-06-24
Created DB snapshot: networkx 5b5ba90
[networkx] 36/253 fc50ee5 2008-07-28
Updated DB snapshot: viewflow 860832c
[viewflow] 4/41 8948a78 2021-02-20
Created DB snapshot: networkx fc50ee5
[networkx] 37/253 d44b814 2008-08-17
Created DB snapshot: networkx d44b814
[networkx] 38/253 8f63334 2008-09-23
Created DB snapshot: networkx 8f63334
[networkx] 39/253 ba9f462 2008-10-03
Created DB snapshot: networkx ba9f462
[networkx] 40/253 6904dd7 2008-11-29
Updated DB snapshot: viewflow 8948a78
[viewflow] 5/41 92e36d0 2021-10-12
Created DB snapshot: networkx 6904dd7
[networkx] 41/253 9d1d06f 2008-12-31
Created DB snapshot: networkx 9d1d06f
[networkx] 42/253 80e32fa 2009-01-30
Created DB snapshot: networkx 80e32fa
[networkx] 43/253 56c62a9 2009-02-28
Created DB snapshot: networkx 56c62a9
[networkx] 44/253 5a15b54 2009-03-24
Updated DB snapshot: viewflow 92e36d0
[viewflow] 6/41 28986d2 2021-11-26
Created DB snapshot: networkx 5a15b54
[networkx] 45/253 4f737f4 2009-04-30
Created DB snapshot: networkx 4f737f4
[networkx] 46/253 b778ae1 2009-05-21
Created DB snapshot: networkx b778ae1
[networkx] 47/253 ea9a5b2 2009-06-30
Updated DB snapshot: viewflow 28986d2
[viewflow] 7/41 af62e4c 2021-12-01
Created DB snapshot: networkx ea9a5b2
[networkx] 48/253 3ad0e90 2009-07-27
Created DB snapshot: networkx 3ad0e90
[networkx] 49/253 7f176ce 2009-08-31
Created DB snapshot: networkx 7f176ce
[networkx] 50/253 af09de1 2009-09-29
Created DB snapshot: networkx af09de1
[networkx] 51/253 2edc2f6 2009-10-30
Updated DB snapshot: viewflow af62e4c
[viewflow] 8/41 8a9ca59 2022-04-11
Created DB snapshot: networkx 2edc2f6
[networkx] 52/253 85b9c40 2009-11-06
Created DB snapshot: networkx 85b9c40
[networkx] 53/253 a9e6e64 2009-12-31
Created DB snapshot: networkx a9e6e64
[networkx] 54/253 d07e289 2010-01-22
Created DB snapshot: networkx d07e289
[networkx] 55/253 4385675 2010-02-26
Updated DB snapshot: viewflow 8a9ca59
[viewflow] 9/41 aac8d8b 2022-10-17
Created DB snapshot: networkx 4385675
[networkx] 56/253 5d1fcad 2010-03-26
Created DB snapshot: networkx 5d1fcad
[networkx] 57/253 c7aaf18 2010-04-29
Created DB snapshot: networkx c7aaf18
[networkx] 58/253 1ef90fc 2010-05-05
Created DB snapshot: networkx 1ef90fc
[networkx] 59/253 befc67e 2010-06-25
Created DB snapshot: networkx befc67e
[networkx] 60/253 319009b 2010-07-31
Created DB snapshot: networkx 319009b
[networkx] 61/253 d66362b 2010-08-30
Created DB snapshot: networkx d66362b
[networkx] 62/253 e41e3c9 2010-09-28
Updated DB snapshot: viewflow aac8d8b
[viewflow] 10/41 ecb02b4 2022-11-10
Created DB snapshot: networkx e41e3c9
[networkx] 63/253 d1fdde7 2010-10-29
Created DB snapshot: networkx d1fdde7
[networkx] 64/253 b375655 2010-11-29
Created DB snapshot: networkx b375655
[networkx] 65/253 204ad64 2010-12-14
Created DB snapshot: networkx 204ad64
[networkx] 66/253 022b755 2011-01-30
Created DB snapshot: networkx 022b755
[networkx] 67/253 2ec7e14 2011-02-27
Created DB snapshot: networkx 2ec7e14
[networkx] 68/253 10e22ba 2011-03-28
Updated DB snapshot: viewflow ecb02b4
[viewflow] 11/41 c2aae61 2023-01-27
Created DB snapshot: networkx 10e22ba
[networkx] 69/253 1997ae4 2011-04-20
Created DB snapshot: networkx 1997ae4
[networkx] 70/253 ad57e6f 2011-05-31
Created DB snapshot: networkx ad57e6f
[networkx] 71/253 f51fb08 2011-06-30
Created DB snapshot: networkx f51fb08
[networkx] 72/253 066d95d 2011-07-31
Updated DB snapshot: viewflow c2aae61
[viewflow] 12/41 540b93b 2023-02-08
Created DB snapshot: networkx 066d95d
[networkx] 73/253 effecd1 2011-08-29
Created DB snapshot: networkx effecd1
[networkx] 74/253 bf30aaf 2011-09-27
Created DB snapshot: networkx bf30aaf
[networkx] 75/253 5cfbcdf 2011-10-25
Updated DB snapshot: viewflow 540b93b
[viewflow] 13/41 ae9c46a 2023-03-23
Created DB snapshot: networkx 5cfbcdf
[networkx] 76/253 1589e2d 2011-11-30
Created DB snapshot: networkx 1589e2d
[networkx] 77/253 656d774 2011-12-30
Created DB snapshot: networkx 656d774
[networkx] 78/253 aa55064 2012-01-16
Updated DB snapshot: viewflow ae9c46a
[viewflow] 14/41 8d581f7 2023-04-28
Created DB snapshot: networkx aa55064
[networkx] 79/253 b79bb7c 2012-02-26
Created DB snapshot: networkx b79bb7c
[networkx] 80/253 ee8314a 2012-03-28
Created DB snapshot: networkx ee8314a
[networkx] 81/253 30b2087 2012-04-28
Updated DB snapshot: viewflow 8d581f7
[viewflow] 15/41 ed0ea2c 2023-05-24
Created DB snapshot: networkx 30b2087
[networkx] 82/253 3924849 2012-05-31
Created DB snapshot: networkx 3924849
[networkx] 83/253 9ebe087 2012-06-29
Created DB snapshot: networkx 9ebe087
[networkx] 84/253 62ca44e 2012-07-23
Updated DB snapshot: viewflow ed0ea2c
[viewflow] 16/41 57a7fd6 2023-06-06
Created DB snapshot: networkx 62ca44e
[networkx] 85/253 69af3e9 2012-08-07
Created DB snapshot: networkx 69af3e9
[networkx] 86/253 64e2b5f 2012-09-08
Created DB snapshot: networkx 64e2b5f
[networkx] 87/253 f578581 2012-10-28
Updated DB snapshot: viewflow 57a7fd6
[viewflow] 17/41 7e5c946 2023-07-28
Created DB snapshot: networkx f578581
[networkx] 88/253 df3fe38 2012-11-27
Created DB snapshot: networkx df3fe38
[networkx] 89/253 07b1826 2012-12-29
Updated DB snapshot: viewflow 7e5c946
[viewflow] 18/41 fca482f 2023-08-25
Created DB snapshot: networkx 07b1826
[networkx] 90/253 9294fc8 2013-01-22
Created DB snapshot: networkx 9294fc8
[networkx] 91/253 c1465c8 2013-02-26
Created DB snapshot: networkx c1465c8
[networkx] 92/253 a18f099 2013-03-16
Updated DB snapshot: viewflow fca482f
[viewflow] 19/41 11a7e3d 2023-09-29
Created DB snapshot: networkx a18f099
[networkx] 93/253 091238f 2013-04-24
Created DB snapshot: networkx 091238f
[networkx] 94/253 e4465cd 2013-05-28
Created DB snapshot: networkx e4465cd
[networkx] 95/253 34f894e 2013-06-01
Updated DB snapshot: viewflow 11a7e3d
[viewflow] 20/41 d9f8cc4 2024-02-29
Created DB snapshot: networkx 34f894e
[networkx] 96/253 0c1c31f 2013-07-30
Created DB snapshot: networkx 0c1c31f
[networkx] 97/253 ac8571a 2013-08-30
Created DB snapshot: networkx ac8571a
[networkx] 98/253 657590f 2013-09-30
Created DB snapshot: networkx 657590f
[networkx] 99/253 5dcc0e8 2013-10-19
Updated DB snapshot: viewflow d9f8cc4
[viewflow] 21/41 2befa43 2024-03-13
Created DB snapshot: networkx 5dcc0e8
[networkx] 100/253 0614bf4 2013-11-27
Created DB snapshot: networkx 0614bf4
[networkx] 101/253 a7725b8 2013-12-31
Created DB snapshot: networkx a7725b8
[networkx] 102/253 a8dcd73 2014-01-31
Created DB snapshot: networkx a8dcd73
[networkx] 103/253 556bf89 2014-02-26
Created DB snapshot: networkx 556bf89
[networkx] 104/253 1b2eb79 2014-03-30
Created DB snapshot: networkx 1b2eb79
[networkx] 105/253 2b2d6c0 2014-04-21
Updated DB snapshot: viewflow 2befa43
[viewflow] 22/41 96a4e86 2024-04-30
Created DB snapshot: networkx 2b2d6c0
[networkx] 106/253 085c2be 2014-05-31
Created DB snapshot: networkx 085c2be
[networkx] 107/253 6731bfc 2014-06-11
Created DB snapshot: networkx 6731bfc
[networkx] 108/253 a24418d 2014-07-01
Created DB snapshot: networkx a24418d
[networkx] 109/253 fe054da 2014-08-15
Created DB snapshot: networkx fe054da
[networkx] 110/253 c6a8be3 2014-09-27
Updated DB snapshot: viewflow 96a4e86
[viewflow] 23/41 8fb6788 2024-05-12
Created DB snapshot: networkx c6a8be3
[networkx] 111/253 6f1543a 2014-10-31
Created DB snapshot: networkx 6f1543a
[networkx] 112/253 cb5ca3a 2014-11-25
Created DB snapshot: networkx cb5ca3a
[networkx] 113/253 119497b 2014-12-31
Created DB snapshot: networkx 119497b
[networkx] 114/253 fcac1ee 2015-01-24
Created DB snapshot: networkx fcac1ee
[networkx] 115/253 8de67c0 2015-02-23
Updated DB snapshot: viewflow 8fb6788
[viewflow] 24/41 e8680ae 2024-06-28
Created DB snapshot: networkx 8de67c0
[networkx] 116/253 c34afe2 2015-03-03
Created DB snapshot: networkx c34afe2
[networkx] 117/253 087c719 2015-04-15
Created DB snapshot: networkx 087c719
[networkx] 118/253 08ff59c 2015-05-09
Created DB snapshot: networkx 08ff59c
[networkx] 119/253 36df99b 2015-06-10
Updated DB snapshot: viewflow e8680ae
[viewflow] 25/41 bcb72e8 2024-07-18
Created DB snapshot: networkx 36df99b
[networkx] 120/253 a772267 2015-07-29
Created DB snapshot: networkx a772267
[networkx] 121/253 415481c 2015-08-02
Created DB snapshot: networkx 415481c
[networkx] 122/253 66cb4c8 2015-09-21
Created DB snapshot: networkx 66cb4c8
[networkx] 123/253 e248ef2 2015-10-21
Created DB snapshot: networkx e248ef2
[networkx] 124/253 2435e76 2015-11-16
Updated DB snapshot: viewflow bcb72e8
[viewflow] 26/41 66df5be 2024-08-23
Created DB snapshot: networkx 2435e76
[networkx] 125/253 c4a6ca4 2015-12-11
Created DB snapshot: networkx c4a6ca4
[networkx] 126/253 2938155 2016-01-30
Created DB snapshot: networkx 2938155
[networkx] 127/253 8704867 2016-02-23
Created DB snapshot: networkx 8704867
[networkx] 128/253 7933641 2016-03-29
Created DB snapshot: networkx 7933641
[networkx] 129/253 b8cacb4 2016-04-06
Updated DB snapshot: viewflow 66df5be
[viewflow] 27/41 0cb53aa 2024-09-20
Created DB snapshot: networkx b8cacb4
[networkx] 130/253 088236a 2016-05-17
Created DB snapshot: networkx 088236a
[networkx] 131/253 768cb76 2016-06-26
Created DB snapshot: networkx 768cb76
[networkx] 132/253 631da52 2016-07-31
Created DB snapshot: networkx 631da52
[networkx] 133/253 94ddd48 2016-08-29
Created DB snapshot: networkx 94ddd48
[networkx] 134/253 0b0862e 2016-09-29
Updated DB snapshot: viewflow 0cb53aa
[viewflow] 28/41 35bc88d 2024-10-09
Created DB snapshot: networkx 0b0862e
[networkx] 135/253 17b8d21 2016-10-25
Created DB snapshot: networkx 17b8d21
[networkx] 136/253 1d06670 2016-11-28
Created DB snapshot: networkx 1d06670
[networkx] 137/253 ff0ab58 2016-12-28
Created DB snapshot: networkx ff0ab58
[networkx] 138/253 de0bd35 2017-01-31
Created DB snapshot: networkx de0bd35
[networkx] 139/253 04d503f 2017-02-27
Updated DB snapshot: viewflow 35bc88d
[viewflow] 29/41 afd5f6f 2025-01-17
Created DB snapshot: networkx 04d503f
[networkx] 140/253 4d721bf 2017-03-26
Created DB snapshot: networkx 4d721bf
[networkx] 141/253 48f4b57 2017-04-02
Created DB snapshot: networkx 48f4b57
[networkx] 142/253 229f296 2017-05-30
Created DB snapshot: networkx 229f296
[networkx] 143/253 8fe9454 2017-06-30
Created DB snapshot: networkx 8fe9454
[networkx] 144/253 e9d8c6b 2017-07-27
Updated DB snapshot: viewflow afd5f6f
[viewflow] 30/41 89536a5 2025-02-25
Created DB snapshot: networkx e9d8c6b
[networkx] 145/253 478bf09 2017-08-29
Created DB snapshot: networkx 478bf09
[networkx] 146/253 6bdf981 2017-09-25
Created DB snapshot: networkx 6bdf981
[networkx] 147/253 4454b2b 2017-10-28
Created DB snapshot: networkx 4454b2b
[networkx] 148/253 ac2a08e 2017-11-30
Updated DB snapshot: viewflow 89536a5
[viewflow] 31/41 72c6fbd 2025-03-27
Created DB snapshot: networkx ac2a08e
[networkx] 149/253 0595dc7 2017-12-18
Created DB snapshot: networkx 0595dc7
[networkx] 150/253 d2e09cf 2018-01-28
Created DB snapshot: networkx d2e09cf
[networkx] 151/253 61f94da 2018-02-28
Created DB snapshot: networkx 61f94da
[networkx] 152/253 3cf16a9 2018-03-19
Created DB snapshot: networkx 3cf16a9
[networkx] 153/253 48326e1 2018-04-27
Updated DB snapshot: viewflow 72c6fbd
[viewflow] 32/41 495f05a 2025-05-22
Created DB snapshot: networkx 48326e1
[networkx] 154/253 641ff6e 2018-05-31
Created DB snapshot: networkx 641ff6e
[networkx] 155/253 e5a3ff4 2018-06-27
Created DB snapshot: networkx e5a3ff4
[networkx] 156/253 bdba37e 2018-07-11
Created DB snapshot: networkx bdba37e
[networkx] 157/253 3f8ee2f 2018-08-29
Updated DB snapshot: viewflow 495f05a
[viewflow] 33/41 5ff7a53 2025-06-05
Created DB snapshot: networkx 3f8ee2f
[networkx] 158/253 8444d37 2018-09-20
Created DB snapshot: networkx 8444d37
[networkx] 159/253 25248f1 2018-10-30
Created DB snapshot: networkx 25248f1
[networkx] 160/253 61419bf 2018-11-26
Created DB snapshot: networkx 61419bf
[networkx] 161/253 d3843ab 2018-12-24
Updated DB snapshot: viewflow 5ff7a53
[viewflow] 34/41 f39d24d 2025-07-25
Created DB snapshot: networkx d3843ab
[networkx] 162/253 e32425d 2019-01-13
Created DB snapshot: networkx e32425d
[networkx] 163/253 1d5e218 2019-02-27
Created DB snapshot: networkx 1d5e218
[networkx] 164/253 fca1b13 2019-03-30
Created DB snapshot: networkx fca1b13
[networkx] 165/253 ea2c8db 2019-04-30
Updated DB snapshot: viewflow f39d24d
[viewflow] 35/41 243a439 2025-09-24
Created DB snapshot: networkx ea2c8db
[networkx] 166/253 98328a0 2019-05-23
Created DB snapshot: networkx 98328a0
[networkx] 167/253 9835f96 2019-06-30
Created DB snapshot: networkx 9835f96
[networkx] 168/253 fa18d78 2019-07-28
Created DB snapshot: networkx fa18d78
[networkx] 169/253 d1dd2be 2019-08-31
Updated DB snapshot: viewflow 243a439
[viewflow] 36/41 b8971c5 2025-11-24
Created DB snapshot: networkx d1dd2be
[networkx] 170/253 9ff7a8e 2019-09-30
Created DB snapshot: networkx 9ff7a8e
[networkx] 171/253 a194588 2019-10-30
Created DB snapshot: networkx a194588
[networkx] 172/253 1bbcc51 2019-11-11
Created DB snapshot: networkx 1bbcc51
[networkx] 173/253 9b02800 2019-12-31
Updated DB snapshot: viewflow b8971c5
[viewflow] 37/41 4f75022 2025-12-23
Created DB snapshot: networkx 9b02800
[networkx] 174/253 b662434 2020-01-31
Created DB snapshot: networkx b662434
[networkx] 175/253 3f4f9c3 2020-02-26
Created DB snapshot: networkx 3f4f9c3
[networkx] 176/253 a73a610 2020-03-15
Created DB snapshot: networkx a73a610
[networkx] 177/253 7ae7f01 2020-04-20
Updated DB snapshot: viewflow 4f75022
[viewflow] 38/41 1662f93 2026-01-28
Created DB snapshot: networkx 7ae7f01
[networkx] 178/253 8627156 2020-05-31
Created DB snapshot: networkx 8627156
[networkx] 179/253 42488d9 2020-06-25
Created DB snapshot: networkx 42488d9
[networkx] 180/253 0c0112b 2020-07-30
Created DB snapshot: networkx 0c0112b
[networkx] 181/253 012b8fc 2020-08-30
Updated DB snapshot: viewflow 1662f93
[viewflow] 39/41 be5d24d 2026-05-16
Created DB snapshot: networkx 012b8fc
[networkx] 182/253 830c2b5 2020-09-23
Created DB snapshot: networkx 830c2b5
[networkx] 183/253 7e14f28 2020-10-31
Created DB snapshot: networkx 7e14f28
[networkx] 184/253 23391dd 2020-11-28
Updated DB snapshot: viewflow be5d24d
[viewflow] 40/41 83de693 2026-06-30
Created DB snapshot: networkx 23391dd
[networkx] 185/253 1e2d4a8 2020-12-31
Created DB snapshot: networkx 1e2d4a8
[networkx] 186/253 b044340 2021-01-30
Created DB snapshot: networkx b044340
[networkx] 187/253 6a0d6e5 2021-02-27
Created DB snapshot: networkx 6a0d6e5
[networkx] 188/253 0740fe5 2021-03-30
Updated DB snapshot: viewflow 83de693
[viewflow] 41/41 5ae2321 2026-07-30
Created DB snapshot: networkx 0740fe5
[networkx] 189/253 d70b314 2021-04-26
Created DB snapshot: networkx d70b314
[networkx] 190/253 c444024 2021-05-31
Created DB snapshot: networkx c444024
[networkx] 191/253 e33091b 2021-06-30
Updated DB snapshot: viewflow 5ae2321
Saved CSV: /Users/chengbin/Developer/tech_debt/dashboard/analysis/complexity_results/viewflow_complexity.csv
Saved plot: /Users/chengbin/Developer/tech_debt/dashboard/analysis/complexity_plots/viewflow_complexity.png

Analyzing project: aiohttp
aiohttp: 154 monthly commits selected
[aiohttp] 1/154 e5f4f88 2013-10-25
Created DB snapshot: aiohttp e5f4f88
[aiohttp] 2/154 58ac361 2013-11-25
Created DB snapshot: aiohttp 58ac361
[aiohttp] 3/154 51f58dd 2013-12-29
Created DB snapshot: aiohttp 51f58dd
[aiohttp] 4/154 e36f443 2014-01-30
Created DB snapshot: aiohttp e36f443
[aiohttp] 5/154 0be0fef 2014-02-28
Created DB snapshot: aiohttp 0be0fef
[aiohttp] 6/154 aeec3b5 2014-03-31
Created DB snapshot: aiohttp aeec3b5
[aiohttp] 7/154 7e6e3c0 2014-04-30
Created DB snapshot: networkx e33091b
[networkx] 192/253 2eb274e 2021-07-27
Created DB snapshot: aiohttp 7e6e3c0
[aiohttp] 8/154 4bc0a83 2014-05-29
Created DB snapshot: aiohttp 4bc0a83
[aiohttp] 9/154 0d8c04d 2014-06-30
Created DB snapshot: aiohttp 0d8c04d
[aiohttp] 10/154 a37425a 2014-07-25
Created DB snapshot: aiohttp a37425a
[aiohttp] 11/154 8a44398 2014-08-30
Created DB snapshot: aiohttp 8a44398
[aiohttp] 12/154 0289ce8 2014-09-29
Created DB snapshot: aiohttp 0289ce8
[aiohttp] 13/154 d48cd1a 2014-10-31
Created DB snapshot: aiohttp d48cd1a
[aiohttp] 14/154 ac7c6b4 2014-11-30
Created DB snapshot: aiohttp ac7c6b4
[aiohttp] 15/154 26163e7 2014-12-31
Created DB snapshot: aiohttp 26163e7
[aiohttp] 16/154 e6b0161 2015-01-31
Created DB snapshot: networkx 2eb274e
[networkx] 193/253 96831f9 2021-08-31
Created DB snapshot: aiohttp e6b0161
[aiohttp] 17/154 8500672 2015-02-15
Created DB snapshot: aiohttp 8500672
[aiohttp] 18/154 8bf7f18 2015-03-31
Created DB snapshot: aiohttp 8bf7f18
[aiohttp] 19/154 04ed176 2015-04-30
Created DB snapshot: aiohttp 04ed176
[aiohttp] 20/154 46d1a54 2015-05-31
Created DB snapshot: aiohttp 46d1a54
[aiohttp] 21/154 c054f57 2015-06-30
Created DB snapshot: aiohttp c054f57
[aiohttp] 22/154 6f6e85f 2015-07-30
Created DB snapshot: aiohttp 6f6e85f
[aiohttp] 23/154 3b44e77 2015-08-31
Created DB snapshot: networkx 96831f9
[networkx] 194/253 033b1ee 2021-09-30
Created DB snapshot: aiohttp 3b44e77
[aiohttp] 24/154 931734e 2015-09-30
Created DB snapshot: aiohttp 931734e
[aiohttp] 25/154 d571c42 2015-10-31
Created DB snapshot: aiohttp d571c42
[aiohttp] 26/154 b19b036 2015-11-02
Created DB snapshot: aiohttp b19b036
[aiohttp] 27/154 6d58abf 2015-12-22
Created DB snapshot: aiohttp 6d58abf
[aiohttp] 28/154 6edd825 2016-01-31
Created DB snapshot: aiohttp 6edd825
[aiohttp] 29/154 0016999 2016-02-22
Created DB snapshot: aiohttp 0016999
[aiohttp] 30/154 7dac70f 2016-03-29
Created DB snapshot: networkx 033b1ee
[networkx] 195/253 e1563f4 2021-10-28
Created DB snapshot: aiohttp 7dac70f
[aiohttp] 31/154 63cf125 2016-04-26
Created DB snapshot: aiohttp 63cf125
[aiohttp] 32/154 8311097 2016-05-12
Created DB snapshot: aiohttp 8311097
[aiohttp] 33/154 f2c12f7 2016-06-19
Created DB snapshot: aiohttp f2c12f7
[aiohttp] 34/154 1bfc02a 2016-07-31
Created DB snapshot: aiohttp 1bfc02a
[aiohttp] 35/154 ebede79 2016-08-13
Created DB snapshot: aiohttp ebede79
[aiohttp] 36/154 0e75f50 2016-09-30
Created DB snapshot: networkx e1563f4
[networkx] 196/253 aab28bf 2021-11-24
Created DB snapshot: aiohttp 0e75f50
[aiohttp] 37/154 bcd9b95 2016-10-31
Created DB snapshot: aiohttp bcd9b95
[aiohttp] 38/154 7193a3c 2016-11-29
Created DB snapshot: aiohttp 7193a3c
[aiohttp] 39/154 0e7ea65 2016-12-31
Created DB snapshot: aiohttp 0e7ea65
[aiohttp] 40/154 9879a88 2017-01-31
Created DB snapshot: aiohttp 9879a88
[aiohttp] 41/154 1847e6b 2017-02-28
Created DB snapshot: aiohttp 1847e6b
[aiohttp] 42/154 ad93378 2017-03-30
Created DB snapshot: networkx aab28bf
[networkx] 197/253 36d446b 2021-12-28
Created DB snapshot: aiohttp ad93378
[aiohttp] 43/154 7a1b556 2017-04-28
Created DB snapshot: aiohttp 7a1b556
[aiohttp] 44/154 347cbf3 2017-05-31
Created DB snapshot: aiohttp 347cbf3
[aiohttp] 45/154 60574a6 2017-06-22
Created DB snapshot: aiohttp 60574a6
[aiohttp] 46/154 e2836d1 2017-07-28
Created DB snapshot: aiohttp e2836d1
[aiohttp] 47/154 729eaff 2017-08-12
Created DB snapshot: networkx 36d446b
[networkx] 198/253 290ebce 2022-01-31
Created DB snapshot: aiohttp 729eaff
[aiohttp] 48/154 17cd3e9 2017-09-29
Created DB snapshot: aiohttp 17cd3e9
[aiohttp] 49/154 4f7c91b 2017-10-31
Created DB snapshot: aiohttp 4f7c91b
[aiohttp] 50/154 d166230 2017-11-30
Created DB snapshot: aiohttp d166230
[aiohttp] 51/154 42139b9 2017-12-30
Created DB snapshot: aiohttp 42139b9
[aiohttp] 52/154 ecd733a 2018-01-31
Created DB snapshot: networkx 290ebce
[networkx] 199/253 4283d15 2022-02-28
Created DB snapshot: aiohttp ecd733a
[aiohttp] 53/154 1fd798b 2018-02-28
Created DB snapshot: aiohttp 1fd798b
[aiohttp] 54/154 3124291 2018-03-30
Created DB snapshot: aiohttp 3124291
[aiohttp] 55/154 c4cbc61 2018-04-30
Created DB snapshot: aiohttp c4cbc61
[aiohttp] 56/154 e385ae2 2018-05-11
Created DB snapshot: aiohttp e385ae2
[aiohttp] 57/154 5bbc255 2018-06-30
Created DB snapshot: networkx 4283d15
[networkx] 200/253 1e48dad 2022-03-29
Created DB snapshot: aiohttp 5bbc255
[aiohttp] 58/154 e561eaa 2018-07-31
Created DB snapshot: aiohttp e561eaa
[aiohttp] 59/154 03d83b0 2018-08-31
Created DB snapshot: aiohttp 03d83b0
[aiohttp] 60/154 508adbb 2018-09-30
Created DB snapshot: aiohttp 508adbb
[aiohttp] 61/154 aec1ea8 2018-10-31
Created DB snapshot: aiohttp aec1ea8
[aiohttp] 62/154 8c5baa3 2018-11-30
Created DB snapshot: networkx 1e48dad
[networkx] 201/253 7e17ff9 2022-04-29
Created DB snapshot: aiohttp 8c5baa3
[aiohttp] 63/154 4bb79e1 2018-12-31
Created DB snapshot: aiohttp 4bb79e1
[aiohttp] 64/154 36331ce 2019-01-29
Created DB snapshot: aiohttp 36331ce
[aiohttp] 65/154 398b5ba 2019-02-26
Created DB snapshot: aiohttp 398b5ba
[aiohttp] 66/154 61825e7 2019-03-30
Created DB snapshot: networkx 7e17ff9
[networkx] 202/253 2a05ccd 2022-05-31
Created DB snapshot: aiohttp 61825e7
[aiohttp] 67/154 9504fe2 2019-04-20
Created DB snapshot: aiohttp 9504fe2
[aiohttp] 68/154 daee3da 2019-05-29
Created DB snapshot: aiohttp daee3da
[aiohttp] 69/154 c6a3779 2019-06-11
Created DB snapshot: aiohttp c6a3779
[aiohttp] 70/154 f4ca034 2019-07-29
Created DB snapshot: networkx 2a05ccd
[networkx] 203/253 08ea277 2022-06-30
Created DB snapshot: aiohttp f4ca034
[aiohttp] 71/154 e7c9ef0 2019-08-31
Created DB snapshot: aiohttp e7c9ef0
[aiohttp] 72/154 6fe195a 2019-09-07
Created DB snapshot: aiohttp 6fe195a
[aiohttp] 73/154 461c98c 2019-10-02
Created DB snapshot: aiohttp 461c98c
[aiohttp] 74/154 5fb0179 2019-11-20
Created DB snapshot: networkx 08ea277
[networkx] 204/253 28f78cf 2022-07-28
Created DB snapshot: aiohttp 5fb0179
[aiohttp] 75/154 a249b41 2019-12-30
Created DB snapshot: aiohttp a249b41
[aiohttp] 76/154 a9bb230 2020-01-29
Created DB snapshot: aiohttp a9bb230
[aiohttp] 77/154 d4645d0 2020-02-24
Created DB snapshot: aiohttp d4645d0
[aiohttp] 78/154 4521ba3 2020-03-26
Created DB snapshot: networkx 28f78cf
[networkx] 205/253 d2ceeb6 2022-08-23
Created DB snapshot: aiohttp 4521ba3
[aiohttp] 79/154 2b3d85d 2020-04-26
Created DB snapshot: aiohttp 2b3d85d
[aiohttp] 80/154 550801f 2020-05-18
Created DB snapshot: aiohttp 550801f
[aiohttp] 81/154 385b03e 2020-06-01
Created DB snapshot: aiohttp 385b03e
[aiohttp] 82/154 1d296d5 2020-07-08
Created DB snapshot: networkx d2ceeb6
[networkx] 206/253 c43fff3 2022-09-30
Created DB snapshot: aiohttp 1d296d5
[aiohttp] 83/154 5f0a59f 2020-08-28
Created DB snapshot: aiohttp 5f0a59f
[aiohttp] 84/154 042f1ab 2020-09-28
Created DB snapshot: aiohttp 042f1ab
[aiohttp] 85/154 1950adb 2020-10-31
Created DB snapshot: aiohttp 1950adb
[aiohttp] 86/154 2fb3daa 2020-11-26
Created DB snapshot: networkx c43fff3
[networkx] 207/253 6096b09 2022-10-31
Created DB snapshot: aiohttp 2fb3daa
[aiohttp] 87/154 934e5cb 2020-12-11
Created DB snapshot: aiohttp 934e5cb
[aiohttp] 88/154 9eda4de 2021-01-26
Created DB snapshot: aiohttp 9eda4de
[aiohttp] 89/154 ae8e1b0 2021-02-28
Created DB snapshot: aiohttp ae8e1b0
[aiohttp] 90/154 47b8d63 2021-03-31
Created DB snapshot: aiohttp 47b8d63
[aiohttp] 91/154 7914393 2021-04-26
Created DB snapshot: networkx 6096b09
[networkx] 208/253 d82815d 2022-11-22
Failed to save DB snapshot 7914393: database is locked
[aiohttp] 92/154 737a9f5 2021-05-29
Failed to save DB snapshot 737a9f5: database is locked
[aiohttp] 93/154 b487ca5 2021-06-30
Failed to save DB snapshot b487ca5: database is locked
[aiohttp] 94/154 33a38b8 2021-07-28
Created DB snapshot: aiohttp 33a38b8
[aiohttp] 95/154 02db846 2021-08-31
Created DB snapshot: networkx d82815d
[networkx] 209/253 8f16a2f 2022-12-27
Created DB snapshot: aiohttp 02db846
[aiohttp] 96/154 e445011 2021-09-30
Created DB snapshot: aiohttp e445011
[aiohttp] 97/154 9dbebc0 2021-10-24
Created DB snapshot: aiohttp 9dbebc0
[aiohttp] 98/154 6d7fe83 2021-11-30
Created DB snapshot: aiohttp 6d7fe83
[aiohttp] 99/154 691e6e1 2021-12-31
Created DB snapshot: aiohttp 691e6e1
[aiohttp] 100/154 c54f315 2022-01-30
Created DB snapshot: networkx 8f16a2f
[networkx] 210/253 a1041e7 2023-01-31
Created DB snapshot: aiohttp c54f315
[aiohttp] 101/154 0346f6e 2022-02-16
Created DB snapshot: aiohttp 0346f6e
[aiohttp] 102/154 54e18cd 2022-03-29
Created DB snapshot: aiohttp 54e18cd
[aiohttp] 103/154 b91128f 2022-04-23
Created DB snapshot: aiohttp b91128f
[aiohttp] 104/154 cb79f0d 2022-05-06
Created DB snapshot: aiohttp cb79f0d
[aiohttp] 105/154 f922c19 2022-06-20
Created DB snapshot: networkx a1041e7
[networkx] 211/253 e6b0062 2023-02-28
Created DB snapshot: aiohttp f922c19
[aiohttp] 106/154 829e9ee 2022-07-31
Created DB snapshot: aiohttp 829e9ee
[aiohttp] 107/154 7c42911 2022-08-03
Created DB snapshot: aiohttp 7c42911
[aiohttp] 108/154 df122da 2022-09-30
Created DB snapshot: aiohttp df122da
[aiohttp] 109/154 71ae610 2022-10-31
Created DB snapshot: aiohttp 71ae610
[aiohttp] 110/154 c56cf10 2022-11-29
Created DB snapshot: networkx e6b0062
[networkx] 212/253 7b8dea8 2023-03-30
Created DB snapshot: aiohttp c56cf10
[aiohttp] 111/154 ed04b4d 2022-12-30
Created DB snapshot: aiohttp ed04b4d
[aiohttp] 112/154 0d93d80 2023-01-19
Created DB snapshot: aiohttp 0d93d80
[aiohttp] 113/154 dbc118d 2023-02-28
Created DB snapshot: aiohttp dbc118d
[aiohttp] 114/154 43e568b 2023-03-29
Created DB snapshot: aiohttp 43e568b
[aiohttp] 115/154 695fc20 2023-04-30
Created DB snapshot: networkx 7b8dea8
[networkx] 213/253 049794f 2023-04-28
Created DB snapshot: aiohttp 695fc20
[aiohttp] 116/154 8b0d5ee 2023-05-27
Created DB snapshot: aiohttp 8b0d5ee
[aiohttp] 117/154 f1885ff 2023-06-09
Created DB snapshot: aiohttp f1885ff
[aiohttp] 118/154 c1f942f 2023-07-29
Created DB snapshot: aiohttp c1f942f
[aiohttp] 119/154 6755796 2023-08-29
Created DB snapshot: aiohttp 6755796
[aiohttp] 120/154 dd8a06a 2023-09-29
Created DB snapshot: networkx 049794f
[networkx] 214/253 f1d68e5 2023-05-31
Created DB snapshot: aiohttp dd8a06a
[aiohttp] 121/154 598334f 2023-10-31
Created DB snapshot: aiohttp 598334f
[aiohttp] 122/154 e6e90e8 2023-11-30
Created DB snapshot: aiohttp e6e90e8
[aiohttp] 123/154 d381fce 2023-12-28
Created DB snapshot: aiohttp d381fce
[aiohttp] 124/154 fa2bb5d 2024-01-31
Created DB snapshot: aiohttp fa2bb5d
[aiohttp] 125/154 a75ed65 2024-02-26
Created DB snapshot: networkx f1d68e5
[networkx] 215/253 65fe175 2023-06-29
Created DB snapshot: aiohttp a75ed65
[aiohttp] 126/154 1542348 2024-03-31
Created DB snapshot: aiohttp 1542348
[aiohttp] 127/154 c215e56 2024-04-29
Created DB snapshot: aiohttp c215e56
[aiohttp] 128/154 25e3e41 2024-05-29
Created DB snapshot: aiohttp 25e3e41
[aiohttp] 129/154 10e3940 2024-06-25
Created DB snapshot: aiohttp 10e3940
[aiohttp] 130/154 4c81115 2024-07-31
Created DB snapshot: networkx 65fe175
[networkx] 216/253 53be757 2023-07-29
Created DB snapshot: aiohttp 4c81115
[aiohttp] 131/154 51fade1 2024-08-31
Created DB snapshot: aiohttp 51fade1
[aiohttp] 132/154 354153e 2024-09-30
Created DB snapshot: aiohttp 354153e
[aiohttp] 133/154 e86b72f 2024-10-30
Created DB snapshot: aiohttp e86b72f
[aiohttp] 134/154 a37c4f2 2024-11-27
Created DB snapshot: aiohttp a37c4f2
[aiohttp] 135/154 b103bbc 2024-12-31
Created DB snapshot: networkx 53be757
[networkx] 217/253 b071f40 2023-08-31
Created DB snapshot: aiohttp b103bbc
[aiohttp] 136/154 3ef5f00 2025-01-31
Created DB snapshot: aiohttp 3ef5f00
[aiohttp] 137/154 a5f5205 2025-02-28
Created DB snapshot: aiohttp a5f5205
[aiohttp] 138/154 2082fba 2025-03-31
Created DB snapshot: aiohttp 2082fba
[aiohttp] 139/154 299fe00 2025-04-30
Created DB snapshot: networkx b071f40
[networkx] 218/253 d029933 2023-09-30
Created DB snapshot: aiohttp 299fe00
[aiohttp] 140/154 1710f05 2025-05-31
Created DB snapshot: aiohttp 1710f05
[aiohttp] 141/154 84a2bf1 2025-06-30
Created DB snapshot: aiohttp 84a2bf1
[aiohttp] 142/154 f6941e7 2025-07-31
Created DB snapshot: aiohttp f6941e7
[aiohttp] 143/154 acfc2e6 2025-08-27
Created DB snapshot: networkx d029933
[networkx] 219/253 6ced50a 2023-10-31
Created DB snapshot: aiohttp acfc2e6
[aiohttp] 144/154 3ca4e17 2025-09-29
Created DB snapshot: aiohttp 3ca4e17
[aiohttp] 145/154 88a57ae 2025-10-29
Created DB snapshot: aiohttp 88a57ae
[aiohttp] 146/154 de9d490 2025-11-28
Created DB snapshot: aiohttp de9d490
[aiohttp] 147/154 90f7143 2025-12-30
Created DB snapshot: networkx 6ced50a
[networkx] 220/253 5b2e860 2023-11-30
Created DB snapshot: aiohttp 90f7143
[aiohttp] 148/154 a396ec5 2026-01-29
Created DB snapshot: aiohttp a396ec5
[aiohttp] 149/154 d5cd872 2026-02-28
Created DB snapshot: aiohttp d5cd872
[aiohttp] 150/154 83a85fa 2026-03-31
Created DB snapshot: aiohttp 83a85fa
[aiohttp] 151/154 da50f24 2026-04-29
Created DB snapshot: aiohttp da50f24
[aiohttp] 152/154 2c967f8 2026-05-31
Created DB snapshot: networkx 5b2e860
[networkx] 221/253 6109e10 2023-12-30
Created DB snapshot: aiohttp 2c967f8
[aiohttp] 153/154 8ef76ab 2026-06-30
Created DB snapshot: aiohttp 8ef76ab
[aiohttp] 154/154 7f8284a 2026-07-06
Created DB snapshot: aiohttp 7f8284a
Saved CSV: /Users/chengbin/Developer/tech_debt/dashboard/analysis/complexity_results/aiohttp_complexity.csv
Saved plot: /Users/chengbin/Developer/tech_debt/dashboard/analysis/complexity_plots/aiohttp_complexity.png

Analyzing project: tox
tox: 73 monthly commits selected
[tox] 1/73 741362f 2020-03-29
Updated DB snapshot: tox 741362f
[tox] 2/73 38cb66b 2020-04-17
Created DB snapshot: networkx 6109e10
[networkx] 222/253 3bdf3bb 2024-01-31
Updated DB snapshot: tox 38cb66b
[tox] 3/73 df44c1c 2020-07-27
Updated DB snapshot: tox df44c1c
[tox] 4/73 da22bd0 2020-10-31
Updated DB snapshot: tox da22bd0
[tox] 5/73 701832d 2020-11-30
Updated DB snapshot: tox 701832d
[tox] 6/73 840aa29 2020-12-31
Updated DB snapshot: tox 840aa29
[tox] 7/73 43ff8be 2021-01-31
Updated DB snapshot: tox 43ff8be
[tox] 8/73 b88679a 2021-02-27
Updated DB snapshot: tox b88679a
[tox] 9/73 4c98833 2021-03-27
Updated DB snapshot: tox 4c98833
[tox] 10/73 072ca8d 2021-04-18
Updated DB snapshot: tox 072ca8d
[tox] 11/73 72245f2 2021-05-07
Created DB snapshot: networkx 3bdf3bb
[networkx] 223/253 051ffc1 2024-02-28
Updated DB snapshot: tox 72245f2
[tox] 12/73 4f842fc 2021-07-31
Updated DB snapshot: tox 4f842fc
[tox] 13/73 8cdcc06 2021-08-31
Updated DB snapshot: tox 8cdcc06
[tox] 14/73 cc04fe9 2021-09-26
Updated DB snapshot: tox cc04fe9
[tox] 15/73 ad97564 2021-10-14
Updated DB snapshot: tox ad97564
[tox] 16/73 1ad255d 2021-11-17
Updated DB snapshot: tox 1ad255d
[tox] 17/73 e62a717 2021-12-20
Updated DB snapshot: tox e62a717
[tox] 18/73 c4c8261 2022-01-26
Created DB snapshot: networkx 051ffc1
[networkx] 224/253 c8c838f 2024-03-31
Updated DB snapshot: tox c4c8261
[tox] 19/73 417a890 2022-02-10
Updated DB snapshot: tox 417a890
[tox] 20/73 6c519d6 2022-03-23
Updated DB snapshot: tox 6c519d6
[tox] 21/73 8af8ed3 2022-04-11
Updated DB snapshot: tox 8af8ed3
[tox] 22/73 d7638fc 2022-05-13
Updated DB snapshot: tox d7638fc
[tox] 23/73 1dbb2ac 2022-06-29
Updated DB snapshot: tox 1dbb2ac
[tox] 24/73 0100423 2022-07-25
Updated DB snapshot: tox 0100423
[tox] 25/73 e0c3bab 2022-08-21
Updated DB snapshot: tox e0c3bab
[tox] 26/73 0ee8853 2022-09-10
Created DB snapshot: networkx c8c838f
[networkx] 225/253 f58c387 2024-04-24
Updated DB snapshot: tox 0ee8853
[tox] 27/73 f99073c 2022-10-31
Updated DB snapshot: tox f99073c
[tox] 28/73 6fe6e4d 2022-11-30
Updated DB snapshot: tox 6fe6e4d
[tox] 29/73 26e293f 2022-12-31
Updated DB snapshot: tox 26e293f
[tox] 30/73 b7fec1e 2023-01-31
Updated DB snapshot: tox b7fec1e
[tox] 31/73 251dc1a 2023-02-21
Updated DB snapshot: tox 251dc1a
[tox] 32/73 8a7327c 2023-03-31
Updated DB snapshot: tox 8a7327c
[tox] 33/73 8126c5c 2023-04-28
Created DB snapshot: networkx f58c387
[networkx] 226/253 6eabce4 2024-05-31
Updated DB snapshot: tox 8126c5c
[tox] 34/73 7165642 2023-05-30
Updated DB snapshot: tox 7165642
[tox] 35/73 2e31a84 2023-06-27
Updated DB snapshot: tox 2e31a84
[tox] 36/73 5e28aff 2023-07-31
Updated DB snapshot: tox 5e28aff
[tox] 37/73 da0885c 2023-08-31
Updated DB snapshot: tox da0885c
[tox] 38/73 bcfbaed 2023-09-26
Updated DB snapshot: tox bcfbaed
[tox] 39/73 065740c 2023-10-30
Created DB snapshot: networkx 6eabce4
[networkx] 227/253 fe5e260 2024-06-26
Updated DB snapshot: tox 065740c
[tox] 40/73 dace6dd 2023-11-29
Updated DB snapshot: tox dace6dd
[tox] 41/73 328b348 2023-12-18
Updated DB snapshot: tox 328b348
[tox] 42/73 2bcc3ec 2024-01-29
Updated DB snapshot: tox 2bcc3ec
[tox] 43/73 0fd872d 2024-02-27
Updated DB snapshot: tox 0fd872d
[tox] 44/73 08223fc 2024-03-25
Updated DB snapshot: tox 08223fc
[tox] 45/73 e2f66b1 2024-04-29
Updated DB snapshot: tox e2f66b1
[tox] 46/73 406f808 2024-05-23
Created DB snapshot: networkx fe5e260
[networkx] 228/253 89718e0 2024-07-25
Updated DB snapshot: tox 406f808
[tox] 47/73 698f1dd 2024-06-22
Updated DB snapshot: tox 698f1dd
[tox] 48/73 17435df 2024-07-23
Updated DB snapshot: tox 17435df
[tox] 49/73 8d0a47c 2024-08-23
Updated DB snapshot: tox 8d0a47c
[tox] 50/73 46bef9e 2024-09-30
Updated DB snapshot: tox 46bef9e
[tox] 51/73 5d880fc 2024-10-30
Updated DB snapshot: tox 5d880fc
[tox] 52/73 a81c2cb 2024-11-27
Updated DB snapshot: tox a81c2cb
[tox] 53/73 e3e77a6 2024-12-29
Created DB snapshot: networkx 89718e0
[networkx] 229/253 5745e4b 2024-08-30
Updated DB snapshot: tox e3e77a6
[tox] 54/73 8d302eb 2025-01-28
Updated DB snapshot: tox 8d302eb
[tox] 55/73 32879c8 2025-02-24
Updated DB snapshot: tox 32879c8
[tox] 56/73 a985171 2025-03-29
Updated DB snapshot: tox a985171
[tox] 57/73 4a8e50e 2025-04-28
Updated DB snapshot: tox 4a8e50e
[tox] 58/73 3ad56f0 2025-05-27
Updated DB snapshot: tox 3ad56f0
[tox] 59/73 3c4497c 2025-06-30
Created DB snapshot: networkx 5745e4b
[networkx] 230/253 74af3e6 2024-09-30
Updated DB snapshot: tox 3c4497c
[tox] 60/73 611b751 2025-07-31
Updated DB snapshot: tox 611b751
[tox] 61/73 e911788 2025-08-30
Updated DB snapshot: tox e911788
[tox] 62/73 393de39 2025-09-22
Updated DB snapshot: tox 393de39
[tox] 63/73 0cf41c1 2025-10-30
Updated DB snapshot: tox 0cf41c1
[tox] 64/73 b5c0550 2025-11-24
Updated DB snapshot: tox b5c0550
[tox] 65/73 29cdaab 2025-12-15
Created DB snapshot: networkx 74af3e6
[networkx] 231/253 478183c 2024-10-25
Updated DB snapshot: tox 29cdaab
[tox] 66/73 82cefac 2026-01-26
Updated DB snapshot: tox 82cefac
[tox] 67/73 f1083c0 2026-02-27
Updated DB snapshot: tox f1083c0
[tox] 68/73 d83d577 2026-03-30
Updated DB snapshot: tox d83d577
[tox] 69/73 3aa3cd5 2026-04-27
Updated DB snapshot: tox 3aa3cd5
[tox] 70/73 928b7f0 2026-05-28
Updated DB snapshot: tox 928b7f0
[tox] 71/73 03c2d58 2026-06-30
Created DB snapshot: networkx 478183c
[networkx] 232/253 86ffe94 2024-11-28
Updated DB snapshot: tox 03c2d58
[tox] 72/73 9ac0081 2026-07-30
Updated DB snapshot: tox 9ac0081
[tox] 73/73 0bbe8c4 2026-08-03
Updated DB snapshot: tox 0bbe8c4
Saved CSV: /Users/chengbin/Developer/tech_debt/dashboard/analysis/complexity_results/tox_complexity.csv
Saved plot: /Users/chengbin/Developer/tech_debt/dashboard/analysis/complexity_plots/tox_complexity.png

Analyzing project: networkx
networkx: 232 monthly commits selected
[networkx] 1/232 09bd53b 2005-07-25
Created DB snapshot: networkx 86ffe94
[networkx] 233/253 136f4ec 2024-12-29
Updated DB snapshot: networkx 09bd53b
[networkx] 2/232 b77346a 2005-08-26
Checkout failed: networkx b77346a
fatal: Unable to create '/Users/chengbin/Developer/tech_debt/tech_debt_project/repos/networkx/.git/index.lock': File exists.

Another git process seems to be running in this repository, e.g.
an editor opened by 'git commit'. Please make sure all processes
are terminated then try again. If it still fails, a git process
may have crashed in this repository earlier:
remove the file manually to continue.

[networkx] 3/232 a25bd43 2005-09-23
Created DB snapshot: networkx 136f4ec
[networkx] 234/253 33768e1 2025-01-28
Updated DB snapshot: networkx a25bd43
[networkx] 4/232 b494c9e 2005-10-25
Created DB snapshot: networkx 33768e1
[networkx] 235/253 208bb7b 2025-02-28
Updated DB snapshot: networkx b494c9e
[networkx] 5/232 3a4bb3a 2005-11-17
Created DB snapshot: networkx 208bb7b
[networkx] 236/253 b9df494 2025-03-31
Updated DB snapshot: networkx 3a4bb3a
[networkx] 6/232 d74f3c4 2005-12-30
Checkout failed: networkx d74f3c4
fatal: Unable to create '/Users/chengbin/Developer/tech_debt/tech_debt_project/repos/networkx/.git/index.lock': File exists.

Another git process seems to be running in this repository, e.g.
an editor opened by 'git commit'. Please make sure all processes
are terminated then try again. If it still fails, a git process
may have crashed in this repository earlier:
remove the file manually to continue.

[networkx] 7/232 aef8f72 2006-01-30
Checkout failed: networkx aef8f72
fatal: Unable to create '/Users/chengbin/Developer/tech_debt/tech_debt_project/repos/networkx/.git/index.lock': File exists.

Another git process seems to be running in this repository, e.g.
an editor opened by 'git commit'. Please make sure all processes
are terminated then try again. If it still fails, a git process
may have crashed in this repository earlier:
remove the file manually to continue.

[networkx] 8/232 5a490e4 2006-02-18
Checkout failed: networkx 5a490e4
fatal: Unable to create '/Users/chengbin/Developer/tech_debt/tech_debt_project/repos/networkx/.git/index.lock': File exists.

Another git process seems to be running in this repository, e.g.
an editor opened by 'git commit'. Please make sure all processes
are terminated then try again. If it still fails, a git process
may have crashed in this repository earlier:
remove the file manually to continue.

[networkx] 9/232 c7ab18c 2006-03-31
Created DB snapshot: networkx b9df494
[networkx] 237/253 3d0bb21 2025-04-30
Updated DB snapshot: networkx c7ab18c
[networkx] 10/232 6dd4824 2006-04-29
Checkout failed: networkx 6dd4824
fatal: Unable to create '/Users/chengbin/Developer/tech_debt/tech_debt_project/repos/networkx/.git/index.lock': File exists.

Another git process seems to be running in this repository, e.g.
an editor opened by 'git commit'. Please make sure all processes
are terminated then try again. If it still fails, a git process
may have crashed in this repository earlier:
remove the file manually to continue.

[networkx] 11/232 56b2d19 2006-05-30
Checkout failed: networkx 56b2d19
fatal: Unable to create '/Users/chengbin/Developer/tech_debt/tech_debt_project/repos/networkx/.git/index.lock': File exists.

Another git process seems to be running in this repository, e.g.
an editor opened by 'git commit'. Please make sure all processes
are terminated then try again. If it still fails, a git process
may have crashed in this repository earlier:
remove the file manually to continue.

[networkx] 12/232 a2a0d10 2006-06-30
Checkout failed: networkx a2a0d10
fatal: Unable to create '/Users/chengbin/Developer/tech_debt/tech_debt_project/repos/networkx/.git/index.lock': File exists.

Another git process seems to be running in this repository, e.g.
an editor opened by 'git commit'. Please make sure all processes
are terminated then try again. If it still fails, a git process
may have crashed in this repository earlier:
remove the file manually to continue.

[networkx] 13/232 fd9334c 2006-07-29
Created DB snapshot: networkx 3d0bb21
[networkx] 238/253 f66a07a 2025-05-29
Updated DB snapshot: networkx fd9334c
[networkx] 14/232 990651c 2006-08-31
Checkout failed: networkx 990651c
fatal: Unable to create '/Users/chengbin/Developer/tech_debt/tech_debt_project/repos/networkx/.git/index.lock': File exists.

Another git process seems to be running in this repository, e.g.
an editor opened by 'git commit'. Please make sure all processes
are terminated then try again. If it still fails, a git process
may have crashed in this repository earlier:
remove the file manually to continue.

[networkx] 15/232 4cecb04 2006-09-29
Checkout failed: networkx 4cecb04
fatal: Unable to create '/Users/chengbin/Developer/tech_debt/tech_debt_project/repos/networkx/.git/index.lock': File exists.

Another git process seems to be running in this repository, e.g.
an editor opened by 'git commit'. Please make sure all processes
are terminated then try again. If it still fails, a git process
may have crashed in this repository earlier:
remove the file manually to continue.

[networkx] 16/232 34a1e9b 2006-10-23
Checkout failed: networkx 34a1e9b
fatal: Unable to create '/Users/chengbin/Developer/tech_debt/tech_debt_project/repos/networkx/.git/index.lock': File exists.

Another git process seems to be running in this repository, e.g.
an editor opened by 'git commit'. Please make sure all processes
are terminated then try again. If it still fails, a git process
may have crashed in this repository earlier:
remove the file manually to continue.

[networkx] 17/232 919c519 2006-11-29
Checkout failed: networkx 919c519
fatal: Unable to create '/Users/chengbin/Developer/tech_debt/tech_debt_project/repos/networkx/.git/index.lock': File exists.

Another git process seems to be running in this repository, e.g.
an editor opened by 'git commit'. Please make sure all processes
are terminated then try again. If it still fails, a git process
may have crashed in this repository earlier:
remove the file manually to continue.

[networkx] 18/232 6ee33f6 2006-12-29
Checkout failed: networkx 6ee33f6
fatal: Unable to create '/Users/chengbin/Developer/tech_debt/tech_debt_project/repos/networkx/.git/index.lock': File exists.

Another git process seems to be running in this repository, e.g.
an editor opened by 'git commit'. Please make sure all processes
are terminated then try again. If it still fails, a git process
may have crashed in this repository earlier:
remove the file manually to continue.

[networkx] 19/232 5d34eb5 2007-01-31
Created DB snapshot: networkx f66a07a
[networkx] 239/253 c24a661 2025-06-26
Updated DB snapshot: networkx 5d34eb5
[networkx] 20/232 e600873 2007-02-22
Checkout failed: networkx e600873
fatal: Unable to create '/Users/chengbin/Developer/tech_debt/tech_debt_project/repos/networkx/.git/index.lock': File exists.

Another git process seems to be running in this repository, e.g.
an editor opened by 'git commit'. Please make sure all processes
are terminated then try again. If it still fails, a git process
may have crashed in this repository earlier:
remove the file manually to continue.

[networkx] 21/232 8e136fa 2007-03-25
Checkout failed: networkx 8e136fa
fatal: Unable to create '/Users/chengbin/Developer/tech_debt/tech_debt_project/repos/networkx/.git/index.lock': File exists.

Another git process seems to be running in this repository, e.g.
an editor opened by 'git commit'. Please make sure all processes
are terminated then try again. If it still fails, a git process
may have crashed in this repository earlier:
remove the file manually to continue.

[networkx] 22/232 8dfe174 2007-04-23
Checkout failed: networkx 8dfe174
fatal: Unable to create '/Users/chengbin/Developer/tech_debt/tech_debt_project/repos/networkx/.git/index.lock': File exists.

Another git process seems to be running in this repository, e.g.
an editor opened by 'git commit'. Please make sure all processes
are terminated then try again. If it still fails, a git process
may have crashed in this repository earlier:
remove the file manually to continue.

[networkx] 23/232 5c8b6f8 2007-05-15
Checkout failed: networkx 5c8b6f8
fatal: Unable to create '/Users/chengbin/Developer/tech_debt/tech_debt_project/repos/networkx/.git/index.lock': File exists.

Another git process seems to be running in this repository, e.g.
an editor opened by 'git commit'. Please make sure all processes
are terminated then try again. If it still fails, a git process
may have crashed in this repository earlier:
remove the file manually to continue.

[networkx] 24/232 3d1fe14 2007-06-28
Created DB snapshot: networkx c24a661
[networkx] 240/253 65f0ab5 2025-07-31
Updated DB snapshot: networkx 3d1fe14
[networkx] 25/232 4d4cd50 2007-07-31
Checkout failed: networkx 4d4cd50
fatal: Unable to create '/Users/chengbin/Developer/tech_debt/tech_debt_project/repos/networkx/.git/index.lock': File exists.

Another git process seems to be running in this repository, e.g.
an editor opened by 'git commit'. Please make sure all processes
are terminated then try again. If it still fails, a git process
may have crashed in this repository earlier:
remove the file manually to continue.

[networkx] 26/232 62219d1 2007-08-21
Checkout failed: networkx 62219d1
fatal: Unable to create '/Users/chengbin/Developer/tech_debt/tech_debt_project/repos/networkx/.git/index.lock': File exists.

Another git process seems to be running in this repository, e.g.
an editor opened by 'git commit'. Please make sure all processes
are terminated then try again. If it still fails, a git process
may have crashed in this repository earlier:
remove the file manually to continue.

[networkx] 27/232 89429d3 2007-09-27
Checkout failed: networkx 89429d3
fatal: Unable to create '/Users/chengbin/Developer/tech_debt/tech_debt_project/repos/networkx/.git/index.lock': File exists.

Another git process seems to be running in this repository, e.g.
an editor opened by 'git commit'. Please make sure all processes
are terminated then try again. If it still fails, a git process
may have crashed in this repository earlier:
remove the file manually to continue.

[networkx] 28/232 28b215a 2007-10-16
Checkout failed: networkx 28b215a
fatal: Unable to create '/Users/chengbin/Developer/tech_debt/tech_debt_project/repos/networkx/.git/index.lock': File exists.

Another git process seems to be running in this repository, e.g.
an editor opened by 'git commit'. Please make sure all processes
are terminated then try again. If it still fails, a git process
may have crashed in this repository earlier:
remove the file manually to continue.

[networkx] 29/232 a333b0f 2007-11-08
Created DB snapshot: networkx 65f0ab5
[networkx] 241/253 a7bb0e1 2025-08-31
Updated DB snapshot: networkx a333b0f
[networkx] 30/232 64cd60f 2007-12-16
Checkout failed: networkx 64cd60f
fatal: Unable to create '/Users/chengbin/Developer/tech_debt/tech_debt_project/repos/networkx/.git/index.lock': File exists.

Another git process seems to be running in this repository, e.g.
an editor opened by 'git commit'. Please make sure all processes
are terminated then try again. If it still fails, a git process
may have crashed in this repository earlier:
remove the file manually to continue.

[networkx] 31/232 ba329f9 2008-01-25
Checkout failed: networkx ba329f9
fatal: Unable to create '/Users/chengbin/Developer/tech_debt/tech_debt_project/repos/networkx/.git/index.lock': File exists.

Another git process seems to be running in this repository, e.g.
an editor opened by 'git commit'. Please make sure all processes
are terminated then try again. If it still fails, a git process
may have crashed in this repository earlier:
remove the file manually to continue.

[networkx] 32/232 de452a1 2008-02-29
Checkout failed: networkx de452a1
fatal: Unable to create '/Users/chengbin/Developer/tech_debt/tech_debt_project/repos/networkx/.git/index.lock': File exists.

Another git process seems to be running in this repository, e.g.
an editor opened by 'git commit'. Please make sure all processes
are terminated then try again. If it still fails, a git process
may have crashed in this repository earlier:
remove the file manually to continue.

[networkx] 33/232 18e6bcf 2008-03-08
Checkout failed: networkx 18e6bcf
fatal: Unable to create '/Users/chengbin/Developer/tech_debt/tech_debt_project/repos/networkx/.git/index.lock': File exists.

Another git process seems to be running in this repository, e.g.
an editor opened by 'git commit'. Please make sure all processes
are terminated then try again. If it still fails, a git process
may have crashed in this repository earlier:
remove the file manually to continue.

[networkx] 34/232 ce3141f 2008-05-30
Checkout failed: networkx ce3141f
fatal: Unable to create '/Users/chengbin/Developer/tech_debt/tech_debt_project/repos/networkx/.git/index.lock': File exists.

Another git process seems to be running in this repository, e.g.
an editor opened by 'git commit'. Please make sure all processes
are terminated then try again. If it still fails, a git process
may have crashed in this repository earlier:
remove the file manually to continue.

[networkx] 35/232 5b5ba90 2008-06-24
Created DB snapshot: networkx a7bb0e1
[networkx] 242/253 d968ba1 2025-09-30
Updated DB snapshot: networkx 5b5ba90
[networkx] 36/232 fc50ee5 2008-07-28
Checkout failed: networkx fc50ee5
fatal: Unable to create '/Users/chengbin/Developer/tech_debt/tech_debt_project/repos/networkx/.git/index.lock': File exists.

Another git process seems to be running in this repository, e.g.
an editor opened by 'git commit'. Please make sure all processes
are terminated then try again. If it still fails, a git process
may have crashed in this repository earlier:
remove the file manually to continue.

[networkx] 37/232 d44b814 2008-08-17
Checkout failed: networkx d44b814
fatal: Unable to create '/Users/chengbin/Developer/tech_debt/tech_debt_project/repos/networkx/.git/index.lock': File exists.

Another git process seems to be running in this repository, e.g.
an editor opened by 'git commit'. Please make sure all processes
are terminated then try again. If it still fails, a git process
may have crashed in this repository earlier:
remove the file manually to continue.

[networkx] 38/232 8f63334 2008-09-23
Checkout failed: networkx 8f63334
fatal: Unable to create '/Users/chengbin/Developer/tech_debt/tech_debt_project/repos/networkx/.git/index.lock': File exists.

Another git process seems to be running in this repository, e.g.
an editor opened by 'git commit'. Please make sure all processes
are terminated then try again. If it still fails, a git process
may have crashed in this repository earlier:
remove the file manually to continue.

[networkx] 39/232 ba9f462 2008-10-03
Checkout failed: networkx ba9f462
fatal: Unable to create '/Users/chengbin/Developer/tech_debt/tech_debt_project/repos/networkx/.git/index.lock': File exists.

Another git process seems to be running in this repository, e.g.
an editor opened by 'git commit'. Please make sure all processes
are terminated then try again. If it still fails, a git process
may have crashed in this repository earlier:
remove the file manually to continue.

[networkx] 40/232 6904dd7 2008-11-29
Checkout failed: networkx 6904dd7
fatal: Unable to create '/Users/chengbin/Developer/tech_debt/tech_debt_project/repos/networkx/.git/index.lock': File exists.

Another git process seems to be running in this repository, e.g.
an editor opened by 'git commit'. Please make sure all processes
are terminated then try again. If it still fails, a git process
may have crashed in this repository earlier:
remove the file manually to continue.

[networkx] 41/232 9d1d06f 2008-12-31
Created DB snapshot: networkx d968ba1
[networkx] 243/253 a5a3676 2025-10-28
Updated DB snapshot: networkx 9d1d06f
[networkx] 42/232 80e32fa 2009-01-30
Checkout failed: networkx 80e32fa
fatal: Unable to create '/Users/chengbin/Developer/tech_debt/tech_debt_project/repos/networkx/.git/index.lock': File exists.

Another git process seems to be running in this repository, e.g.
an editor opened by 'git commit'. Please make sure all processes
are terminated then try again. If it still fails, a git process
may have crashed in this repository earlier:
remove the file manually to continue.

[networkx] 43/232 56c62a9 2009-02-28
Checkout failed: networkx 56c62a9
fatal: Unable to create '/Users/chengbin/Developer/tech_debt/tech_debt_project/repos/networkx/.git/index.lock': File exists.

Another git process seems to be running in this repository, e.g.
an editor opened by 'git commit'. Please make sure all processes
are terminated then try again. If it still fails, a git process
may have crashed in this repository earlier:
remove the file manually to continue.

[networkx] 44/232 5a15b54 2009-03-24
Checkout failed: networkx 5a15b54
fatal: Unable to create '/Users/chengbin/Developer/tech_debt/tech_debt_project/repos/networkx/.git/index.lock': File exists.

Another git process seems to be running in this repository, e.g.
an editor opened by 'git commit'. Please make sure all processes
are terminated then try again. If it still fails, a git process
may have crashed in this repository earlier:
remove the file manually to continue.

[networkx] 45/232 4f737f4 2009-04-30
Checkout failed: networkx 4f737f4
fatal: Unable to create '/Users/chengbin/Developer/tech_debt/tech_debt_project/repos/networkx/.git/index.lock': File exists.

Another git process seems to be running in this repository, e.g.
an editor opened by 'git commit'. Please make sure all processes
are terminated then try again. If it still fails, a git process
may have crashed in this repository earlier:
remove the file manually to continue.

[networkx] 46/232 b778ae1 2009-05-21
Checkout failed: networkx b778ae1
fatal: Unable to create '/Users/chengbin/Developer/tech_debt/tech_debt_project/repos/networkx/.git/index.lock': File exists.

Another git process seems to be running in this repository, e.g.
an editor opened by 'git commit'. Please make sure all processes
are terminated then try again. If it still fails, a git process
may have crashed in this repository earlier:
remove the file manually to continue.

[networkx] 47/232 ea9a5b2 2009-06-30
Checkout failed: networkx ea9a5b2
fatal: Unable to create '/Users/chengbin/Developer/tech_debt/tech_debt_project/repos/networkx/.git/index.lock': File exists.

Another git process seems to be running in this repository, e.g.
an editor opened by 'git commit'. Please make sure all processes
are terminated then try again. If it still fails, a git process
may have crashed in this repository earlier:
remove the file manually to continue.

[networkx] 48/232 3ad0e90 2009-07-27
Created DB snapshot: networkx a5a3676
[networkx] 244/253 951e630 2025-11-24
Updated DB snapshot: networkx 3ad0e90
[networkx] 49/232 7f176ce 2009-08-31
Checkout failed: networkx 7f176ce
fatal: Unable to create '/Users/chengbin/Developer/tech_debt/tech_debt_project/repos/networkx/.git/index.lock': File exists.

Another git process seems to be running in this repository, e.g.
an editor opened by 'git commit'. Please make sure all processes
are terminated then try again. If it still fails, a git process
may have crashed in this repository earlier:
remove the file manually to continue.

[networkx] 50/232 af09de1 2009-09-29
Checkout failed: networkx af09de1
fatal: Unable to create '/Users/chengbin/Developer/tech_debt/tech_debt_project/repos/networkx/.git/index.lock': File exists.

Another git process seems to be running in this repository, e.g.
an editor opened by 'git commit'. Please make sure all processes
are terminated then try again. If it still fails, a git process
may have crashed in this repository earlier:
remove the file manually to continue.

[networkx] 51/232 2edc2f6 2009-10-30
Checkout failed: networkx 2edc2f6
fatal: Unable to create '/Users/chengbin/Developer/tech_debt/tech_debt_project/repos/networkx/.git/index.lock': File exists.

Another git process seems to be running in this repository, e.g.
an editor opened by 'git commit'. Please make sure all processes
are terminated then try again. If it still fails, a git process
may have crashed in this repository earlier:
remove the file manually to continue.

[networkx] 52/232 85b9c40 2009-11-06
Checkout failed: networkx 85b9c40
fatal: Unable to create '/Users/chengbin/Developer/tech_debt/tech_debt_project/repos/networkx/.git/index.lock': File exists.

Another git process seems to be running in this repository, e.g.
an editor opened by 'git commit'. Please make sure all processes
are terminated then try again. If it still fails, a git process
may have crashed in this repository earlier:
remove the file manually to continue.

[networkx] 53/232 a9e6e64 2009-12-31
Created DB snapshot: networkx 951e630
[networkx] 245/253 7b9ce97 2025-12-31
Updated DB snapshot: networkx a9e6e64
[networkx] 54/232 d07e289 2010-01-22
Checkout failed: networkx d07e289
fatal: Unable to create '/Users/chengbin/Developer/tech_debt/tech_debt_project/repos/networkx/.git/index.lock': File exists.

Another git process seems to be running in this repository, e.g.
an editor opened by 'git commit'. Please make sure all processes
are terminated then try again. If it still fails, a git process
may have crashed in this repository earlier:
remove the file manually to continue.

[networkx] 55/232 4385675 2010-02-26
Checkout failed: networkx 4385675
fatal: Unable to create '/Users/chengbin/Developer/tech_debt/tech_debt_project/repos/networkx/.git/index.lock': File exists.

Another git process seems to be running in this repository, e.g.
an editor opened by 'git commit'. Please make sure all processes
are terminated then try again. If it still fails, a git process
may have crashed in this repository earlier:
remove the file manually to continue.

[networkx] 56/232 5d1fcad 2010-03-26
Checkout failed: networkx 5d1fcad
fatal: Unable to create '/Users/chengbin/Developer/tech_debt/tech_debt_project/repos/networkx/.git/index.lock': File exists.

Another git process seems to be running in this repository, e.g.
an editor opened by 'git commit'. Please make sure all processes
are terminated then try again. If it still fails, a git process
may have crashed in this repository earlier:
remove the file manually to continue.

[networkx] 57/232 c7aaf18 2010-04-29
Checkout failed: networkx c7aaf18
fatal: Unable to create '/Users/chengbin/Developer/tech_debt/tech_debt_project/repos/networkx/.git/index.lock': File exists.

Another git process seems to be running in this repository, e.g.
an editor opened by 'git commit'. Please make sure all processes
are terminated then try again. If it still fails, a git process
may have crashed in this repository earlier:
remove the file manually to continue.

[networkx] 58/232 1ef90fc 2010-05-05
Created DB snapshot: networkx 7b9ce97
[networkx] 246/253 b3a43e9 2026-01-31
Updated DB snapshot: networkx 1ef90fc
[networkx] 59/232 befc67e 2010-06-25
Created DB snapshot: networkx b3a43e9
[networkx] 247/253 fe601f2 2026-02-28
Updated DB snapshot: networkx befc67e
[networkx] 60/232 319009b 2010-07-31
Created DB snapshot: networkx fe601f2
[networkx] 248/253 61d2098 2026-03-26
Updated DB snapshot: networkx 319009b
[networkx] 61/232 d66362b 2010-08-30
Checkout failed: networkx d66362b
fatal: Unable to create '/Users/chengbin/Developer/tech_debt/tech_debt_project/repos/networkx/.git/index.lock': File exists.

Another git process seems to be running in this repository, e.g.
an editor opened by 'git commit'. Please make sure all processes
are terminated then try again. If it still fails, a git process
may have crashed in this repository earlier:
remove the file manually to continue.

[networkx] 62/232 e41e3c9 2010-09-28
Checkout failed: networkx e41e3c9
fatal: Unable to create '/Users/chengbin/Developer/tech_debt/tech_debt_project/repos/networkx/.git/index.lock': File exists.

Another git process seems to be running in this repository, e.g.
an editor opened by 'git commit'. Please make sure all processes
are terminated then try again. If it still fails, a git process
may have crashed in this repository earlier:
remove the file manually to continue.

[networkx] 63/232 d1fdde7 2010-10-29
Checkout failed: networkx d1fdde7
fatal: Unable to create '/Users/chengbin/Developer/tech_debt/tech_debt_project/repos/networkx/.git/index.lock': File exists.

Another git process seems to be running in this repository, e.g.
an editor opened by 'git commit'. Please make sure all processes
are terminated then try again. If it still fails, a git process
may have crashed in this repository earlier:
remove the file manually to continue.

[networkx] 64/232 b375655 2010-11-29
Checkout failed: networkx b375655
fatal: Unable to create '/Users/chengbin/Developer/tech_debt/tech_debt_project/repos/networkx/.git/index.lock': File exists.

Another git process seems to be running in this repository, e.g.
an editor opened by 'git commit'. Please make sure all processes
are terminated then try again. If it still fails, a git process
may have crashed in this repository earlier:
remove the file manually to continue.

[networkx] 65/232 204ad64 2010-12-14
Created DB snapshot: networkx 61d2098
[networkx] 249/253 2486132 2026-04-30
Updated DB snapshot: networkx 204ad64
[networkx] 66/232 022b755 2011-01-30
Checkout failed: networkx 022b755
fatal: Unable to create '/Users/chengbin/Developer/tech_debt/tech_debt_project/repos/networkx/.git/index.lock': File exists.

Another git process seems to be running in this repository, e.g.
an editor opened by 'git commit'. Please make sure all processes
are terminated then try again. If it still fails, a git process
may have crashed in this repository earlier:
remove the file manually to continue.

[networkx] 67/232 2ec7e14 2011-02-27
Checkout failed: networkx 2ec7e14
fatal: Unable to create '/Users/chengbin/Developer/tech_debt/tech_debt_project/repos/networkx/.git/index.lock': File exists.

Another git process seems to be running in this repository, e.g.
an editor opened by 'git commit'. Please make sure all processes
are terminated then try again. If it still fails, a git process
may have crashed in this repository earlier:
remove the file manually to continue.

[networkx] 68/232 10e22ba 2011-03-28
Checkout failed: networkx 10e22ba
fatal: Unable to create '/Users/chengbin/Developer/tech_debt/tech_debt_project/repos/networkx/.git/index.lock': File exists.

Another git process seems to be running in this repository, e.g.
an editor opened by 'git commit'. Please make sure all processes
are terminated then try again. If it still fails, a git process
may have crashed in this repository earlier:
remove the file manually to continue.

[networkx] 69/232 1997ae4 2011-04-20
Checkout failed: networkx 1997ae4
fatal: Unable to create '/Users/chengbin/Developer/tech_debt/tech_debt_project/repos/networkx/.git/index.lock': File exists.

Another git process seems to be running in this repository, e.g.
an editor opened by 'git commit'. Please make sure all processes
are terminated then try again. If it still fails, a git process
may have crashed in this repository earlier:
remove the file manually to continue.

[networkx] 70/232 ad57e6f 2011-05-31
Created DB snapshot: networkx 2486132
[networkx] 250/253 da42a10 2026-05-30
Updated DB snapshot: networkx ad57e6f
[networkx] 71/232 f51fb08 2011-06-30
Checkout failed: networkx f51fb08
fatal: Unable to create '/Users/chengbin/Developer/tech_debt/tech_debt_project/repos/networkx/.git/index.lock': File exists.

Another git process seems to be running in this repository, e.g.
an editor opened by 'git commit'. Please make sure all processes
are terminated then try again. If it still fails, a git process
may have crashed in this repository earlier:
remove the file manually to continue.

[networkx] 72/232 066d95d 2011-07-31
Checkout failed: networkx 066d95d
fatal: Unable to create '/Users/chengbin/Developer/tech_debt/tech_debt_project/repos/networkx/.git/index.lock': File exists.

Another git process seems to be running in this repository, e.g.
an editor opened by 'git commit'. Please make sure all processes
are terminated then try again. If it still fails, a git process
may have crashed in this repository earlier:
remove the file manually to continue.

[networkx] 73/232 effecd1 2011-08-29
Checkout failed: networkx effecd1
fatal: Unable to create '/Users/chengbin/Developer/tech_debt/tech_debt_project/repos/networkx/.git/index.lock': File exists.

Another git process seems to be running in this repository, e.g.
an editor opened by 'git commit'. Please make sure all processes
are terminated then try again. If it still fails, a git process
may have crashed in this repository earlier:
remove the file manually to continue.

[networkx] 74/232 bf30aaf 2011-09-27
Checkout failed: networkx bf30aaf
fatal: Unable to create '/Users/chengbin/Developer/tech_debt/tech_debt_project/repos/networkx/.git/index.lock': File exists.

Another git process seems to be running in this repository, e.g.
an editor opened by 'git commit'. Please make sure all processes
are terminated then try again. If it still fails, a git process
may have crashed in this repository earlier:
remove the file manually to continue.

[networkx] 75/232 5cfbcdf 2011-10-25
Created DB snapshot: networkx da42a10
[networkx] 251/253 1950928 2026-06-29
Updated DB snapshot: networkx 5cfbcdf
[networkx] 76/232 1589e2d 2011-11-30
Checkout failed: networkx 1589e2d
fatal: Unable to create '/Users/chengbin/Developer/tech_debt/tech_debt_project/repos/networkx/.git/index.lock': File exists.

Another git process seems to be running in this repository, e.g.
an editor opened by 'git commit'. Please make sure all processes
are terminated then try again. If it still fails, a git process
may have crashed in this repository earlier:
remove the file manually to continue.

[networkx] 77/232 656d774 2011-12-30
Checkout failed: networkx 656d774
fatal: Unable to create '/Users/chengbin/Developer/tech_debt/tech_debt_project/repos/networkx/.git/index.lock': File exists.

Another git process seems to be running in this repository, e.g.
an editor opened by 'git commit'. Please make sure all processes
are terminated then try again. If it still fails, a git process
may have crashed in this repository earlier:
remove the file manually to continue.

[networkx] 78/232 aa55064 2012-01-16
Checkout failed: networkx aa55064
fatal: Unable to create '/Users/chengbin/Developer/tech_debt/tech_debt_project/repos/networkx/.git/index.lock': File exists.

Another git process seems to be running in this repository, e.g.
an editor opened by 'git commit'. Please make sure all processes
are terminated then try again. If it still fails, a git process
may have crashed in this repository earlier:
remove the file manually to continue.

[networkx] 79/232 b79bb7c 2012-02-26
Checkout failed: networkx b79bb7c
fatal: Unable to create '/Users/chengbin/Developer/tech_debt/tech_debt_project/repos/networkx/.git/index.lock': File exists.

Another git process seems to be running in this repository, e.g.
an editor opened by 'git commit'. Please make sure all processes
are terminated then try again. If it still fails, a git process
may have crashed in this repository earlier:
remove the file manually to continue.

[networkx] 80/232 ee8314a 2012-03-28
Created DB snapshot: networkx 1950928
[networkx] 252/253 a5652a9 2026-07-30
Updated DB snapshot: networkx ee8314a
[networkx] 81/232 30b2087 2012-04-28
Checkout failed: networkx 30b2087
fatal: Unable to create '/Users/chengbin/Developer/tech_debt/tech_debt_project/repos/networkx/.git/index.lock': File exists.

Another git process seems to be running in this repository, e.g.
an editor opened by 'git commit'. Please make sure all processes
are terminated then try again. If it still fails, a git process
may have crashed in this repository earlier:
remove the file manually to continue.

[networkx] 82/232 3924849 2012-05-31
Checkout failed: networkx 3924849
fatal: Unable to create '/Users/chengbin/Developer/tech_debt/tech_debt_project/repos/networkx/.git/index.lock': File exists.

Another git process seems to be running in this repository, e.g.
an editor opened by 'git commit'. Please make sure all processes
are terminated then try again. If it still fails, a git process
may have crashed in this repository earlier:
remove the file manually to continue.

[networkx] 83/232 9ebe087 2012-06-29
Checkout failed: networkx 9ebe087
fatal: Unable to create '/Users/chengbin/Developer/tech_debt/tech_debt_project/repos/networkx/.git/index.lock': File exists.

Another git process seems to be running in this repository, e.g.
an editor opened by 'git commit'. Please make sure all processes
are terminated then try again. If it still fails, a git process
may have crashed in this repository earlier:
remove the file manually to continue.

[networkx] 84/232 62ca44e 2012-07-23
Checkout failed: networkx 62ca44e
fatal: Unable to create '/Users/chengbin/Developer/tech_debt/tech_debt_project/repos/networkx/.git/index.lock': File exists.

Another git process seems to be running in this repository, e.g.
an editor opened by 'git commit'. Please make sure all processes
are terminated then try again. If it still fails, a git process
may have crashed in this repository earlier:
remove the file manually to continue.

[networkx] 85/232 69af3e9 2012-08-07
Checkout failed: networkx 69af3e9
fatal: Unable to create '/Users/chengbin/Developer/tech_debt/tech_debt_project/repos/networkx/.git/index.lock': File exists.

Another git process seems to be running in this repository, e.g.
an editor opened by 'git commit'. Please make sure all processes
are terminated then try again. If it still fails, a git process
may have crashed in this repository earlier:
remove the file manually to continue.

[networkx] 86/232 64e2b5f 2012-09-08
Checkout failed: networkx 64e2b5f
fatal: Unable to create '/Users/chengbin/Developer/tech_debt/tech_debt_project/repos/networkx/.git/index.lock': File exists.

Another git process seems to be running in this repository, e.g.
an editor opened by 'git commit'. Please make sure all processes
are terminated then try again. If it still fails, a git process
may have crashed in this repository earlier:
remove the file manually to continue.

[networkx] 87/232 f578581 2012-10-28
Created DB snapshot: networkx a5652a9
[networkx] 253/253 f884a12 2026-08-01
Updated DB snapshot: networkx f578581
[networkx] 88/232 df3fe38 2012-11-27
Checkout failed: networkx df3fe38
fatal: Unable to create '/Users/chengbin/Developer/tech_debt/tech_debt_project/repos/networkx/.git/index.lock': File exists.

Another git process seems to be running in this repository, e.g.
an editor opened by 'git commit'. Please make sure all processes
are terminated then try again. If it still fails, a git process
may have crashed in this repository earlier:
remove the file manually to continue.

[networkx] 89/232 07b1826 2012-12-29
Created DB snapshot: networkx f884a12
Updated DB snapshot: networkx 07b1826
[networkx] 90/232 9294fc8 2013-01-22
Saved CSV: /Users/chengbin/Developer/tech_debt/dashboard/analysis/complexity_results/networkx_complexity.csv
Saved plot: /Users/chengbin/Developer/tech_debt/dashboard/analysis/complexity_plots/networkx_complexity.png

Analyzing project: snipe-it
Repository does not exist in database: snipe-it
snipe-it: 1 monthly commits selected
[snipe-it] 1/1 fe00b0e 2016-03-25
Updated DB snapshot: networkx 9294fc8
[networkx] 91/232 c1465c8 2013-02-26
Updated DB snapshot: networkx c1465c8
[networkx] 92/232 a18f099 2013-03-16
Updated DB snapshot: networkx a18f099
[networkx] 93/232 091238f 2013-04-24
Updated DB snapshot: networkx 091238f
[networkx] 94/232 e4465cd 2013-05-28
Updated DB snapshot: networkx e4465cd
[networkx] 95/232 34f894e 2013-06-01
Saved CSV: /Users/chengbin/Developer/tech_debt/dashboard/analysis/complexity_results/snipe-it_complexity.csv
Saved plot: /Users/chengbin/Developer/tech_debt/dashboard/analysis/complexity_plots/snipe-it_complexity.png

Analyzing project: netbox
netbox: 125 monthly commits selected
[netbox] 1/125 2f86d5e 2016-03-30
Created DB snapshot: netbox 2f86d5e
[netbox] 2/125 ab17005 2016-04-29
Updated DB snapshot: networkx 34f894e
[networkx] 96/232 0c1c31f 2013-07-30
Created DB snapshot: netbox ab17005
[netbox] 3/125 e80dde3 2016-05-26
Created DB snapshot: netbox e80dde3
[netbox] 4/125 1338bf6 2016-06-28
Updated DB snapshot: networkx 0c1c31f
[networkx] 97/232 ac8571a 2013-08-30
Created DB snapshot: netbox 1338bf6
[netbox] 5/125 65ea2af 2016-07-29
Updated DB snapshot: networkx ac8571a
[networkx] 98/232 657590f 2013-09-30
Created DB snapshot: netbox 65ea2af
[netbox] 6/125 8341800 2016-08-24
Created DB snapshot: netbox 8341800
[netbox] 7/125 3606606 2016-09-30
Updated DB snapshot: networkx 657590f
[networkx] 99/232 5dcc0e8 2013-10-19
Created DB snapshot: netbox 3606606
[netbox] 8/125 084b86c 2016-10-31
Updated DB snapshot: networkx 5dcc0e8
[networkx] 100/232 0614bf4 2013-11-27
Created DB snapshot: netbox 084b86c
[netbox] 9/125 b275009 2016-11-30
Updated DB snapshot: networkx 0614bf4
[networkx] 101/232 a7725b8 2013-12-31
Created DB snapshot: netbox b275009
[netbox] 10/125 5215779 2016-12-29
Updated DB snapshot: networkx a7725b8
[networkx] 102/232 a8dcd73 2014-01-31
Created DB snapshot: netbox 5215779
[netbox] 11/125 b370375 2017-01-31
Updated DB snapshot: networkx a8dcd73
[networkx] 103/232 556bf89 2014-02-26
Created DB snapshot: netbox b370375
[netbox] 12/125 5ad3044 2017-02-28
Updated DB snapshot: networkx 556bf89
[networkx] 104/232 1b2eb79 2014-03-30
Created DB snapshot: netbox 5ad3044
[netbox] 13/125 6bbdc2b 2017-03-31
Updated DB snapshot: networkx 1b2eb79
[networkx] 105/232 2b2d6c0 2014-04-21
Created DB snapshot: netbox 6bbdc2b
[netbox] 14/125 de58d0e 2017-04-28
Updated DB snapshot: networkx 2b2d6c0
[networkx] 106/232 085c2be 2014-05-31
Created DB snapshot: netbox de58d0e
[netbox] 15/125 a598f0e 2017-05-31
Created DB snapshot: netbox a598f0e
[netbox] 16/125 30d1605 2017-06-30
Updated DB snapshot: networkx 085c2be
[networkx] 107/232 6731bfc 2014-06-11
Created DB snapshot: netbox 30d1605
[netbox] 17/125 52a490b 2017-07-28
Updated DB snapshot: networkx 6731bfc
[networkx] 108/232 a24418d 2014-07-01
Created DB snapshot: netbox 52a490b
[netbox] 18/125 cbc239c 2017-08-31
Updated DB snapshot: networkx a24418d
[networkx] 109/232 fe054da 2014-08-15
Created DB snapshot: netbox cbc239c
[netbox] 19/125 9c673d2 2017-09-29
Updated DB snapshot: networkx fe054da
[networkx] 110/232 c6a8be3 2014-09-27
Created DB snapshot: netbox 9c673d2
[netbox] 20/125 57973f6 2017-10-31
Updated DB snapshot: networkx c6a8be3
[networkx] 111/232 6f1543a 2014-10-31
Created DB snapshot: netbox 57973f6
[netbox] 21/125 de2a894 2017-11-30
Created DB snapshot: netbox de2a894
[netbox] 22/125 935da0d 2017-12-29
Updated DB snapshot: networkx 6f1543a
[networkx] 112/232 cb5ca3a 2014-11-25
Created DB snapshot: netbox 935da0d
[netbox] 23/125 a4019be 2018-01-31
Updated DB snapshot: networkx cb5ca3a
[networkx] 113/232 119497b 2014-12-31
Created DB snapshot: netbox a4019be
[netbox] 24/125 b83de7e 2018-02-22
Updated DB snapshot: networkx 119497b
[networkx] 114/232 fcac1ee 2015-01-24
Created DB snapshot: netbox b83de7e
[netbox] 25/125 131436f 2018-03-05
Updated DB snapshot: networkx fcac1ee
[networkx] 115/232 8de67c0 2015-02-23
Created DB snapshot: netbox 131436f
[netbox] 26/125 399a633 2018-04-19
Updated DB snapshot: networkx 8de67c0
[networkx] 116/232 c34afe2 2015-03-03
Created DB snapshot: netbox 399a633
[netbox] 27/125 edd8e9e 2018-05-30
Updated DB snapshot: networkx c34afe2
[networkx] 117/232 087c719 2015-04-15
Created DB snapshot: netbox edd8e9e
[netbox] 28/125 fa5493a 2018-06-27
Created DB snapshot: netbox fa5493a
[netbox] 29/125 2f33e97 2018-07-31
Updated DB snapshot: networkx 087c719
[networkx] 118/232 08ff59c 2015-05-09
Created DB snapshot: netbox 2f33e97
[netbox] 30/125 2ac60bd 2018-08-22
Updated DB snapshot: networkx 08ff59c
[networkx] 119/232 36df99b 2015-06-10
Created DB snapshot: netbox 2ac60bd
[netbox] 31/125 c31c7b5 2018-09-03
Updated DB snapshot: networkx 36df99b
[networkx] 120/232 a772267 2015-07-29
Created DB snapshot: netbox c31c7b5
[netbox] 32/125 55c632a 2018-10-31
Updated DB snapshot: networkx a772267
[networkx] 121/232 415481c 2015-08-02
Created DB snapshot: netbox 55c632a
[netbox] 33/125 d1cd366 2018-11-30
Updated DB snapshot: networkx 415481c
[networkx] 122/232 66cb4c8 2015-09-21
Created DB snapshot: netbox d1cd366
[netbox] 34/125 28a02e9 2018-12-30
Updated DB snapshot: networkx 66cb4c8
[networkx] 123/232 e248ef2 2015-10-21
Created DB snapshot: netbox 28a02e9
[netbox] 35/125 2f1018c 2019-01-31
Updated DB snapshot: networkx e248ef2
[networkx] 124/232 2435e76 2015-11-16
Created DB snapshot: netbox 2f1018c
[netbox] 36/125 0ec8476 2019-02-03
Updated DB snapshot: networkx 2435e76
[networkx] 125/232 c4a6ca4 2015-12-11
Created DB snapshot: netbox 0ec8476
[netbox] 37/125 498f132 2019-03-28
Updated DB snapshot: networkx c4a6ca4
[networkx] 126/232 2938155 2016-01-30
Created DB snapshot: netbox 498f132
[netbox] 38/125 5a8ba15 2019-04-30
Updated DB snapshot: networkx 2938155
[networkx] 127/232 8704867 2016-02-23
Created DB snapshot: netbox 5a8ba15
[netbox] 39/125 3bb3b85 2019-05-31
Updated DB snapshot: networkx 8704867
[networkx] 128/232 7933641 2016-03-29
Created DB snapshot: netbox 3bb3b85
[netbox] 40/125 ddced4f 2019-06-28
Updated DB snapshot: networkx 7933641
[networkx] 129/232 b8cacb4 2016-04-06
Created DB snapshot: netbox ddced4f
[netbox] 41/125 a32d185 2019-07-31
Updated DB snapshot: networkx b8cacb4
[networkx] 130/232 088236a 2016-05-17
Created DB snapshot: netbox a32d185
[netbox] 42/125 559beff 2019-08-28
Updated DB snapshot: networkx 088236a
[networkx] 131/232 768cb76 2016-06-26
Updated DB snapshot: networkx 768cb76
[networkx] 132/232 631da52 2016-07-31
Created DB snapshot: netbox 559beff
[netbox] 43/125 52e9369 2019-09-29
Updated DB snapshot: networkx 631da52
[networkx] 133/232 94ddd48 2016-08-29
Created DB snapshot: netbox 52e9369
[netbox] 44/125 a63383d 2019-10-30
Updated DB snapshot: networkx 94ddd48
[networkx] 134/232 0b0862e 2016-09-29
Created DB snapshot: netbox a63383d
[netbox] 45/125 378883d 2019-11-03
Updated DB snapshot: networkx 0b0862e
[networkx] 135/232 17b8d21 2016-10-25
Updated DB snapshot: networkx 17b8d21
[networkx] 136/232 1d06670 2016-11-28
Created DB snapshot: netbox 378883d
[netbox] 46/125 2e83ce7 2019-12-13
Updated DB snapshot: networkx 1d06670
[networkx] 137/232 ff0ab58 2016-12-28
Updated DB snapshot: networkx ff0ab58
[networkx] 138/232 de0bd35 2017-01-31
Updated DB snapshot: networkx de0bd35
[networkx] 139/232 04d503f 2017-02-27
Created DB snapshot: netbox 2e83ce7
[netbox] 47/125 4136a5f 2020-01-31
Updated DB snapshot: networkx 04d503f
[networkx] 140/232 4d721bf 2017-03-26
Updated DB snapshot: networkx 4d721bf
[networkx] 141/232 48f4b57 2017-04-02
Created DB snapshot: netbox 4136a5f
[netbox] 48/125 a17c227 2020-02-29
Updated DB snapshot: networkx 48f4b57
[networkx] 142/232 229f296 2017-05-30
Updated DB snapshot: networkx 229f296
[networkx] 143/232 8fe9454 2017-06-30
Created DB snapshot: netbox a17c227
[netbox] 49/125 221e014 2020-03-31
Updated DB snapshot: networkx 8fe9454
[networkx] 144/232 e9d8c6b 2017-07-27
Updated DB snapshot: networkx e9d8c6b
[networkx] 145/232 478bf09 2017-08-29
Created DB snapshot: netbox 221e014
[netbox] 50/125 6ab046b 2020-04-30
Updated DB snapshot: networkx 478bf09
[networkx] 146/232 6bdf981 2017-09-25
Updated DB snapshot: networkx 6bdf981
[networkx] 147/232 4454b2b 2017-10-28
Created DB snapshot: netbox 6ab046b
[netbox] 51/125 2fe4656 2020-05-08
Updated DB snapshot: networkx 4454b2b
[networkx] 148/232 ac2a08e 2017-11-30
Updated DB snapshot: networkx ac2a08e
[networkx] 149/232 0595dc7 2017-12-18
Created DB snapshot: netbox 2fe4656
[netbox] 52/125 0b1df14 2020-06-30
Updated DB snapshot: networkx 0595dc7
[networkx] 150/232 d2e09cf 2018-01-28
Updated DB snapshot: networkx d2e09cf
[networkx] 151/232 61f94da 2018-02-28
Created DB snapshot: netbox 0b1df14
[netbox] 53/125 eacbec9 2020-07-30
Updated DB snapshot: networkx 61f94da
[networkx] 152/232 3cf16a9 2018-03-19
Updated DB snapshot: networkx 3cf16a9
[networkx] 153/232 48326e1 2018-04-27
Created DB snapshot: netbox eacbec9
[netbox] 54/125 473d76c 2020-08-31
Updated DB snapshot: networkx 48326e1
[networkx] 154/232 641ff6e 2018-05-31
Updated DB snapshot: networkx 641ff6e
[networkx] 155/232 e5a3ff4 2018-06-27
Created DB snapshot: netbox 473d76c
[netbox] 55/125 46df5a9 2020-09-30
Updated DB snapshot: networkx e5a3ff4
[networkx] 156/232 bdba37e 2018-07-11
Updated DB snapshot: networkx bdba37e
[networkx] 157/232 3f8ee2f 2018-08-29
Created DB snapshot: netbox 46df5a9
[netbox] 56/125 2ffdc46 2020-10-22
Updated DB snapshot: networkx 3f8ee2f
[networkx] 158/232 8444d37 2018-09-20
Updated DB snapshot: networkx 8444d37
[networkx] 159/232 25248f1 2018-10-30
Created DB snapshot: netbox 2ffdc46
[netbox] 57/125 23b3058 2020-11-30
Updated DB snapshot: networkx 25248f1
[networkx] 160/232 61419bf 2018-11-26
Updated DB snapshot: networkx 61419bf
[networkx] 161/232 d3843ab 2018-12-24
Created DB snapshot: netbox 23b3058
[netbox] 58/125 e73c225 2020-12-31
Updated DB snapshot: networkx d3843ab
[networkx] 162/232 e32425d 2019-01-13
Updated DB snapshot: networkx e32425d
[networkx] 163/232 1d5e218 2019-02-27
Created DB snapshot: netbox e73c225
[netbox] 59/125 1964073 2021-01-26
Updated DB snapshot: networkx 1d5e218
[networkx] 164/232 fca1b13 2019-03-30
Updated DB snapshot: networkx fca1b13
[networkx] 165/232 ea2c8db 2019-04-30
Created DB snapshot: netbox 1964073
[netbox] 60/125 d5e5cdd 2021-02-08
Updated DB snapshot: networkx ea2c8db
[networkx] 166/232 98328a0 2019-05-23
Created DB snapshot: netbox d5e5cdd
[netbox] 61/125 83c4577 2021-03-31
Updated DB snapshot: networkx 98328a0
[networkx] 167/232 9835f96 2019-06-30
Updated DB snapshot: networkx 9835f96
[networkx] 168/232 fa18d78 2019-07-28
Created DB snapshot: netbox 83c4577
[netbox] 62/125 04cc43b 2021-04-30
Updated DB snapshot: networkx fa18d78
[networkx] 169/232 d1dd2be 2019-08-31
Updated DB snapshot: networkx d1dd2be
[networkx] 170/232 9ff7a8e 2019-09-30
Created DB snapshot: netbox 04cc43b
[netbox] 63/125 0c93760 2021-05-27
Updated DB snapshot: networkx 9ff7a8e
[networkx] 171/232 a194588 2019-10-30
Updated DB snapshot: networkx a194588
[networkx] 172/232 1bbcc51 2019-11-11
Created DB snapshot: netbox 0c93760
[netbox] 64/125 5bf4234 2021-06-15
Updated DB snapshot: networkx 1bbcc51
[networkx] 173/232 9b02800 2019-12-31
Updated DB snapshot: networkx 9b02800
[networkx] 174/232 b662434 2020-01-31
Created DB snapshot: netbox 5bf4234
[netbox] 65/125 374cf14 2021-07-31
Updated DB snapshot: networkx b662434
[networkx] 175/232 3f4f9c3 2020-02-26
Created DB snapshot: netbox 374cf14
[netbox] 66/125 eb9f2b3 2021-08-15
Updated DB snapshot: networkx 3f4f9c3
[networkx] 176/232 a73a610 2020-03-15
Updated DB snapshot: networkx a73a610
[networkx] 177/232 7ae7f01 2020-04-20
Created DB snapshot: netbox eb9f2b3
[netbox] 67/125 a5b99e7 2021-09-30
Updated DB snapshot: networkx 7ae7f01
[networkx] 178/232 8627156 2020-05-31
Updated DB snapshot: networkx 8627156
[networkx] 179/232 42488d9 2020-06-25
Created DB snapshot: netbox a5b99e7
[netbox] 68/125 830cf4b 2021-10-28
Updated DB snapshot: networkx 42488d9
[networkx] 180/232 0c0112b 2020-07-30
Created DB snapshot: netbox 830cf4b
[netbox] 69/125 dc30405 2021-11-30
Updated DB snapshot: networkx 0c0112b
[networkx] 181/232 012b8fc 2020-08-30
Updated DB snapshot: networkx 012b8fc
[networkx] 182/232 830c2b5 2020-09-23
Created DB snapshot: netbox dc30405
[netbox] 70/125 fa1e28e 2021-12-30
Updated DB snapshot: networkx 830c2b5
[networkx] 183/232 7e14f28 2020-10-31
Created DB snapshot: netbox fa1e28e
[netbox] 71/125 03ea257 2022-01-27
Updated DB snapshot: networkx 7e14f28
[networkx] 184/232 23391dd 2020-11-28
Updated DB snapshot: networkx 23391dd
[networkx] 185/232 1e2d4a8 2020-12-31
Created DB snapshot: netbox 03ea257
[netbox] 72/125 e7496c8 2022-02-28
Updated DB snapshot: networkx 1e2d4a8
[networkx] 186/232 b044340 2021-01-30
Created DB snapshot: netbox e7496c8
[netbox] 73/125 aa2ec3b 2022-03-25
Updated DB snapshot: networkx b044340
[networkx] 187/232 6a0d6e5 2021-02-27
Updated DB snapshot: networkx 6a0d6e5
[networkx] 188/232 0740fe5 2021-03-30
Created DB snapshot: netbox aa2ec3b
[netbox] 74/125 5d37f9f 2022-04-29
Updated DB snapshot: networkx 0740fe5
[networkx] 189/232 d70b314 2021-04-26
Updated DB snapshot: networkx d70b314
[networkx] 190/232 c444024 2021-05-31
Created DB snapshot: netbox 5d37f9f
[netbox] 75/125 7b02070 2022-05-31
Updated DB snapshot: networkx c444024
[networkx] 191/232 e33091b 2021-06-30
Created DB snapshot: netbox 7b02070
[netbox] 76/125 be77835 2022-06-30
Updated DB snapshot: networkx e33091b
[networkx] 192/232 2eb274e 2021-07-27
Updated DB snapshot: networkx 2eb274e
[networkx] 193/232 96831f9 2021-08-31
Created DB snapshot: netbox be77835
[netbox] 77/125 5e37f82 2022-07-14
Updated DB snapshot: networkx 96831f9
[networkx] 194/232 033b1ee 2021-09-30
Updated DB snapshot: networkx 033b1ee
[networkx] 195/232 e1563f4 2021-10-28
Created DB snapshot: netbox 5e37f82
[netbox] 78/125 128ccb4 2022-08-11
Updated DB snapshot: networkx e1563f4
[networkx] 196/232 aab28bf 2021-11-24
Created DB snapshot: netbox 128ccb4
[netbox] 79/125 568e0c7 2022-09-30
Updated DB snapshot: networkx aab28bf
[networkx] 197/232 36d446b 2021-12-28
Updated DB snapshot: networkx 36d446b
[networkx] 198/232 290ebce 2022-01-31
Created DB snapshot: netbox 568e0c7
[netbox] 80/125 d1970ca 2022-10-31
Updated DB snapshot: networkx 290ebce
[networkx] 199/232 4283d15 2022-02-28
Updated DB snapshot: networkx 4283d15
[networkx] 200/232 1e48dad 2022-03-29
Created DB snapshot: netbox d1970ca
[netbox] 81/125 f715064 2022-11-17
Updated DB snapshot: networkx 1e48dad
[networkx] 201/232 7e17ff9 2022-04-29
Updated DB snapshot: networkx 7e17ff9
[networkx] 202/232 2a05ccd 2022-05-31
Created DB snapshot: netbox f715064
[netbox] 82/125 f7b85ab 2022-12-19
Updated DB snapshot: networkx 2a05ccd
[networkx] 203/232 08ea277 2022-06-30
Updated DB snapshot: networkx 08ea277
[networkx] 204/232 28f78cf 2022-07-28
Created DB snapshot: netbox f7b85ab
[netbox] 83/125 e65b2a9 2023-01-31
Updated DB snapshot: networkx 28f78cf
[networkx] 205/232 d2ceeb6 2022-08-23
Created DB snapshot: netbox e65b2a9
[netbox] 84/125 07b0b93 2023-02-19
Updated DB snapshot: networkx d2ceeb6
[networkx] 206/232 c43fff3 2022-09-30
Updated DB snapshot: networkx c43fff3
[networkx] 207/232 6096b09 2022-10-31
Created DB snapshot: netbox 07b0b93
[netbox] 85/125 8d6c591 2023-03-31
Updated DB snapshot: networkx 6096b09
[networkx] 208/232 d82815d 2022-11-22
Updated DB snapshot: networkx d82815d
[networkx] 209/232 8f16a2f 2022-12-27
Created DB snapshot: netbox 8d6c591
[netbox] 86/125 a566a56 2023-04-27
Updated DB snapshot: networkx 8f16a2f
[networkx] 210/232 a1041e7 2023-01-31
Created DB snapshot: netbox a566a56
[netbox] 87/125 0b21625 2023-05-16
Updated DB snapshot: networkx a1041e7
[networkx] 211/232 e6b0062 2023-02-28
Updated DB snapshot: networkx e6b0062
[networkx] 212/232 7b8dea8 2023-03-30
Created DB snapshot: netbox 0b21625
[netbox] 88/125 16ee42a 2023-06-24
Updated DB snapshot: networkx 7b8dea8
[networkx] 213/232 049794f 2023-04-28
Created DB snapshot: netbox 16ee42a
[netbox] 89/125 34a9605 2023-07-31
Updated DB snapshot: networkx 049794f
[networkx] 214/232 f1d68e5 2023-05-31
Updated DB snapshot: networkx f1d68e5
[networkx] 215/232 65fe175 2023-06-29
Created DB snapshot: netbox 34a9605
[netbox] 90/125 7848bee 2023-08-31
Updated DB snapshot: networkx 65fe175
[networkx] 216/232 53be757 2023-07-29
Updated DB snapshot: networkx 53be757
[networkx] 217/232 b071f40 2023-08-31
Created DB snapshot: netbox 7848bee
[netbox] 91/125 6dc5605 2023-09-27
Updated DB snapshot: networkx b071f40
[networkx] 218/232 d029933 2023-09-30
Updated DB snapshot: networkx d029933
[networkx] 219/232 6ced50a 2023-10-31
Created DB snapshot: netbox 6dc5605
[netbox] 92/125 77208bf 2023-10-31
Updated DB snapshot: networkx 6ced50a
[networkx] 220/232 5b2e860 2023-11-30
Updated DB snapshot: networkx 5b2e860
[networkx] 221/232 6109e10 2023-12-30
Created DB snapshot: netbox 77208bf
[netbox] 93/125 b21ed6a 2023-11-30
Updated DB snapshot: networkx 6109e10
[networkx] 222/232 3bdf3bb 2024-01-31
Updated DB snapshot: networkx 3bdf3bb
[networkx] 223/232 051ffc1 2024-02-28
Created DB snapshot: netbox b21ed6a
[netbox] 94/125 bb806e2 2023-12-21
Updated DB snapshot: networkx 051ffc1
[networkx] 224/232 c8c838f 2024-03-31
Updated DB snapshot: networkx c8c838f
[networkx] 225/232 f58c387 2024-04-24
Created DB snapshot: netbox bb806e2
[netbox] 95/125 270a1da 2024-01-23
Updated DB snapshot: networkx f58c387
[networkx] 226/232 6eabce4 2024-05-31
Updated DB snapshot: networkx 6eabce4
[networkx] 227/232 fe5e260 2024-06-26
Updated DB snapshot: networkx fe5e260
[networkx] 228/232 89718e0 2024-07-25
Created DB snapshot: netbox 270a1da
[netbox] 96/125 79b9ef7 2024-02-04
Updated DB snapshot: networkx 89718e0
[networkx] 229/232 5745e4b 2024-08-30
Updated DB snapshot: networkx 5745e4b
[networkx] 230/232 74af3e6 2024-09-30
Updated DB snapshot: networkx 74af3e6
[networkx] 231/232 478183c 2024-10-25
Updated DB snapshot: networkx 478183c
[networkx] 232/232 86ffe94 2024-11-28
Created DB snapshot: netbox 79b9ef7
[netbox] 97/125 9751ce6 2024-03-15
Updated DB snapshot: networkx 86ffe94
Saved CSV: /Users/chengbin/Developer/tech_debt/dashboard/analysis/complexity_results/networkx_complexity.csv
Saved plot: /Users/chengbin/Developer/tech_debt/dashboard/analysis/complexity_plots/networkx_complexity.png

Analyzing project: snipe-it
Repository does not exist in database: snipe-it
snipe-it: 125 monthly commits selected
[snipe-it] 1/125 ecf9734 2016-03-30
Created DB snapshot: netbox 9751ce6
[netbox] 98/125 1add918 2024-04-30
[snipe-it] 2/125 d40289f 2016-04-28
Created DB snapshot: netbox 1add918
[netbox] 99/125 24d02cb 2024-05-31
[snipe-it] 3/125 5d206f2 2016-05-31
Created DB snapshot: netbox 24d02cb
[netbox] 100/125 95347cf 2024-06-17
[snipe-it] 4/125 d4628b5 2016-06-29
Created DB snapshot: netbox 95347cf
[netbox] 101/125 8bea914 2024-07-05
[snipe-it] 5/125 d65a909 2016-07-30
Created DB snapshot: netbox 8bea914
[netbox] 102/125 b2bbdbf 2024-08-30
[snipe-it] 6/125 b450ef3 2016-08-30
Created DB snapshot: netbox b2bbdbf
[netbox] 103/125 bfcae80 2024-09-26
[snipe-it] 7/125 87f50df 2016-09-29
Created DB snapshot: netbox bfcae80
[netbox] 104/125 81f00fd 2024-10-30
[snipe-it] 8/125 4747a4c 2016-10-31
Created DB snapshot: netbox 81f00fd
[netbox] 105/125 d122c33 2024-11-25
[snipe-it] 9/125 7513c99 2016-11-30
Created DB snapshot: netbox d122c33
[netbox] 106/125 b9abb32 2024-12-27
Created DB snapshot: netbox b9abb32
[netbox] 107/125 8114492 2025-01-09
[snipe-it] 10/125 6351746 2016-12-30
Created DB snapshot: netbox 8114492
[netbox] 108/125 e86dba8 2025-02-28
[snipe-it] 11/125 7642d17 2017-01-26
Created DB snapshot: netbox e86dba8
[netbox] 109/125 12231ad 2025-03-31
Created DB snapshot: netbox 12231ad
[netbox] 110/125 127452f 2025-04-30
[snipe-it] 12/125 c6c3ddb 2017-02-23
Created DB snapshot: netbox 127452f
[netbox] 111/125 b62f234 2025-05-30
Created DB snapshot: netbox b62f234
[netbox] 112/125 ea4c205 2025-06-27
Created DB snapshot: netbox ea4c205
[netbox] 113/125 ae425d9 2025-07-31
[snipe-it] 13/125 961c019 2017-03-31
Created DB snapshot: netbox ae425d9
[netbox] 114/125 8f8ca80 2025-08-29
Created DB snapshot: netbox 8f8ca80
[netbox] 115/125 5a96b76 2025-09-30
[snipe-it] 14/125 f6be7ca 2017-04-27
Created DB snapshot: netbox 5a96b76
[netbox] 116/125 60fce84 2025-10-03
Created DB snapshot: netbox 60fce84
[netbox] 117/125 10e69c8 2025-11-29
Created DB snapshot: netbox 10e69c8
[netbox] 118/125 6199b3e 2025-12-31
[snipe-it] 15/125 54279f2 2017-05-22
Created DB snapshot: netbox 6199b3e
[netbox] 119/125 b26c7f3 2026-01-29
Created DB snapshot: netbox b26c7f3
[netbox] 120/125 303199d 2026-02-25
[snipe-it] 16/125 0242283 2017-06-23
Created DB snapshot: netbox 303199d
[netbox] 121/125 0455e14 2026-03-31
Created DB snapshot: netbox 0455e14
[netbox] 122/125 92c5aff 2026-04-30
[snipe-it] 17/125 03f9d01 2017-07-29
Created DB snapshot: netbox 92c5aff
[netbox] 123/125 fc17d46 2026-05-28
Created DB snapshot: netbox fc17d46
[netbox] 124/125 e727da5 2026-06-30
Created DB snapshot: netbox e727da5
[netbox] 125/125 4877d11 2026-07-30
[snipe-it] 18/125 10f3221 2017-08-31
Created DB snapshot: netbox 4877d11
Saved CSV: /Users/chengbin/Developer/tech_debt/dashboard/analysis/complexity_results/netbox_complexity.csv
Saved plot: /Users/chengbin/Developer/tech_debt/dashboard/analysis/complexity_plots/netbox_complexity.png

Analyzing project: django-money
django-money: 127 monthly commits selected
[django-money] 1/127 edf98a1 2011-05-15
Created DB snapshot: django-money edf98a1
[django-money] 2/127 dc2fd9e 2011-11-08
Created DB snapshot: django-money dc2fd9e
[django-money] 3/127 d0af2f5 2011-12-06
Created DB snapshot: django-money d0af2f5
[django-money] 4/127 74158ab 2012-04-21
Created DB snapshot: django-money 74158ab
[django-money] 5/127 ecc092b 2012-08-02
Created DB snapshot: django-money ecc092b
[django-money] 6/127 c634bd6 2012-09-30
Created DB snapshot: django-money c634bd6
[django-money] 7/127 9ebe7f6 2012-10-24
Created DB snapshot: django-money 9ebe7f6
[django-money] 8/127 eedb241 2012-11-30
Created DB snapshot: django-money eedb241
[django-money] 9/127 90262d2 2012-12-19
Created DB snapshot: django-money 90262d2
[django-money] 10/127 270c9a4 2013-01-18
Created DB snapshot: django-money 270c9a4
[django-money] 11/127 822b417 2013-02-17
Created DB snapshot: django-money 822b417
[django-money] 12/127 ac9003e 2013-03-25
Created DB snapshot: django-money ac9003e
[django-money] 13/127 c3fa642 2013-06-25
Created DB snapshot: django-money c3fa642
[django-money] 14/127 54ec246 2013-07-31
Created DB snapshot: django-money 54ec246
[django-money] 15/127 0f34a41 2013-08-31
Created DB snapshot: django-money 0f34a41
[django-money] 16/127 56fe694 2013-09-30
Created DB snapshot: django-money 56fe694
[django-money] 17/127 98b77c8 2013-10-31
Created DB snapshot: django-money 98b77c8
[django-money] 18/127 4d251d3 2013-11-27
Created DB snapshot: django-money 4d251d3
[django-money] 19/127 8aeca9e 2013-12-11
Created DB snapshot: django-money 8aeca9e
[django-money] 20/127 b41b46f 2014-03-25
Created DB snapshot: django-money b41b46f
[django-money] 21/127 33313af 2014-04-13
Created DB snapshot: django-money 33313af
[django-money] 22/127 b52dcba 2014-05-26
Created DB snapshot: django-money b52dcba
[django-money] 23/127 1e09181 2014-06-17
Created DB snapshot: django-money 1e09181
[django-money] 24/127 9191577 2014-07-29
Created DB snapshot: django-money 9191577
[django-money] 25/127 0d7d45b 2014-09-19
Created DB snapshot: django-money 0d7d45b
[django-money] 26/127 24212b7 2014-10-25
Created DB snapshot: django-money 24212b7
[django-money] 27/127 c9ceb78 2014-11-06
Created DB snapshot: django-money c9ceb78
[django-money] 28/127 97545e3 2014-12-15
Created DB snapshot: django-money 97545e3
[django-money] 29/127 c982ccb 2015-01-29
Created DB snapshot: django-money c982ccb
[django-money] 30/127 f953a73 2015-02-11
Created DB snapshot: django-money f953a73
[django-money] 31/127 e47f6b2 2015-03-24
Created DB snapshot: django-money e47f6b2
[django-money] 32/127 8d5501c 2015-04-22
Created DB snapshot: django-money 8d5501c
[django-money] 33/127 9358cad 2015-05-22
Created DB snapshot: django-money 9358cad
[django-money] 34/127 bda2ba7 2015-06-13
Created DB snapshot: django-money bda2ba7
[django-money] 35/127 6cbd423 2015-08-31
Created DB snapshot: django-money 6cbd423
[django-money] 36/127 b4b4e09 2015-09-20
Created DB snapshot: django-money b4b4e09
[django-money] 37/127 68eb145 2015-10-22
Created DB snapshot: django-money 68eb145
[django-money] 38/127 ad3aa96 2015-11-11
Created DB snapshot: django-money ad3aa96
[django-money] 39/127 f5dceb3 2015-12-22
Created DB snapshot: django-money f5dceb3
[django-money] 40/127 44878b2 2016-01-18
Created DB snapshot: django-money 44878b2
[django-money] 41/127 3aa9188 2016-02-28
Created DB snapshot: django-money 3aa9188
[django-money] 42/127 34d11dc 2016-03-23
Created DB snapshot: django-money 34d11dc
[django-money] 43/127 27a549e 2016-04-22
Created DB snapshot: django-money 27a549e
[django-money] 44/127 0a9e805 2016-06-09
Created DB snapshot: django-money 0a9e805
[django-money] 45/127 f4f3622 2016-07-31
Created DB snapshot: django-money f4f3622
[django-money] 46/127 cb21f30 2016-08-03
Created DB snapshot: django-money cb21f30
[django-money] 47/127 e56a68f 2016-09-29
Created DB snapshot: django-money e56a68f
[django-money] 48/127 1d51ca1 2016-10-28
Created DB snapshot: django-money 1d51ca1
[django-money] 49/127 e38bc8d 2016-11-20
Created DB snapshot: django-money e38bc8d
[django-money] 50/127 7202a1b 2016-12-27
Created DB snapshot: django-money 7202a1b
[django-money] 51/127 4f3f561 2017-01-31
Created DB snapshot: django-money 4f3f561
[django-money] 52/127 6ecd720 2017-02-25
Created DB snapshot: django-money 6ecd720
[django-money] 53/127 544c709 2017-03-24
Created DB snapshot: django-money 544c709
[django-money] 54/127 05fdb46 2017-04-06
Created DB snapshot: django-money 05fdb46
[django-money] 55/127 5371b0a 2017-05-25
Created DB snapshot: django-money 5371b0a
[django-money] 56/127 9e19083 2017-06-30
Created DB snapshot: django-money 9e19083
[django-money] 57/127 fd1a19f 2017-07-02
Created DB snapshot: django-money fd1a19f
[django-money] 58/127 8cf9e91 2017-08-11
Created DB snapshot: django-money 8cf9e91
[django-money] 59/127 fab308d 2017-09-22
Created DB snapshot: django-money fab308d
[django-money] 60/127 421fc4f 2017-10-29
Created DB snapshot: django-money 421fc4f
[django-money] 61/127 d4bdfc2 2017-11-20
[snipe-it] 19/125 0bb186a 2017-09-29
Created DB snapshot: django-money d4bdfc2
[django-money] 62/127 35b7ede 2017-12-18
Created DB snapshot: django-money 35b7ede
[django-money] 63/127 504fe08 2018-02-20
Created DB snapshot: django-money 504fe08
[django-money] 64/127 6521adf 2018-03-26
Created DB snapshot: django-money 6521adf
[django-money] 65/127 46efdd2 2018-04-16
Created DB snapshot: django-money 46efdd2
[django-money] 66/127 7862acf 2018-05-27
Created DB snapshot: django-money 7862acf
[django-money] 67/127 3e78792 2018-06-29
Created DB snapshot: django-money 3e78792
[django-money] 68/127 8ddbabd 2018-07-23
Created DB snapshot: django-money 8ddbabd
[django-money] 69/127 8fef77c 2018-08-14
Created DB snapshot: django-money 8fef77c
[django-money] 70/127 1b07b3b 2018-12-23
Created DB snapshot: django-money 1b07b3b
[django-money] 71/127 53c43da 2019-01-10
Created DB snapshot: django-money 53c43da
[django-money] 72/127 b6ef6b5 2019-03-18
Created DB snapshot: django-money b6ef6b5
[django-money] 73/127 ce956d9 2019-04-23
Created DB snapshot: django-money ce956d9
[django-money] 74/127 fea43ef 2019-05-30
Created DB snapshot: django-money fea43ef
[django-money] 75/127 ea47f1e 2019-06-23
Created DB snapshot: django-money ea47f1e
[django-money] 76/127 a8df354 2019-10-27
Created DB snapshot: django-money a8df354
[django-money] 77/127 48446a5 2019-09-23
Created DB snapshot: django-money 48446a5
[django-money] 78/127 7cded5f 2019-11-08
Created DB snapshot: django-money 7cded5f
[django-money] 79/127 e46109f 2019-12-20
Created DB snapshot: django-money e46109f
[django-money] 80/127 eaa8df7 2020-02-14
Created DB snapshot: django-money eaa8df7
[django-money] 81/127 ab4241f 2020-04-06
Created DB snapshot: django-money ab4241f
[django-money] 82/127 1a5c664 2020-06-18
Created DB snapshot: django-money 1a5c664
[django-money] 83/127 947add5 2020-10-28
Created DB snapshot: django-money 947add5
[django-money] 84/127 e4436d4 2020-11-29
Created DB snapshot: django-money e4436d4
[django-money] 85/127 63088db 2020-12-29
Created DB snapshot: django-money 63088db
[django-money] 86/127 852353f 2021-01-10
Created DB snapshot: django-money 852353f
[django-money] 87/127 b97bd29 2021-02-04
Created DB snapshot: django-money b97bd29
[django-money] 88/127 13577e1 2021-04-26
Created DB snapshot: django-money 13577e1
[django-money] 89/127 3398db4 2021-05-27
Created DB snapshot: django-money 3398db4
[django-money] 90/127 b2acda3 2021-06-07
Created DB snapshot: django-money b2acda3
[django-money] 91/127 4999ac8 2021-07-09
Created DB snapshot: django-money 4999ac8
[django-money] 92/127 2040eff 2021-09-23
Created DB snapshot: django-money 2040eff
[django-money] 93/127 aca9a91 2021-10-02
Created DB snapshot: django-money aca9a91
[django-money] 94/127 ee4e380 2021-12-27
Created DB snapshot: django-money ee4e380
[django-money] 95/127 cd3e9a1 2022-01-13
Created DB snapshot: django-money cd3e9a1
[django-money] 96/127 98ddb3d 2022-02-02
Created DB snapshot: django-money 98ddb3d
[django-money] 97/127 4b0a664 2022-03-08
Created DB snapshot: django-money 4b0a664
[django-money] 98/127 08ce86e 2022-04-10
Created DB snapshot: django-money 08ce86e
[django-money] 99/127 7225daf 2022-05-26
Created DB snapshot: django-money 7225daf
[django-money] 100/127 d392e81 2022-06-20
Created DB snapshot: django-money d392e81
[django-money] 101/127 667342f 2022-07-11
Created DB snapshot: django-money 667342f
[django-money] 102/127 94f2795 2022-08-26
Created DB snapshot: django-money 94f2795
[django-money] 103/127 e84e506 2022-09-27
Created DB snapshot: django-money e84e506
[django-money] 104/127 ecdabca 2022-10-14
Created DB snapshot: django-money ecdabca
[django-money] 105/127 d6122a6 2023-01-06
Created DB snapshot: django-money d6122a6
[django-money] 106/127 06c70ac 2023-02-22
Created DB snapshot: django-money 06c70ac
[django-money] 107/127 b579017 2023-03-04
Created DB snapshot: django-money b579017
[django-money] 108/127 a09580c 2023-04-27
Created DB snapshot: django-money a09580c
[django-money] 109/127 f242c2d 2023-06-19
Created DB snapshot: django-money f242c2d
[django-money] 110/127 aceac3e 2023-07-26
Created DB snapshot: django-money aceac3e
[django-money] 111/127 9e3442a 2023-09-30
Created DB snapshot: django-money 9e3442a
[django-money] 112/127 85bce4e 2023-10-30
Created DB snapshot: django-money 85bce4e
[django-money] 113/127 0209456 2023-11-30
Created DB snapshot: django-money 0209456
[django-money] 114/127 7c9f97b 2023-12-01
Created DB snapshot: django-money 7c9f97b
[django-money] 115/127 2370575 2024-03-13
Created DB snapshot: django-money 2370575
[django-money] 116/127 f41d2f0 2024-05-26
Created DB snapshot: django-money f41d2f0
[django-money] 117/127 a7bb4a2 2024-07-30
Created DB snapshot: django-money a7bb4a2
[django-money] 118/127 835c1ab 2024-08-01
Created DB snapshot: django-money 835c1ab
[django-money] 119/127 07a9329 2025-04-27
Created DB snapshot: django-money 07a9329
[django-money] 120/127 048cf81 2025-08-31
Created DB snapshot: django-money 048cf81
[django-money] 121/127 57f6d8c 2025-09-04
Created DB snapshot: django-money 57f6d8c
[django-money] 122/127 5090785 2025-11-04
Created DB snapshot: django-money 5090785
[django-money] 123/127 74eaa11 2025-12-02
Created DB snapshot: django-money 74eaa11
[django-money] 124/127 60d8862 2026-01-27
Created DB snapshot: django-money 60d8862
[django-money] 125/127 ef1529a 2026-04-29
Created DB snapshot: django-money ef1529a
[django-money] 126/127 a2ec3fd 2026-05-19
Created DB snapshot: django-money a2ec3fd
[django-money] 127/127 b255e27 2026-06-15
Created DB snapshot: django-money b255e27
Saved CSV: /Users/chengbin/Developer/tech_debt/dashboard/analysis/complexity_results/django-money_complexity.csv
Saved plot: /Users/chengbin/Developer/tech_debt/dashboard/analysis/complexity_plots/django-money_complexity.png

Analyzing project: pylint
pylint: 234 monthly commits selected
[pylint] 1/234 1edf510 2006-04-26
Created DB snapshot: pylint 1edf510
[pylint] 2/234 ba8eebf 2006-05-27
Created DB snapshot: pylint ba8eebf
[pylint] 3/234 308f417 2006-06-26
Created DB snapshot: pylint 308f417
[pylint] 4/234 35cbf03 2006-08-25
Created DB snapshot: pylint 35cbf03
[pylint] 5/234 6642dee 2006-09-25
Created DB snapshot: pylint 6642dee
[pylint] 6/234 fbdce6d 2006-10-25
Created DB snapshot: pylint fbdce6d
[pylint] 7/234 5542a26 2006-11-28
Created DB snapshot: pylint 5542a26
[pylint] 8/234 6a8bb3f 2006-12-27
Created DB snapshot: pylint 6a8bb3f
[pylint] 9/234 2896333 2007-02-28
Created DB snapshot: pylint 2896333
[pylint] 10/234 7166da1 2007-03-09
Created DB snapshot: pylint 7166da1
[pylint] 11/234 9ba3931 2007-04-16
Created DB snapshot: pylint 9ba3931
[pylint] 12/234 0a3146b 2007-06-07
Created DB snapshot: pylint 0a3146b
[pylint] 13/234 012196c 2007-07-20
Created DB snapshot: pylint 012196c
[pylint] 14/234 2a059c3 2007-08-22
Created DB snapshot: pylint 2a059c3
[pylint] 15/234 2507ec4 2007-11-19
Created DB snapshot: pylint 2507ec4
[pylint] 16/234 e8179ad 2008-01-14
Created DB snapshot: pylint e8179ad
[pylint] 17/234 7828427 2008-02-13
Created DB snapshot: pylint 7828427
[pylint] 18/234 66fad97 2008-03-27
Created DB snapshot: pylint 66fad97
[pylint] 19/234 ac1c59f 2008-04-14
Created DB snapshot: pylint ac1c59f
[pylint] 20/234 9155efe 2008-05-15
Created DB snapshot: pylint 9155efe
[pylint] 21/234 ccd08a4 2008-06-24
Created DB snapshot: pylint ccd08a4
[pylint] 22/234 04bc07b 2008-07-31
Created DB snapshot: pylint 04bc07b
[pylint] 23/234 4e92064 2008-08-27
Created DB snapshot: pylint 4e92064
[pylint] 24/234 4a09159 2008-09-23
Created DB snapshot: pylint 4a09159
[pylint] 25/234 b1d1dfa 2008-10-30
[snipe-it] 20/125 feb2f5b 2017-10-31
Created DB snapshot: pylint b1d1dfa
[pylint] 26/234 b440f55 2008-11-24
Created DB snapshot: pylint b440f55
[pylint] 27/234 b4c1bbd 2008-12-16
Created DB snapshot: pylint b4c1bbd
[pylint] 28/234 0d9ccbc 2009-01-28
Created DB snapshot: pylint 0d9ccbc
[pylint] 29/234 61f392a 2009-02-16
Created DB snapshot: pylint 61f392a
[pylint] 30/234 cf8f4ec 2009-03-25
Created DB snapshot: pylint cf8f4ec
[pylint] 31/234 73c19b7 2009-04-08
Created DB snapshot: pylint 73c19b7
[pylint] 32/234 f640423 2009-05-18
Created DB snapshot: pylint f640423
[pylint] 33/234 e850b27 2009-06-26
Created DB snapshot: pylint e850b27
[pylint] 34/234 c2d2f50 2009-07-21
Created DB snapshot: pylint c2d2f50
[pylint] 35/234 8a23d03 2009-08-31
Created DB snapshot: pylint 8a23d03
[pylint] 36/234 8808768 2009-09-16
Created DB snapshot: pylint 8808768
[pylint] 37/234 6f63f18 2009-10-21
Created DB snapshot: pylint 6f63f18
[pylint] 38/234 71ec3b1 2009-11-27
Created DB snapshot: pylint 71ec3b1
[pylint] 39/234 d9e6871 2009-12-18
Created DB snapshot: pylint d9e6871
[pylint] 40/234 8f4f372 2010-01-27
Created DB snapshot: pylint 8f4f372
[pylint] 41/234 0375923 2010-02-26
Created DB snapshot: pylint 0375923
[pylint] 42/234 ae065be 2010-03-30
Created DB snapshot: pylint ae065be
[pylint] 43/234 2b77a5b 2010-04-21
Created DB snapshot: pylint 2b77a5b
[pylint] 44/234 292e249 2010-05-26
Created DB snapshot: pylint 292e249
[pylint] 45/234 31210a5 2010-06-07
Created DB snapshot: pylint 31210a5
[pylint] 46/234 53cbaca 2010-07-26
Created DB snapshot: pylint 53cbaca
[pylint] 47/234 da37034 2010-08-26
Created DB snapshot: pylint da37034
[pylint] 48/234 525323c 2010-09-28
Created DB snapshot: pylint 525323c
[pylint] 49/234 fa0b496 2010-10-28
Created DB snapshot: pylint fa0b496
[pylint] 50/234 4192e79 2010-11-22
Created DB snapshot: pylint 4192e79
[pylint] 51/234 80a739f 2010-12-16
Created DB snapshot: pylint 80a739f
[pylint] 52/234 6d7ca38 2011-01-13
Created DB snapshot: pylint 6d7ca38
[pylint] 53/234 bc00856 2011-06-16
Created DB snapshot: pylint bc00856
[pylint] 54/234 2b854e3 2011-07-20
Created DB snapshot: pylint 2b854e3
[pylint] 55/234 9606518 2011-08-08
Created DB snapshot: pylint 9606518
[pylint] 56/234 779e2c4 2011-09-23
Created DB snapshot: pylint 779e2c4
[pylint] 57/234 d3f5456 2011-10-26
Created DB snapshot: pylint d3f5456
[pylint] 58/234 df62bb8 2011-11-17
Created DB snapshot: pylint df62bb8
[pylint] 59/234 18c2506 2011-12-08
Created DB snapshot: pylint 18c2506
[pylint] 60/234 281e4e1 2012-01-19
Created DB snapshot: pylint 281e4e1
[pylint] 61/234 d1ae219 2012-02-23
Created DB snapshot: pylint d1ae219
[pylint] 62/234 3531d91 2012-03-09
Created DB snapshot: pylint 3531d91
[pylint] 63/234 ba57811 2012-05-21
Created DB snapshot: pylint ba57811
[pylint] 64/234 457809e 2012-06-07
Created DB snapshot: pylint 457809e
[pylint] 65/234 3e0151d 2012-07-17
Created DB snapshot: pylint 3e0151d
[pylint] 66/234 dc7d5bc 2012-08-29
Created DB snapshot: pylint dc7d5bc
[pylint] 67/234 468da1c 2012-09-29
Created DB snapshot: pylint 468da1c
[pylint] 68/234 4b322ba 2012-10-25
Created DB snapshot: pylint 4b322ba
[pylint] 69/234 11d1475 2012-11-12
Created DB snapshot: pylint 11d1475
[pylint] 70/234 704fbb4 2013-01-08
Created DB snapshot: pylint 704fbb4
[pylint] 71/234 a935578 2013-02-27
Created DB snapshot: pylint a935578
[pylint] 72/234 d0d4cf5 2012-12-06
Created DB snapshot: pylint d0d4cf5
[pylint] 73/234 c20fb52 2013-03-29
Created DB snapshot: pylint c20fb52
[pylint] 74/234 525ce36 2013-04-29
Created DB snapshot: pylint 525ce36
[pylint] 75/234 da49bbd 2013-05-20
Created DB snapshot: pylint da49bbd
[pylint] 76/234 9f000f8 2013-06-21
Created DB snapshot: pylint 9f000f8
[pylint] 77/234 eb24190 2013-07-31
Created DB snapshot: pylint eb24190
[pylint] 78/234 ff6481c 2013-08-31
Created DB snapshot: pylint ff6481c
[pylint] 79/234 8118b22 2013-09-26
Created DB snapshot: pylint 8118b22
[pylint] 80/234 72c4d3f 2013-10-25
Created DB snapshot: pylint 72c4d3f
[pylint] 81/234 9744f15 2013-11-28
Created DB snapshot: pylint 9744f15
[pylint] 82/234 83bf32e 2013-12-30
Created DB snapshot: pylint 83bf32e
[pylint] 83/234 f9c7c1d 2014-01-30
Created DB snapshot: pylint f9c7c1d
[pylint] 84/234 295f818 2014-02-27
Created DB snapshot: pylint 295f818
[pylint] 85/234 a2ab7d9 2014-03-31
Created DB snapshot: pylint a2ab7d9
[pylint] 86/234 a9e8d55 2014-04-30
Created DB snapshot: pylint a9e8d55
[pylint] 87/234 1d18559 2014-05-27
Created DB snapshot: pylint 1d18559
[pylint] 88/234 af37eee 2014-06-27
[snipe-it] 21/125 5979a18 2017-11-30
Created DB snapshot: pylint af37eee
[pylint] 89/234 4816f93 2014-07-31
Created DB snapshot: pylint 4816f93
[pylint] 90/234 81b1cdf 2014-08-30
Created DB snapshot: pylint 81b1cdf
[pylint] 91/234 2a585d5 2014-09-30
Created DB snapshot: pylint 2a585d5
[pylint] 92/234 064f5e3 2014-10-31
Created DB snapshot: pylint 064f5e3
[pylint] 93/234 1931de0 2014-11-30
Created DB snapshot: pylint 1931de0
[pylint] 94/234 6c0ab24 2014-12-29
Created DB snapshot: pylint 6c0ab24
[pylint] 95/234 ae25831 2015-01-30
Created DB snapshot: pylint ae25831
[pylint] 96/234 37e6b5c 2015-02-28
Created DB snapshot: pylint 37e6b5c
[pylint] 97/234 45c540e 2015-03-31
Created DB snapshot: pylint 45c540e
[pylint] 98/234 816afe7 2015-04-30
Created DB snapshot: pylint 816afe7
[pylint] 99/234 9632b58 2015-05-29
Created DB snapshot: pylint 9632b58
[pylint] 100/234 2898764 2015-06-30
Created DB snapshot: pylint 2898764
[pylint] 101/234 12b0087 2015-07-31
Created DB snapshot: pylint 12b0087
[pylint] 102/234 34a3395 2015-08-26
Created DB snapshot: pylint 34a3395
[pylint] 103/234 3d4337d 2015-09-30
Created DB snapshot: pylint 3d4337d
[pylint] 104/234 c27e454 2015-10-30
Created DB snapshot: pylint c27e454
[pylint] 105/234 0bf7b3e 2015-11-30
Created DB snapshot: pylint 0bf7b3e
[pylint] 106/234 6d31776 2015-12-16
Created DB snapshot: pylint 6d31776
[pylint] 107/234 a0575d5 2016-01-24
Created DB snapshot: pylint a0575d5
[pylint] 108/234 e425926 2016-02-26
Created DB snapshot: pylint e425926
[pylint] 109/234 1cdb8bc 2016-03-28
Created DB snapshot: pylint 1cdb8bc
[pylint] 110/234 9fffdb6 2016-04-30
Created DB snapshot: pylint 9fffdb6
[pylint] 111/234 41ea44f 2016-05-31
Created DB snapshot: pylint 41ea44f
[pylint] 112/234 5d40a07 2016-06-30
Created DB snapshot: pylint 5d40a07
[pylint] 113/234 3327d74 2016-07-28
Created DB snapshot: pylint 3327d74
[pylint] 114/234 537e9ab 2016-08-17
Created DB snapshot: pylint 537e9ab
[pylint] 115/234 05cc9a7 2016-09-23
[snipe-it] 22/125 b721bfc 2017-12-28
Created DB snapshot: pylint 05cc9a7
[pylint] 116/234 5936066 2016-10-19
Created DB snapshot: pylint 5936066
[pylint] 117/234 8bcd405 2016-11-06
Created DB snapshot: pylint 8bcd405
[pylint] 118/234 6e6c135 2016-12-31
Created DB snapshot: pylint 6e6c135
[pylint] 119/234 7daed7b 2017-01-25
Created DB snapshot: pylint 7daed7b
[pylint] 120/234 7a6ff76 2017-02-22
Created DB snapshot: pylint 7a6ff76
[pylint] 121/234 f7da70e 2017-03-31
Created DB snapshot: pylint f7da70e
[pylint] 122/234 cb6e452 2017-04-28
Created DB snapshot: pylint cb6e452
[pylint] 123/234 65fb74d 2017-05-12
Created DB snapshot: pylint 65fb74d
[pylint] 124/234 95c1435 2017-06-03
Created DB snapshot: pylint 95c1435
[pylint] 125/234 7d6114f 2017-07-31
[snipe-it] 23/125 f06852f 2018-01-25
Created DB snapshot: pylint 7d6114f
[pylint] 126/234 e231a40 2017-08-25
Created DB snapshot: pylint e231a40
[pylint] 127/234 15328d6 2017-09-27
Created DB snapshot: pylint 15328d6
[pylint] 128/234 8c9ccd3 2017-10-28
Created DB snapshot: pylint 8c9ccd3
[pylint] 129/234 99ecc73 2017-11-12
Created DB snapshot: pylint 99ecc73
[pylint] 130/234 7fc2290 2017-12-28
Created DB snapshot: pylint 7fc2290
[pylint] 131/234 17fc68d 2018-01-31
Created DB snapshot: pylint 17fc68d
[pylint] 132/234 2f77413 2018-02-26
Created DB snapshot: pylint 2f77413
[pylint] 133/234 955acfe 2018-03-30
Created DB snapshot: pylint 955acfe
[pylint] 134/234 0748e3e 2018-04-27
Created DB snapshot: pylint 0748e3e
[pylint] 135/234 41d47dd 2018-05-16
[snipe-it] 24/125 86242b3 2018-02-27
Created DB snapshot: pylint 41d47dd
[pylint] 136/234 07aad49 2018-06-29
Created DB snapshot: pylint 07aad49
[pylint] 137/234 55ddf8d 2018-07-23
Created DB snapshot: pylint 55ddf8d
[pylint] 138/234 4564f6a 2018-08-25
Created DB snapshot: pylint 4564f6a
[pylint] 139/234 2698cbe 2018-09-25
Created DB snapshot: pylint 2698cbe
[pylint] 140/234 9734bae 2018-10-11
Created DB snapshot: pylint 9734bae
[pylint] 141/234 572f35f 2018-11-10
Created DB snapshot: pylint 572f35f
[pylint] 142/234 d7d6047 2018-12-09
Created DB snapshot: pylint d7d6047
[pylint] 143/234 ac5b1a4 2019-01-08
Created DB snapshot: pylint ac5b1a4
[pylint] 144/234 383c2a9 2019-02-03
Created DB snapshot: pylint 383c2a9
[pylint] 145/234 11ec093 2019-03-22
Created DB snapshot: pylint 11ec093
[pylint] 146/234 0a1ae3f 2019-04-13
Created DB snapshot: pylint 0a1ae3f
[pylint] 147/234 20e432e 2019-05-14
[snipe-it] 25/125 79f061b 2018-03-30
Created DB snapshot: pylint 20e432e
[pylint] 148/234 bd24f94 2019-06-25
Created DB snapshot: pylint bd24f94
[pylint] 149/234 0dab2e1 2019-07-11
Created DB snapshot: pylint 0dab2e1
[pylint] 150/234 d54c88a 2019-08-04
Created DB snapshot: pylint d54c88a
[pylint] 151/234 05d3e15 2019-09-30
Created DB snapshot: pylint 05d3e15
[pylint] 152/234 ee8bd98 2019-10-31
Created DB snapshot: pylint ee8bd98
[pylint] 153/234 04e72bc 2019-11-27
Created DB snapshot: pylint 04e72bc
[pylint] 154/234 3c09c84 2019-12-18
Created DB snapshot: pylint 3c09c84
[pylint] 155/234 d340900 2020-01-17
Created DB snapshot: pylint d340900
[pylint] 156/234 0dc089f 2020-02-24
Created DB snapshot: pylint 0dc089f
[pylint] 157/234 dc1f92d 2020-03-28
Created DB snapshot: pylint dc1f92d
[pylint] 158/234 3855338 2020-04-03
Created DB snapshot: pylint 3855338
[pylint] 159/234 b2ef3f7 2020-05-11
Created DB snapshot: pylint b2ef3f7
[pylint] 160/234 707fc46 2020-06-25
Created DB snapshot: pylint 707fc46
[pylint] 161/234 3bbf39a 2020-07-27
Created DB snapshot: pylint 3bbf39a
[pylint] 162/234 9d4f2c0 2020-08-18
Created DB snapshot: pylint 9d4f2c0
[pylint] 163/234 f10d286 2020-09-15
Created DB snapshot: pylint f10d286
[pylint] 164/234 76a3843 2020-10-01
[snipe-it] 26/125 71708e3 2018-04-29
Created DB snapshot: pylint 76a3843
[pylint] 165/234 c25e942 2020-11-29
Created DB snapshot: pylint c25e942
[pylint] 166/234 96e9f6d 2020-12-31
Created DB snapshot: pylint 96e9f6d
[pylint] 167/234 1a960b9 2021-01-02
Created DB snapshot: pylint 1a960b9
[pylint] 168/234 6721cd1 2021-02-22
Created DB snapshot: pylint 6721cd1
[pylint] 169/234 c00b07b 2021-03-02
Created DB snapshot: pylint c00b07b
[pylint] 170/234 4847314 2021-04-22
Created DB snapshot: pylint 4847314
[pylint] 171/234 ec78b15 2021-05-31
Created DB snapshot: pylint ec78b15
[pylint] 172/234 a051aa8 2021-06-30
Created DB snapshot: pylint a051aa8
[pylint] 173/234 02e5289 2021-07-30
Created DB snapshot: pylint 02e5289
[pylint] 174/234 5f96098 2021-08-31
Created DB snapshot: pylint 5f96098
[pylint] 175/234 aa39560 2021-09-14
Created DB snapshot: pylint aa39560
[pylint] 176/234 57a5041 2021-10-29
[snipe-it] 27/125 087e114 2018-05-31
Created DB snapshot: pylint 57a5041
[pylint] 177/234 6dceba5 2021-11-28
Created DB snapshot: pylint 6dceba5
[pylint] 178/234 be46993 2021-12-05
Created DB snapshot: pylint be46993
[pylint] 179/234 ade493a 2022-01-31
Created DB snapshot: pylint ade493a
[pylint] 180/234 c508d84 2022-02-27
Created DB snapshot: pylint c508d84
[pylint] 181/234 11a8982 2022-03-30
Created DB snapshot: pylint 11a8982
[pylint] 182/234 6fa922d 2022-04-21
Created DB snapshot: pylint 6fa922d
[pylint] 183/234 955d902 2022-05-17
Created DB snapshot: pylint 955d902
[pylint] 184/234 af7e8f9 2022-06-02
Created DB snapshot: pylint af7e8f9
[pylint] 185/234 0c2fe7f 2022-07-10
Created DB snapshot: pylint 0c2fe7f
[pylint] 186/234 e5c81a9 2022-08-27
[snipe-it] 28/125 d7dc4ae 2018-06-27
Created DB snapshot: pylint e5c81a9
[pylint] 187/234 78f8423 2022-09-07
Created DB snapshot: pylint 78f8423
[pylint] 188/234 6d66b18 2022-10-31
Created DB snapshot: pylint 6d66b18
[pylint] 189/234 d796007 2022-11-04
Created DB snapshot: pylint d796007
[pylint] 190/234 1baa10e 2022-12-30
Created DB snapshot: pylint 1baa10e
[pylint] 191/234 8657e97 2023-01-16
Created DB snapshot: pylint 8657e97
[pylint] 192/234 4a0855f 2023-02-05
Created DB snapshot: pylint 4a0855f
[pylint] 193/234 b7d270b 2023-03-29
Created DB snapshot: pylint b7d270b
[pylint] 194/234 ca74a1d 2023-04-26
Created DB snapshot: pylint ca74a1d
[pylint] 195/234 3259bc8 2023-05-06
[snipe-it] 29/125 62195a8 2018-07-28
Created DB snapshot: pylint 3259bc8
[pylint] 196/234 9336615 2023-06-07
Created DB snapshot: pylint 9336615
[pylint] 197/234 3f469ab 2023-07-26
Created DB snapshot: pylint 3f469ab
[pylint] 198/234 b601e65 2023-08-17
Created DB snapshot: pylint b601e65
[pylint] 199/234 bd5baaa 2023-09-30
Created DB snapshot: pylint bd5baaa
[pylint] 200/234 e938c17 2023-10-05
Created DB snapshot: pylint e938c17
[pylint] 201/234 7f01d83 2023-11-26
Created DB snapshot: pylint 7f01d83
[pylint] 202/234 015c43a 2023-12-30
Created DB snapshot: pylint 015c43a
[pylint] 203/234 ce9b7cb 2024-01-31
Created DB snapshot: pylint ce9b7cb
[pylint] 204/234 3bf22d8 2024-02-25
[snipe-it] 30/125 a865f79 2018-08-29
Created DB snapshot: pylint 3bf22d8
[pylint] 205/234 10a093e 2024-03-25
Created DB snapshot: pylint 10a093e
[pylint] 206/234 82ef647 2024-04-29
Created DB snapshot: pylint 82ef647
[pylint] 207/234 6888fde 2024-05-27
Created DB snapshot: pylint 6888fde
[pylint] 208/234 b01a3fe 2024-06-14
Created DB snapshot: pylint b01a3fe
[pylint] 209/234 7d1626c 2024-07-31
Created DB snapshot: pylint 7d1626c
[pylint] 210/234 123fef3 2024-08-31
Created DB snapshot: pylint 123fef3
[pylint] 211/234 07574db 2024-09-30
Created DB snapshot: pylint 07574db
[pylint] 212/234 c131f0e 2024-10-09
[snipe-it] 31/125 e5e8c06 2018-09-29
Created DB snapshot: pylint c131f0e
[pylint] 213/234 a985622 2024-11-25
Created DB snapshot: pylint a985622
[pylint] 214/234 c21276f 2024-12-24
Created DB snapshot: pylint c21276f
[pylint] 215/234 bbd73ce 2025-01-30
Created DB snapshot: pylint bbd73ce
[pylint] 216/234 6455c45 2025-02-04
Created DB snapshot: pylint 6455c45
[pylint] 217/234 3e81b49 2025-03-31
Created DB snapshot: pylint 3e81b49
[pylint] 218/234 c3f7efe 2025-04-30
Created DB snapshot: pylint c3f7efe
[pylint] 219/234 8d184b5 2025-05-27
Created DB snapshot: pylint 8d184b5
[pylint] 220/234 0707127 2025-06-25
[snipe-it] 32/125 ea91d59 2018-10-31
Created DB snapshot: pylint 0707127
[pylint] 221/234 707323a 2025-07-28
Created DB snapshot: pylint 707323a
[pylint] 222/234 1344a84 2025-08-27
Created DB snapshot: pylint 1344a84
[pylint] 223/234 62b5da4 2025-09-29
Created DB snapshot: pylint 62b5da4
[pylint] 224/234 f8f6ccd 2025-10-28
[snipe-it] 33/125 0bbe499 2018-11-13
Created DB snapshot: pylint f8f6ccd
[pylint] 225/234 6b7c5b5 2025-11-30
Created DB snapshot: pylint 6b7c5b5
[pylint] 226/234 f5b9d75 2025-12-22
Created DB snapshot: pylint f5b9d75
[pylint] 227/234 d9170f2 2026-01-28
Created DB snapshot: pylint d9170f2
[pylint] 228/234 f286599 2026-02-28
[snipe-it] 34/125 5e06d53 2018-12-17
Created DB snapshot: pylint f286599
[pylint] 229/234 cc129f2 2026-03-03
Created DB snapshot: pylint cc129f2
[pylint] 230/234 55a7316 2026-04-24
Created DB snapshot: pylint 55a7316
[pylint] 231/234 06ae5dc 2026-05-27
Created DB snapshot: pylint 06ae5dc
[pylint] 232/234 e91fca7 2026-06-30
[snipe-it] 35/125 9ac40f7 2019-01-31
Created DB snapshot: pylint e91fca7
[pylint] 233/234 fbf3eef 2026-07-16
Created DB snapshot: pylint fbf3eef
[pylint] 234/234 2fdee6b 2026-08-03
Created DB snapshot: pylint 2fdee6b
Saved CSV: /Users/chengbin/Developer/tech_debt/dashboard/analysis/complexity_results/pylint_complexity.csv
Saved plot: /Users/chengbin/Developer/tech_debt/dashboard/analysis/complexity_plots/pylint_complexity.png

Analyzing project: chroma
chroma: 46 monthly commits selected
[chroma] 1/46 290d8f3 2022-10-31
Created DB snapshot: chroma 290d8f3
[chroma] 2/46 792e072 2022-11-30
Created DB snapshot: chroma 792e072
[chroma] 3/46 9d84361 2022-12-13
Created DB snapshot: chroma 9d84361
[chroma] 4/46 00ec766 2023-01-30
Created DB snapshot: chroma 00ec766
[chroma] 5/46 8184f7c 2023-02-28
Created DB snapshot: chroma 8184f7c
[chroma] 6/46 54dc2b8 2023-03-31
Created DB snapshot: chroma 54dc2b8
[chroma] 7/46 67a8312 2023-04-05
Created DB snapshot: chroma 67a8312
[chroma] 8/46 bdc1841 2023-05-31
[snipe-it] 36/125 16bb784 2019-02-28
Created DB snapshot: chroma bdc1841
[chroma] 9/46 666bfc4 2023-06-28
Created DB snapshot: chroma 666bfc4
[chroma] 10/46 ac78423 2023-07-31
Created DB snapshot: chroma ac78423
[chroma] 11/46 81ab0b1 2023-08-31
Created DB snapshot: chroma 81ab0b1
[chroma] 12/46 c41bfa4 2023-09-25
Created DB snapshot: chroma c41bfa4
[chroma] 13/46 f5ee581 2023-10-27
Created DB snapshot: chroma f5ee581
[chroma] 14/46 aa4702b 2023-11-29
Created DB snapshot: chroma aa4702b
[chroma] 15/46 73bfda2 2023-12-30
Created DB snapshot: chroma 73bfda2
[chroma] 16/46 e5751fd 2024-01-31
[snipe-it] 37/125 b779e27 2019-03-28
Created DB snapshot: chroma e5751fd
[chroma] 17/46 e1ad5f9 2024-02-29
Created DB snapshot: chroma e1ad5f9
[chroma] 18/46 b6e86a6 2024-03-29
Created DB snapshot: chroma b6e86a6
[chroma] 19/46 c3db12e 2024-04-30
Created DB snapshot: chroma c3db12e
[chroma] 20/46 9480627 2024-05-31
[snipe-it] 38/125 878cfee 2019-04-20
Created DB snapshot: chroma 9480627
[chroma] 21/46 9f79843 2024-06-28
Created DB snapshot: chroma 9f79843
[chroma] 22/46 35d7686 2024-07-31
Created DB snapshot: chroma 35d7686
[chroma] 23/46 50459a0 2024-08-30
Created DB snapshot: chroma 50459a0
[chroma] 24/46 e2628e8 2024-09-30
Created DB snapshot: chroma e2628e8
[chroma] 25/46 13cc213 2024-10-31
Created DB snapshot: chroma 13cc213
[chroma] 26/46 337fe73 2024-11-30
[snipe-it] 39/125 765417c 2019-05-31
Created DB snapshot: chroma 337fe73
[chroma] 27/46 2dce857 2024-12-31
Created DB snapshot: chroma 2dce857
[chroma] 28/46 cf754c9 2025-01-31
Created DB snapshot: chroma cf754c9
[chroma] 29/46 978d0a7 2025-02-28
Created DB snapshot: chroma 978d0a7
[chroma] 30/46 6586c1c 2025-03-31
Created DB snapshot: chroma 6586c1c
[chroma] 31/46 d6d8129 2025-04-30
[snipe-it] 40/125 e1b33f3 2019-06-27
Created DB snapshot: chroma d6d8129
[chroma] 32/46 d4d4fe4 2025-05-31
Created DB snapshot: chroma d4d4fe4
[chroma] 33/46 a2e4c71 2025-06-30
Created DB snapshot: chroma a2e4c71
[chroma] 34/46 6c378b3 2025-07-30
[snipe-it] 41/125 1608dba 2019-07-31
Created DB snapshot: chroma 6c378b3
[chroma] 35/46 0e0994a 2025-08-29
Created DB snapshot: chroma 0e0994a
[chroma] 36/46 d0cb6df 2025-09-30
[snipe-it] 42/125 6d66d7e 2019-08-22
Created DB snapshot: chroma d0cb6df
[chroma] 37/46 e25f526 2025-10-31
Created DB snapshot: chroma e25f526
[chroma] 38/46 fe63aad 2025-11-26
[snipe-it] 43/125 6deb26f 2019-09-30
Created DB snapshot: chroma fe63aad
[chroma] 39/46 c97ad24 2025-12-30
Created DB snapshot: chroma c97ad24
[chroma] 40/46 4ae3706 2026-01-30
[snipe-it] 44/125 70c8ad9 2019-10-28
Created DB snapshot: chroma 4ae3706
[chroma] 41/46 77a8733 2026-02-27
Created DB snapshot: chroma 77a8733
[chroma] 42/46 20b6b60 2026-03-31
[snipe-it] 45/125 f0af750 2019-11-22
Created DB snapshot: chroma 20b6b60
[chroma] 43/46 aedf9a6 2026-04-30
Created DB snapshot: chroma aedf9a6
[chroma] 44/46 040a2ae 2026-05-30
[snipe-it] 46/125 ab36784 2019-12-30
Created DB snapshot: chroma 040a2ae
[chroma] 45/46 ccf5968 2026-06-30
[snipe-it] 47/125 89e2a3a 2020-01-30
Created DB snapshot: chroma ccf5968
[chroma] 46/46 19e1bf8 2026-07-31
Created DB snapshot: chroma 19e1bf8
Saved CSV: /Users/chengbin/Developer/tech_debt/dashboard/analysis/complexity_results/chroma_complexity.csv
Saved plot: /Users/chengbin/Developer/tech_debt/dashboard/analysis/complexity_plots/chroma_complexity.png

Analyzing project: streamlit
streamlit: 1 monthly commits selected
[streamlit] 1/1 a4978c7 2018-01-09
Created DB snapshot: streamlit a4978c7
Saved CSV: /Users/chengbin/Developer/tech_debt/dashboard/analysis/complexity_results/streamlit_complexity.csv
Saved plot: /Users/chengbin/Developer/tech_debt/dashboard/analysis/complexity_plots/streamlit_complexity.png

Analyzing project: mongo-python-driver
mongo-python-driver: 1 monthly commits selected
[mongo-python-driver] 1/1 b128ec2 2009-01-06
Created DB snapshot: mongo-python-driver b128ec2
Saved CSV: /Users/chengbin/Developer/tech_debt/dashboard/analysis/complexity_results/mongo-python-driver_complexity.csv
Saved plot: /Users/chengbin/Developer/tech_debt/dashboard/analysis/complexity_plots/mongo-python-driver_complexity.png

Analyzing project: core
core: 1 monthly commits selected
[core] 1/1 d55e4d5 2013-09-17
Created DB snapshot: core d55e4d5
[snipe-it] 48/125 663c0f3 2020-02-11
Saved CSV: /Users/chengbin/Developer/tech_debt/dashboard/analysis/complexity_results/core_complexity.csv
Saved plot: /Users/chengbin/Developer/tech_debt/dashboard/analysis/complexity_plots/core_complexity.png

Analyzing project: attrs
Repository does not exist in database: attrs
attrs: 136 monthly commits selected
[attrs] 1/136 8289248 2015-01-31
[attrs] 2/136 46cbd75 2015-02-21
[attrs] 3/136 a7adfed 2015-03-23
[attrs] 4/136 3952cd6 2015-04-30
[attrs] 5/136 abb9c95 2015-06-05
[attrs] 6/136 e183eaa 2015-07-26
[attrs] 7/136 104487f 2015-08-20
[attrs] 8/136 c74c9b1 2015-09-16
[attrs] 9/136 2534919 2015-10-20
[attrs] 10/136 fb724af 2015-11-19
[attrs] 11/136 d590a0e 2015-12-20
[attrs] 12/136 2a30ed2 2016-01-22
[attrs] 13/136 38bd2a7 2016-02-20
[attrs] 14/136 871bb64 2016-03-31
[attrs] 15/136 4b94e03 2016-04-28
[attrs] 16/136 e83f0e5 2016-05-23
[attrs] 17/136 8ad22d5 2016-06-02
[attrs] 18/136 e833e0c 2016-07-31
[attrs] 19/136 f09cc7f 2016-08-30
[attrs] 20/136 4849dc1 2016-09-30
[attrs] 21/136 6771640 2016-11-24
[attrs] 22/136 cfb7a31 2016-12-10
[attrs] 23/136 0d3cf3f 2017-01-21
[attrs] 24/136 d86e28b 2017-02-21
[attrs] 25/136 a48124b 2017-03-27
[attrs] 26/136 beca344 2017-04-27
[attrs] 27/136 4db1f4e 2017-05-31
[attrs] 28/136 50107f6 2017-06-11
[attrs] 29/136 74c39b6 2017-07-29
[attrs] 30/136 0d04d5e 2017-08-21
[attrs] 31/136 ba9e8bc 2017-09-18
[attrs] 32/136 3d3d49b 2017-10-26
[attrs] 33/136 defa6b6 2017-11-30
[attrs] 34/136 caf286e 2017-12-30
[attrs] 35/136 eca48ca 2018-01-29
[attrs] 36/136 538d75f 2018-02-17
[attrs] 37/136 c2fef8c 2018-03-19
[attrs] 38/136 29cc2ab 2018-04-28
[attrs] 39/136 a3dbdfc 2018-05-25
[attrs] 40/136 64d917f 2018-06-23
[attrs] 41/136 d45b4c3 2018-07-28
[attrs] 42/136 5b866d3 2018-08-29
[attrs] 43/136 c17ae9d 2018-09-17
[attrs] 44/136 9f4302a 2018-10-28
[attrs] 45/136 6a3458f 2018-11-26
[attrs] 46/136 deb90f9 2018-12-23
[attrs] 47/136 1a90857 2019-01-31
[attrs] 48/136 d74434f 2019-02-27
[attrs] 49/136 d0806d9 2019-03-21
[attrs] 50/136 6fa28b3 2019-04-13
[attrs] 51/136 655c6c0 2019-05-31
[attrs] 52/136 154b4e5 2019-06-23
[attrs] 53/136 ad33d87 2019-07-25
[attrs] 54/136 daf2bc8 2019-08-21
[attrs] 55/136 346024a 2019-09-26
[snipe-it] 49/125 b079d0d 2020-03-31
[attrs] 56/136 5e028e9 2019-10-23
[attrs] 57/136 311816b 2019-11-20
[attrs] 58/136 fff74ec 2019-12-30
[attrs] 59/136 8c00f75 2020-01-25
[attrs] 60/136 d6a65fb 2020-02-10
[attrs] 61/136 f8f3f59 2020-03-30
[attrs] 62/136 5a0491c 2020-04-30
[attrs] 63/136 0189979 2020-05-18
[attrs] 64/136 cf0adc5 2020-06-27
[attrs] 65/136 e2ced32 2020-07-23
[attrs] 66/136 be6b342 2020-08-31
[attrs] 67/136 6aca10f 2020-09-28
[attrs] 68/136 e770594 2020-10-21
[attrs] 69/136 1e0e566 2020-11-25
[attrs] 70/136 446386a 2020-12-31
[attrs] 71/136 c2712fd 2021-01-29
[attrs] 72/136 ded9225 2021-02-28
[attrs] 73/136 51e6dcf 2021-03-24
[attrs] 74/136 0102cb6 2021-04-28
[attrs] 75/136 9709dd8 2021-05-26
[attrs] 76/136 3858063 2021-06-30
[attrs] 77/136 fcb7393 2021-08-10
[attrs] 78/136 52fcad2 2021-09-24
[attrs] 79/136 82ab0c1 2021-10-30
[attrs] 80/136 a955efe 2021-11-24
[attrs] 81/136 7cfa3b6 2021-12-31
[attrs] 82/136 8f9558d 2022-01-31
[attrs] 83/136 1d6ef3b 2022-02-08
[attrs] 84/136 ae29da6 2022-03-29
[attrs] 85/136 fc827cf 2022-04-07
[attrs] 86/136 cbe9c97 2022-05-10
[attrs] 87/136 a18b395 2022-06-24
[attrs] 88/136 95e0c42 2022-07-30
[attrs] 89/136 f7fa5a8 2022-08-30
[attrs] 90/136 c65cf47 2022-09-29
[attrs] 91/136 965972e 2022-10-26
[attrs] 92/136 e458448 2022-11-30
[attrs] 93/136 88d2a37 2022-12-22
[attrs] 94/136 9d23ae9 2023-01-30
[attrs] 95/136 b950cb8 2023-02-26
[attrs] 96/136 c7308a6 2023-03-18
[attrs] 97/136 7c44cfb 2023-04-26
[attrs] 98/136 a6778cf 2023-05-22
[attrs] 99/136 06f0c53 2023-06-29
[attrs] 100/136 7f16102 2023-07-29
[attrs] 101/136 336ea8b 2023-08-20
[attrs] 102/136 1046c75 2023-09-29
[attrs] 103/136 52c1cd9 2023-10-30
[attrs] 104/136 01413df 2023-11-30
[attrs] 105/136 cee6192 2023-12-31
[attrs] 106/136 75d54c2 2024-01-26
[attrs] 107/136 69b6626 2024-02-29
[attrs] 108/136 a105304 2024-03-18
[attrs] 109/136 f7f317a 2024-04-24
[attrs] 110/136 5618e6f 2024-05-27
[attrs] 111/136 11288d5 2024-06-28
[attrs] 112/136 a365cdc 2024-07-31
[attrs] 113/136 25b74d6 2024-08-03
[attrs] 114/136 a59c5d7 2024-09-27
[attrs] 115/136 4580a74 2024-10-29
[attrs] 116/136 3a5a49e 2024-11-30
[attrs] 117/136 076cf76 2024-12-28
[attrs] 118/136 eb49c53 2025-01-27
[attrs] 119/136 088b5c2 2025-02-22
[attrs] 120/136 3dca08c 2025-03-13
[attrs] 121/136 3d42a69 2025-04-08
[attrs] 122/136 0d5e65d 2025-05-30
[attrs] 123/136 ca3fb0e 2025-06-18
[attrs] 124/136 3d52548 2025-07-31
[attrs] 125/136 5d216e6 2025-08-30
[attrs] 126/136 112dd1d 2025-09-30
[attrs] 127/136 632d961 2025-10-28
[attrs] 128/136 43a868d 2025-11-12
[attrs] 129/136 674c312 2025-12-18
[attrs] 130/136 e140354 2026-01-22
[snipe-it] 50/125 85712a1 2020-04-30
[attrs] 131/136 4635491 2026-02-23
[attrs] 132/136 20734d9 2026-03-30
[attrs] 133/136 87b7b4a 2026-04-29
[attrs] 134/136 48ea7a1 2026-05-28
[attrs] 135/136 005e2fb 2026-06-19
[attrs] 136/136 d544dd2 2026-07-11
Saved CSV: /Users/chengbin/Developer/tech_debt/dashboard/analysis/complexity_results/attrs_complexity.csv
Saved plot: /Users/chengbin/Developer/tech_debt/dashboard/analysis/complexity_plots/attrs_complexity.png

Analyzing project: sympy
sympy: 231 monthly commits selected
[sympy] 1/231 d9d6f26 2007-07-31
Created DB snapshot: sympy d9d6f26
[sympy] 2/231 2fc106b 2007-08-31
Created DB snapshot: sympy 2fc106b
[sympy] 3/231 5a7cfd4 2007-09-30
Created DB snapshot: sympy 5a7cfd4
[sympy] 4/231 685fa59 2007-10-31
Created DB snapshot: sympy 685fa59
[sympy] 5/231 2c9556f 2007-11-29
Created DB snapshot: sympy 2c9556f
[sympy] 6/231 407bb11 2007-12-30
[snipe-it] 51/125 1267c68 2020-05-28
Created DB snapshot: sympy 407bb11
[sympy] 7/231 053113b 2008-01-31
Created DB snapshot: sympy 053113b
[sympy] 8/231 b82ff29 2008-02-02
Created DB snapshot: sympy b82ff29
[sympy] 9/231 cba1d5d 2008-03-26
Created DB snapshot: sympy cba1d5d
[sympy] 10/231 eada23f 2008-04-29
Created DB snapshot: sympy eada23f
[sympy] 11/231 dc61560 2008-05-20
Created DB snapshot: sympy dc61560
[sympy] 12/231 6cb5ce9 2008-06-27
[snipe-it] 52/125 2aaa7be 2020-06-25
Created DB snapshot: sympy 6cb5ce9
[sympy] 13/231 a576c56 2008-07-29
Created DB snapshot: sympy a576c56
[sympy] 14/231 957696d 2008-08-30
Created DB snapshot: sympy 957696d
[sympy] 15/231 1e12e35 2008-09-30
Created DB snapshot: sympy 1e12e35
[sympy] 16/231 2517afd 2008-10-26
Created DB snapshot: sympy 2517afd
[sympy] 17/231 d02eede 2008-11-29
Created DB snapshot: sympy d02eede
[sympy] 18/231 b112762 2008-12-30
[snipe-it] 53/125 8cd5ec6 2020-07-16
Created DB snapshot: sympy b112762
[sympy] 19/231 c893522 2009-01-14
Created DB snapshot: sympy c893522
[sympy] 20/231 22df8cd 2009-02-09
Created DB snapshot: sympy 22df8cd
[sympy] 21/231 0afe739 2009-03-16
Created DB snapshot: sympy 0afe739
[sympy] 22/231 31c9aa4 2009-04-30
Created DB snapshot: sympy 31c9aa4
[sympy] 23/231 a46b6f1 2009-05-14
[snipe-it] 54/125 519bd00 2020-08-11
Created DB snapshot: sympy a46b6f1
[sympy] 24/231 2d5b68b 2009-06-27
Created DB snapshot: sympy 2d5b68b
[sympy] 25/231 98feaac 2009-07-23
Created DB snapshot: sympy 98feaac
[sympy] 26/231 12e9154 2009-08-22
Created DB snapshot: sympy 12e9154
[sympy] 27/231 26f66ed 2009-09-01
[snipe-it] 55/125 14a10f6 2020-09-29
Created DB snapshot: sympy 26f66ed
[sympy] 28/231 fec3140 2009-10-19
Created DB snapshot: sympy fec3140
[sympy] 29/231 bf32cd3 2009-11-27
Created DB snapshot: sympy bf32cd3
[sympy] 30/231 7b87b62 2009-12-22
[snipe-it] 56/125 72facff 2020-10-26
Created DB snapshot: sympy 7b87b62
[sympy] 31/231 6ebb252 2010-01-23
Created DB snapshot: sympy 6ebb252
[sympy] 32/231 c54bdcb 2010-02-12
Created DB snapshot: sympy c54bdcb
[sympy] 33/231 71d0421 2010-03-31
[snipe-it] 57/125 5f3a1f6 2020-11-30
Created DB snapshot: sympy 71d0421
[sympy] 34/231 4cb7aa9 2010-04-02
Created DB snapshot: sympy 4cb7aa9
[sympy] 35/231 8958c44 2010-05-17
Created DB snapshot: sympy 8958c44
[sympy] 36/231 70ca102 2010-06-10
[snipe-it] 58/125 382fb31 2020-12-30
Created DB snapshot: sympy 70ca102
[sympy] 37/231 72bc874 2010-07-19
Created DB snapshot: sympy 72bc874
[sympy] 38/231 8f8629a 2010-08-19
Created DB snapshot: sympy 8f8629a
[sympy] 39/231 79bdbbc 2010-09-06
[snipe-it] 59/125 2e71968 2021-01-27
Created DB snapshot: sympy 79bdbbc
[sympy] 40/231 fe46d25 2010-10-06
Created DB snapshot: sympy fe46d25
[sympy] 41/231 01e168c 2010-11-02
Created DB snapshot: sympy 01e168c
[sympy] 42/231 10e6c2b 2010-12-31
[snipe-it] 60/125 5aa9606 2021-02-26
Created DB snapshot: sympy 10e6c2b
[sympy] 43/231 0715d5a 2011-01-17
Created DB snapshot: sympy 0715d5a
[sympy] 44/231 619f8f3 2011-02-17
Created DB snapshot: sympy 619f8f3
[sympy] 45/231 2eae81d 2011-03-07
[snipe-it] 61/125 71b5c0e 2021-03-24
Created DB snapshot: sympy 2eae81d
[sympy] 46/231 2e8ccbb 2011-04-11
Created DB snapshot: sympy 2e8ccbb
[sympy] 47/231 db7b484 2011-05-29
Created DB snapshot: sympy db7b484
[sympy] 48/231 e869e97 2011-06-06
[snipe-it] 62/125 62f091e 2021-04-30
Created DB snapshot: sympy e869e97
[sympy] 49/231 59c1ce7 2011-07-26
Created DB snapshot: sympy 59c1ce7
[sympy] 50/231 0688428 2011-08-07
[snipe-it] 63/125 312a90c 2021-05-03
Created DB snapshot: sympy 0688428
[sympy] 51/231 e9f04f4 2011-09-08
Created DB snapshot: sympy e9f04f4
[sympy] 52/231 29209f5 2011-10-22
Created DB snapshot: sympy 29209f5
[sympy] 53/231 9782159 2011-11-30
[snipe-it] 64/125 6173aaa 2021-06-30
Created DB snapshot: sympy 9782159
[sympy] 54/231 e571f15 2011-12-31
Created DB snapshot: sympy e571f15
[sympy] 55/231 5645e42 2012-01-01
[snipe-it] 65/125 0d49fc3 2021-07-13
Created DB snapshot: sympy 5645e42
[sympy] 56/231 19eb339 2012-02-14
[snipe-it] 66/125 b96303c 2021-08-30
Created DB snapshot: sympy 19eb339
[sympy] 57/231 7a390ca 2012-03-23
[snipe-it] 67/125 0556c76 2021-09-01
Created DB snapshot: sympy 7a390ca
[sympy] 58/231 5a1e114 2012-04-12
Created DB snapshot: sympy 5a1e114
[sympy] 59/231 2718247 2012-05-13
[snipe-it] 68/125 90ca668 2021-10-30
Created DB snapshot: sympy 2718247
[sympy] 60/231 63b4ba6 2012-06-19
Created DB snapshot: sympy 63b4ba6
[sympy] 61/231 9c12ce9 2012-07-09
Created DB snapshot: sympy 9c12ce9
[sympy] 62/231 2e28e67 2012-08-30
[snipe-it] 69/125 bc355e1 2021-11-30
Created DB snapshot: sympy 2e28e67
[sympy] 63/231 503dacf 2012-09-19
Created DB snapshot: sympy 503dacf
[sympy] 64/231 3fc8222 2012-10-12
[snipe-it] 70/125 7a1ab12 2021-12-31
Created DB snapshot: sympy 3fc8222
[sympy] 65/231 dc88be9 2012-11-07
[snipe-it] 71/125 0a085af 2022-01-13
Created DB snapshot: sympy dc88be9
[sympy] 66/231 13d3913 2012-12-05
[snipe-it] 72/125 1ccbf89 2022-02-10
Created DB snapshot: sympy 13d3913
[sympy] 67/231 b85db71 2013-01-13
[snipe-it] 73/125 6756dd1 2022-03-04
Created DB snapshot: sympy b85db71
[sympy] 68/231 97bcaa3 2013-02-24
Created DB snapshot: sympy 97bcaa3
[sympy] 69/231 f3326d9 2013-03-30
[snipe-it] 74/125 313150e 2022-04-30
Created DB snapshot: sympy f3326d9
[sympy] 70/231 21475b2 2013-04-14
Created DB snapshot: sympy 21475b2
[sympy] 71/231 57f67c3 2013-05-09
[snipe-it] 75/125 089704c 2022-05-31
Created DB snapshot: sympy 57f67c3
[sympy] 72/231 49d4de3 2013-06-29
Created DB snapshot: sympy 49d4de3
[sympy] 73/231 d7b52cb 2013-07-27
[snipe-it] 76/125 eedd646 2022-06-30
Created DB snapshot: sympy d7b52cb
[sympy] 74/231 12a45b6 2013-08-10
[snipe-it] 77/125 33de45d 2022-07-29
Created DB snapshot: sympy 12a45b6
[sympy] 75/231 51c044b 2013-09-30
[snipe-it] 78/125 ae505ef 2022-08-31
Created DB snapshot: sympy 51c044b
[sympy] 76/231 ce57a05 2013-10-08
[snipe-it] 79/125 5c97e45 2022-09-27
Created DB snapshot: sympy ce57a05
[sympy] 77/231 5f69934 2013-11-26
Created DB snapshot: sympy 5f69934
[sympy] 78/231 5986c60 2013-12-10
[snipe-it] 80/125 c2854f1 2022-10-18
Created DB snapshot: sympy 5986c60
[sympy] 79/231 913c999 2014-01-24
Created DB snapshot: sympy 913c999
[sympy] 80/231 ada19d6 2014-02-17
[snipe-it] 81/125 e1c8f15 2022-11-22
Created DB snapshot: sympy ada19d6
[sympy] 81/231 b53d8d0 2014-03-13
Created DB snapshot: sympy b53d8d0
[sympy] 82/231 7987894 2014-04-09
[snipe-it] 82/125 53db266 2022-12-20
Created DB snapshot: sympy 7987894
[sympy] 83/231 ca3f04a 2014-05-29
[snipe-it] 83/125 645bba9 2023-01-15
Created DB snapshot: sympy ca3f04a
[sympy] 84/231 4d6c30d 2014-06-19
[snipe-it] 84/125 1318dc6 2023-02-27
Created DB snapshot: sympy 4d6c30d
[sympy] 85/231 6b56bda 2014-07-23
[snipe-it] 85/125 524249d 2023-03-30
Created DB snapshot: sympy 6b56bda
[sympy] 86/231 a9818d8 2014-08-27
[snipe-it] 86/125 609b164 2023-04-30
Created DB snapshot: sympy a9818d8
[sympy] 87/231 59bf28b 2014-09-11
Created DB snapshot: sympy 59bf28b
[sympy] 88/231 d020579 2014-10-16
[snipe-it] 87/125 18eda15 2023-05-31
Created DB snapshot: sympy d020579
[sympy] 89/231 f17a65f 2014-11-12
[snipe-it] 88/125 d44e667 2023-06-29
Created DB snapshot: sympy f17a65f
[sympy] 90/231 f367548 2014-12-31
Created DB snapshot: sympy f367548
[sympy] 91/231 98d4798 2015-01-06
[snipe-it] 89/125 27bea2a 2023-07-29
Created DB snapshot: sympy 98d4798
[sympy] 92/231 c37d738 2000-03-08
Created DB snapshot: sympy c37d738
[sympy] 93/231 0a82309 2015-02-06
[snipe-it] 90/125 97d6a34 2023-08-25
Created DB snapshot: sympy 0a82309
[sympy] 94/231 59d254a 2015-03-17
[snipe-it] 91/125 651d1c7 2023-09-13
Created DB snapshot: sympy 59d254a
[sympy] 95/231 0fdc617 2015-04-23
[snipe-it] 92/125 8f75bb8 2023-10-31
Created DB snapshot: sympy 0fdc617
[sympy] 96/231 ab3c674 2015-05-06
[snipe-it] 93/125 5489c50 2023-11-30
Created DB snapshot: sympy ab3c674
[sympy] 97/231 388976a 2015-06-10
[snipe-it] 94/125 70ef904 2023-12-19
Created DB snapshot: sympy 388976a
[sympy] 98/231 ff8fe96 2015-07-25
Created DB snapshot: sympy ff8fe96
[sympy] 99/231 593c65d 2015-08-26
[snipe-it] 95/125 9dc428b 2024-01-31
Created DB snapshot: sympy 593c65d
[sympy] 100/231 75a9665 2015-09-30
Created DB snapshot: sympy 75a9665
[sympy] 101/231 94aa455 2015-10-01
[snipe-it] 96/125 8ace30e 2024-02-28
Created DB snapshot: sympy 94aa455
[sympy] 102/231 21bf5e2 2015-11-09
[snipe-it] 97/125 bf10fd0 2024-03-31
Created DB snapshot: sympy 21bf5e2
[sympy] 103/231 31daa8f 2015-12-16
[snipe-it] 98/125 bbb9145 2024-04-30
[snipe-it] 99/125 181bafd 2024-05-31
Created DB snapshot: sympy 31daa8f
[sympy] 104/231 d75b1e7 2016-01-28
[snipe-it] 100/125 97e3af8 2024-06-29
Created DB snapshot: sympy d75b1e7
[sympy] 105/231 d75a976 2016-02-26
[snipe-it] 101/125 2943388 2024-07-02
Created DB snapshot: sympy d75a976
[sympy] 106/231 267e673 2016-03-20
[snipe-it] 102/125 5e74b10 2024-08-20
Created DB snapshot: sympy 267e673
[sympy] 107/231 5e729f3 2016-04-07
Created DB snapshot: sympy 5e729f3
[sympy] 108/231 51e4828 2016-05-31
[snipe-it] 103/125 f45b836 2024-09-04
Created DB snapshot: sympy 51e4828
[sympy] 109/231 f94c1e2 2016-06-25
[snipe-it] 104/125 eccdcc3 2024-10-07
Created DB snapshot: sympy f94c1e2
[sympy] 110/231 26104dd 2016-07-21
[snipe-it] 105/125 a50c8c6 2024-11-06
Created DB snapshot: sympy 26104dd
[sympy] 111/231 9a19d2f 2016-08-05
Created DB snapshot: sympy 9a19d2f
[sympy] 112/231 348595b 2016-09-25
[snipe-it] 106/125 17c9c93 2024-12-16
Created DB snapshot: sympy 348595b
[sympy] 113/231 d40e293 2016-10-18
Created DB snapshot: sympy d40e293
[sympy] 114/231 891ca2d 2016-11-15
[snipe-it] 107/125 6dcd3bf 2025-01-23
Created DB snapshot: sympy 891ca2d
[sympy] 115/231 f385ca3 2016-12-15
Created DB snapshot: sympy f385ca3
[sympy] 116/231 21de7a6 2017-01-12
[snipe-it] 108/125 cc0b9f4 2025-02-27
Created DB snapshot: sympy 21de7a6
[sympy] 117/231 4a7c0c3 2017-02-20
[snipe-it] 109/125 a56f614 2025-03-31
Created DB snapshot: sympy 4a7c0c3
[sympy] 118/231 4d7a57d 2017-03-21
[snipe-it] 110/125 0eb3f6b 2025-04-22
Created DB snapshot: sympy 4d7a57d
[sympy] 119/231 0f109a9 2017-04-03
[snipe-it] 111/125 51bab2d 2025-05-30
[snipe-it] 112/125 7c5110e 2025-06-30
Created DB snapshot: sympy 0f109a9
[sympy] 120/231 69b2a3b 2017-05-26
Created DB snapshot: sympy 69b2a3b
[sympy] 121/231 3474282 2017-06-30
[snipe-it] 113/125 c9eac66 2025-07-31
Created DB snapshot: sympy 3474282
[sympy] 122/231 4d6661d 2017-07-02
[snipe-it] 114/125 eadce51 2025-08-29
Created DB snapshot: sympy 4d6661d
[sympy] 123/231 919b4c7 2017-08-10
[snipe-it] 115/125 a07d83e 2025-09-09
[snipe-it] 116/125 6189501 2025-10-30
Created DB snapshot: sympy 919b4c7
[sympy] 124/231 bec7c1e 2017-09-28
[snipe-it] 117/125 2e269d2 2025-11-29
[snipe-it] 118/125 f0c9a5b 2025-12-31
Created DB snapshot: sympy bec7c1e
[sympy] 125/231 e365baa 2017-10-11
[snipe-it] 119/125 1aee867 2026-01-28
[snipe-it] 120/125 5800d08 2026-02-24
Created DB snapshot: sympy e365baa
[sympy] 126/231 32a692e 2017-11-30
[snipe-it] 121/125 8f46b52 2026-03-14
Created DB snapshot: sympy 32a692e
[sympy] 127/231 18b208b 2017-12-24
[snipe-it] 122/125 b0e13a1 2026-04-30
[snipe-it] 123/125 85df607 2026-05-30
Created DB snapshot: sympy 18b208b
[sympy] 128/231 e4ea3dc 2018-01-11
[snipe-it] 124/125 df8e3b1 2026-06-30
Created DB snapshot: sympy e4ea3dc
[sympy] 129/231 9ee6236 2018-02-08
[snipe-it] 125/125 ac90b07 2026-07-07
Saved CSV: /Users/chengbin/Developer/tech_debt/dashboard/analysis/complexity_results/snipe-it_complexity.csv
Saved plot: /Users/chengbin/Developer/tech_debt/dashboard/analysis/complexity_plots/snipe-it_complexity.png

Analyzing project: netbox
netbox: 125 monthly commits selected
[netbox] 1/125 2f86d5e 2016-03-30
Updated DB snapshot: netbox 2f86d5e
[netbox] 2/125 ab17005 2016-04-29
Updated DB snapshot: netbox ab17005
[netbox] 3/125 e80dde3 2016-05-26
Updated DB snapshot: netbox e80dde3
[netbox] 4/125 1338bf6 2016-06-28
Updated DB snapshot: netbox 1338bf6
[netbox] 5/125 65ea2af 2016-07-29
Created DB snapshot: sympy 9ee6236
[sympy] 130/231 9b2d3ab 2018-03-13
Updated DB snapshot: netbox 65ea2af
[netbox] 6/125 8341800 2016-08-24
Updated DB snapshot: netbox 8341800
[netbox] 7/125 3606606 2016-09-30
Updated DB snapshot: netbox 3606606
[netbox] 8/125 084b86c 2016-10-31
Updated DB snapshot: netbox 084b86c
[netbox] 9/125 b275009 2016-11-30
Updated DB snapshot: netbox b275009
[netbox] 10/125 5215779 2016-12-29
Updated DB snapshot: netbox 5215779
[netbox] 11/125 b370375 2017-01-31
Updated DB snapshot: netbox b370375
[netbox] 12/125 5ad3044 2017-02-28
Updated DB snapshot: netbox 5ad3044
[netbox] 13/125 6bbdc2b 2017-03-31
Updated DB snapshot: netbox 6bbdc2b
[netbox] 14/125 de58d0e 2017-04-28
Updated DB snapshot: netbox de58d0e
[netbox] 15/125 a598f0e 2017-05-31
Updated DB snapshot: netbox a598f0e
[netbox] 16/125 30d1605 2017-06-30
Updated DB snapshot: netbox 30d1605
[netbox] 17/125 52a490b 2017-07-28
Updated DB snapshot: netbox 52a490b
[netbox] 18/125 cbc239c 2017-08-31
Updated DB snapshot: netbox cbc239c
[netbox] 19/125 9c673d2 2017-09-29
Updated DB snapshot: netbox 9c673d2
[netbox] 20/125 57973f6 2017-10-31
Created DB snapshot: sympy 9b2d3ab
[sympy] 131/231 9084484 2018-04-27
Updated DB snapshot: netbox 57973f6
[netbox] 21/125 de2a894 2017-11-30
Updated DB snapshot: netbox de2a894
[netbox] 22/125 935da0d 2017-12-29
Updated DB snapshot: netbox 935da0d
[netbox] 23/125 a4019be 2018-01-31
Updated DB snapshot: netbox a4019be
[netbox] 24/125 b83de7e 2018-02-22
Updated DB snapshot: netbox b83de7e
[netbox] 25/125 131436f 2018-03-05
Updated DB snapshot: netbox 131436f
[netbox] 26/125 399a633 2018-04-19
Updated DB snapshot: netbox 399a633
[netbox] 27/125 edd8e9e 2018-05-30
Updated DB snapshot: netbox edd8e9e
[netbox] 28/125 fa5493a 2018-06-27
Updated DB snapshot: netbox fa5493a
[netbox] 29/125 2f33e97 2018-07-31
Updated DB snapshot: netbox 2f33e97
[netbox] 30/125 2ac60bd 2018-08-22
Updated DB snapshot: netbox 2ac60bd
[netbox] 31/125 c31c7b5 2018-09-03
Updated DB snapshot: netbox c31c7b5
[netbox] 32/125 55c632a 2018-10-31
Updated DB snapshot: netbox 55c632a
[netbox] 33/125 d1cd366 2018-11-30
Updated DB snapshot: netbox d1cd366
[netbox] 34/125 28a02e9 2018-12-30
Updated DB snapshot: netbox 28a02e9
[netbox] 35/125 2f1018c 2019-01-31
Updated DB snapshot: netbox 2f1018c
[netbox] 36/125 0ec8476 2019-02-03
Created DB snapshot: sympy 9084484
[sympy] 132/231 e708140 2018-05-25
Updated DB snapshot: netbox 0ec8476
[netbox] 37/125 498f132 2019-03-28
Updated DB snapshot: netbox 498f132
[netbox] 38/125 5a8ba15 2019-04-30
Updated DB snapshot: netbox 5a8ba15
[netbox] 39/125 3bb3b85 2019-05-31
Updated DB snapshot: netbox 3bb3b85
[netbox] 40/125 ddced4f 2019-06-28
Updated DB snapshot: netbox ddced4f
[netbox] 41/125 a32d185 2019-07-31
Updated DB snapshot: netbox a32d185
[netbox] 42/125 559beff 2019-08-28
Updated DB snapshot: netbox 559beff
[netbox] 43/125 52e9369 2019-09-29
Updated DB snapshot: netbox 52e9369
[netbox] 44/125 a63383d 2019-10-30
Updated DB snapshot: netbox a63383d
[netbox] 45/125 378883d 2019-11-03
Updated DB snapshot: netbox 378883d
[netbox] 46/125 2e83ce7 2019-12-13
Created DB snapshot: sympy e708140
[sympy] 133/231 1738356 2018-06-17
Updated DB snapshot: netbox 2e83ce7
[netbox] 47/125 4136a5f 2020-01-31
Updated DB snapshot: netbox 4136a5f
[netbox] 48/125 a17c227 2020-02-29
Updated DB snapshot: netbox a17c227
[netbox] 49/125 221e014 2020-03-31
Updated DB snapshot: netbox 221e014
[netbox] 50/125 6ab046b 2020-04-30
Created DB snapshot: sympy 1738356
[sympy] 134/231 ec40145 2018-07-30
Updated DB snapshot: netbox 6ab046b
[netbox] 51/125 2fe4656 2020-05-08
Updated DB snapshot: netbox 2fe4656
[netbox] 52/125 0b1df14 2020-06-30
Updated DB snapshot: netbox 0b1df14
[netbox] 53/125 eacbec9 2020-07-30
Updated DB snapshot: netbox eacbec9
[netbox] 54/125 473d76c 2020-08-31
Updated DB snapshot: netbox 473d76c
[netbox] 55/125 46df5a9 2020-09-30
Updated DB snapshot: netbox 46df5a9
[netbox] 56/125 2ffdc46 2020-10-22
Created DB snapshot: sympy ec40145
[sympy] 135/231 a529543 2018-08-10
Updated DB snapshot: netbox 2ffdc46
[netbox] 57/125 23b3058 2020-11-30
Updated DB snapshot: netbox 23b3058
[netbox] 58/125 e73c225 2020-12-31
Updated DB snapshot: netbox e73c225
[netbox] 59/125 1964073 2021-01-26
Updated DB snapshot: netbox 1964073
[netbox] 60/125 d5e5cdd 2021-02-08
Updated DB snapshot: netbox d5e5cdd
[netbox] 61/125 83c4577 2021-03-31
Created DB snapshot: sympy a529543
[sympy] 136/231 03ffa11 2018-09-13
Updated DB snapshot: netbox 83c4577
[netbox] 62/125 04cc43b 2021-04-30
Updated DB snapshot: netbox 04cc43b
[netbox] 63/125 0c93760 2021-05-27
Updated DB snapshot: netbox 0c93760
[netbox] 64/125 5bf4234 2021-06-15
Updated DB snapshot: netbox 5bf4234
[netbox] 65/125 374cf14 2021-07-31
Updated DB snapshot: netbox 374cf14
[netbox] 66/125 eb9f2b3 2021-08-15
Updated DB snapshot: netbox eb9f2b3
[netbox] 67/125 a5b99e7 2021-09-30
Created DB snapshot: sympy 03ffa11
[sympy] 137/231 41f1d32 2018-10-03
Updated DB snapshot: netbox a5b99e7
[netbox] 68/125 830cf4b 2021-10-28
Updated DB snapshot: netbox 830cf4b
[netbox] 69/125 dc30405 2021-11-30
Updated DB snapshot: netbox dc30405
[netbox] 70/125 fa1e28e 2021-12-30
Updated DB snapshot: netbox fa1e28e
[netbox] 71/125 03ea257 2022-01-27
Updated DB snapshot: netbox 03ea257
[netbox] 72/125 e7496c8 2022-02-28
Updated DB snapshot: netbox e7496c8
[netbox] 73/125 aa2ec3b 2022-03-25
Created DB snapshot: sympy 41f1d32
[sympy] 138/231 e75b83e 2018-11-30
Updated DB snapshot: netbox aa2ec3b
[netbox] 74/125 5d37f9f 2022-04-29
Updated DB snapshot: netbox 5d37f9f
[netbox] 75/125 7b02070 2022-05-31
Updated DB snapshot: netbox 7b02070
[netbox] 76/125 be77835 2022-06-30
Updated DB snapshot: netbox be77835
[netbox] 77/125 5e37f82 2022-07-14
Updated DB snapshot: netbox 5e37f82
[netbox] 78/125 128ccb4 2022-08-11
Created DB snapshot: sympy e75b83e
[sympy] 139/231 4f6d23b 2018-12-24
Updated DB snapshot: netbox 128ccb4
[netbox] 79/125 568e0c7 2022-09-30
Updated DB snapshot: netbox 568e0c7
[netbox] 80/125 d1970ca 2022-10-31
Updated DB snapshot: netbox d1970ca
[netbox] 81/125 f715064 2022-11-17
Updated DB snapshot: netbox f715064
[netbox] 82/125 f7b85ab 2022-12-19
Updated DB snapshot: netbox f7b85ab
[netbox] 83/125 e65b2a9 2023-01-31
Created DB snapshot: sympy 4f6d23b
[sympy] 140/231 5207691 2019-01-03
Updated DB snapshot: netbox e65b2a9
[netbox] 84/125 07b0b93 2023-02-19
Updated DB snapshot: netbox 07b0b93
[netbox] 85/125 8d6c591 2023-03-31
Updated DB snapshot: netbox 8d6c591
[netbox] 86/125 a566a56 2023-04-27
Updated DB snapshot: netbox a566a56
[netbox] 87/125 0b21625 2023-05-16
Updated DB snapshot: netbox 0b21625
[netbox] 88/125 16ee42a 2023-06-24
Created DB snapshot: sympy 5207691
[sympy] 141/231 535fd5d 2019-02-01
Updated DB snapshot: netbox 16ee42a
[netbox] 89/125 34a9605 2023-07-31
Updated DB snapshot: netbox 34a9605
[netbox] 90/125 7848bee 2023-08-31
Updated DB snapshot: netbox 7848bee
[netbox] 91/125 6dc5605 2023-09-27
Updated DB snapshot: netbox 6dc5605
[netbox] 92/125 77208bf 2023-10-31
Created DB snapshot: sympy 535fd5d
[sympy] 142/231 26e5d48 2019-03-11
Updated DB snapshot: netbox 77208bf
[netbox] 93/125 b21ed6a 2023-11-30
Updated DB snapshot: netbox b21ed6a
[netbox] 94/125 bb806e2 2023-12-21
Updated DB snapshot: netbox bb806e2
[netbox] 95/125 270a1da 2024-01-23
Updated DB snapshot: netbox 270a1da
[netbox] 96/125 79b9ef7 2024-02-04
Created DB snapshot: sympy 26e5d48
[sympy] 143/231 3330f02 2019-04-28
Updated DB snapshot: netbox 79b9ef7
[netbox] 97/125 9751ce6 2024-03-15
Updated DB snapshot: netbox 9751ce6
[netbox] 98/125 1add918 2024-04-30
Created DB snapshot: sympy 3330f02
[sympy] 144/231 8c31631 2019-05-30
Updated DB snapshot: netbox 1add918
[netbox] 99/125 24d02cb 2024-05-31
Updated DB snapshot: netbox 24d02cb
[netbox] 100/125 95347cf 2024-06-17
Updated DB snapshot: netbox 95347cf
[netbox] 101/125 8bea914 2024-07-05
Created DB snapshot: sympy 8c31631
[sympy] 145/231 703dcb4 2019-06-14
Updated DB snapshot: netbox 8bea914
[netbox] 102/125 b2bbdbf 2024-08-30
Updated DB snapshot: netbox b2bbdbf
[netbox] 103/125 bfcae80 2024-09-26
Created DB snapshot: sympy 703dcb4
[sympy] 146/231 0a5a376 2019-07-06
Updated DB snapshot: netbox bfcae80
[netbox] 104/125 81f00fd 2024-10-30
Updated DB snapshot: netbox 81f00fd
[netbox] 105/125 d122c33 2024-11-25
Updated DB snapshot: netbox d122c33
[netbox] 106/125 b9abb32 2024-12-27
Created DB snapshot: sympy 0a5a376
[sympy] 147/231 a0ca317 2019-08-26
Updated DB snapshot: netbox b9abb32
[netbox] 107/125 8114492 2025-01-09
Updated DB snapshot: netbox 8114492
[netbox] 108/125 e86dba8 2025-02-28
Updated DB snapshot: netbox e86dba8
[netbox] 109/125 12231ad 2025-03-31
Created DB snapshot: sympy a0ca317
[sympy] 148/231 d5f8706 2019-09-03
Updated DB snapshot: netbox 12231ad
[netbox] 110/125 127452f 2025-04-30
Updated DB snapshot: netbox 127452f
[netbox] 111/125 b62f234 2025-05-30
Updated DB snapshot: netbox b62f234
[netbox] 112/125 ea4c205 2025-06-27
Created DB snapshot: sympy d5f8706
[sympy] 149/231 8b1bf52 2019-10-30
Updated DB snapshot: netbox ea4c205
[netbox] 113/125 ae425d9 2025-07-31
Updated DB snapshot: netbox ae425d9
[netbox] 114/125 8f8ca80 2025-08-29
Updated DB snapshot: netbox 8f8ca80
[netbox] 115/125 5a96b76 2025-09-30
Created DB snapshot: sympy 8b1bf52
[sympy] 150/231 cd692c1 2019-11-26
Updated DB snapshot: netbox 5a96b76
[netbox] 116/125 60fce84 2025-10-03
Updated DB snapshot: netbox 60fce84
[netbox] 117/125 10e69c8 2025-11-29
Updated DB snapshot: netbox 10e69c8
[netbox] 118/125 6199b3e 2025-12-31
Created DB snapshot: sympy cd692c1
[sympy] 151/231 a18defa 2019-12-22
Updated DB snapshot: netbox 6199b3e
[netbox] 119/125 b26c7f3 2026-01-29
Updated DB snapshot: netbox b26c7f3
[netbox] 120/125 303199d 2026-02-25
Updated DB snapshot: netbox 303199d
[netbox] 121/125 0455e14 2026-03-31
Created DB snapshot: sympy a18defa
[sympy] 152/231 a65e3d3 2020-01-26
Updated DB snapshot: netbox 0455e14
[netbox] 122/125 92c5aff 2026-04-30
Updated DB snapshot: netbox 92c5aff
[netbox] 123/125 fc17d46 2026-05-28
Updated DB snapshot: netbox fc17d46
[netbox] 124/125 e727da5 2026-06-30
Created DB snapshot: sympy a65e3d3
[sympy] 153/231 1f1d754 2020-02-10
Updated DB snapshot: netbox e727da5
[netbox] 125/125 4877d11 2026-07-30
Updated DB snapshot: netbox 4877d11
Saved CSV: /Users/chengbin/Developer/tech_debt/dashboard/analysis/complexity_results/netbox_complexity.csv
Saved plot: /Users/chengbin/Developer/tech_debt/dashboard/analysis/complexity_plots/netbox_complexity.png

Analyzing project: django-money
django-money: 127 monthly commits selected
[django-money] 1/127 edf98a1 2011-05-15
Updated DB snapshot: django-money edf98a1
[django-money] 2/127 dc2fd9e 2011-11-08
Updated DB snapshot: django-money dc2fd9e
[django-money] 3/127 d0af2f5 2011-12-06
Updated DB snapshot: django-money d0af2f5
[django-money] 4/127 74158ab 2012-04-21
Updated DB snapshot: django-money 74158ab
[django-money] 5/127 ecc092b 2012-08-02
Updated DB snapshot: django-money ecc092b
[django-money] 6/127 c634bd6 2012-09-30
Updated DB snapshot: django-money c634bd6
[django-money] 7/127 9ebe7f6 2012-10-24
Updated DB snapshot: django-money 9ebe7f6
[django-money] 8/127 eedb241 2012-11-30
Updated DB snapshot: django-money eedb241
[django-money] 9/127 90262d2 2012-12-19
Updated DB snapshot: django-money 90262d2
[django-money] 10/127 270c9a4 2013-01-18
Updated DB snapshot: django-money 270c9a4
[django-money] 11/127 822b417 2013-02-17
Updated DB snapshot: django-money 822b417
[django-money] 12/127 ac9003e 2013-03-25
Updated DB snapshot: django-money ac9003e
[django-money] 13/127 c3fa642 2013-06-25
Updated DB snapshot: django-money c3fa642
[django-money] 14/127 54ec246 2013-07-31
Updated DB snapshot: django-money 54ec246
[django-money] 15/127 0f34a41 2013-08-31
Updated DB snapshot: django-money 0f34a41
[django-money] 16/127 56fe694 2013-09-30
Updated DB snapshot: django-money 56fe694
[django-money] 17/127 98b77c8 2013-10-31
Updated DB snapshot: django-money 98b77c8
[django-money] 18/127 4d251d3 2013-11-27
Updated DB snapshot: django-money 4d251d3
[django-money] 19/127 8aeca9e 2013-12-11
Updated DB snapshot: django-money 8aeca9e
[django-money] 20/127 b41b46f 2014-03-25
Updated DB snapshot: django-money b41b46f
[django-money] 21/127 33313af 2014-04-13
Updated DB snapshot: django-money 33313af
[django-money] 22/127 b52dcba 2014-05-26
Updated DB snapshot: django-money b52dcba
[django-money] 23/127 1e09181 2014-06-17
Updated DB snapshot: django-money 1e09181
[django-money] 24/127 9191577 2014-07-29
Updated DB snapshot: django-money 9191577
[django-money] 25/127 0d7d45b 2014-09-19
Updated DB snapshot: django-money 0d7d45b
[django-money] 26/127 24212b7 2014-10-25
Updated DB snapshot: django-money 24212b7
[django-money] 27/127 c9ceb78 2014-11-06
Updated DB snapshot: django-money c9ceb78
[django-money] 28/127 97545e3 2014-12-15
Updated DB snapshot: django-money 97545e3
[django-money] 29/127 c982ccb 2015-01-29
Updated DB snapshot: django-money c982ccb
[django-money] 30/127 f953a73 2015-02-11
Updated DB snapshot: django-money f953a73
[django-money] 31/127 e47f6b2 2015-03-24
Updated DB snapshot: django-money e47f6b2
[django-money] 32/127 8d5501c 2015-04-22
Updated DB snapshot: django-money 8d5501c
[django-money] 33/127 9358cad 2015-05-22
Updated DB snapshot: django-money 9358cad
[django-money] 34/127 bda2ba7 2015-06-13
Updated DB snapshot: django-money bda2ba7
[django-money] 35/127 6cbd423 2015-08-31
Updated DB snapshot: django-money 6cbd423
[django-money] 36/127 b4b4e09 2015-09-20
Updated DB snapshot: django-money b4b4e09
[django-money] 37/127 68eb145 2015-10-22
Updated DB snapshot: django-money 68eb145
[django-money] 38/127 ad3aa96 2015-11-11
Updated DB snapshot: django-money ad3aa96
[django-money] 39/127 f5dceb3 2015-12-22
Updated DB snapshot: django-money f5dceb3
[django-money] 40/127 44878b2 2016-01-18
Updated DB snapshot: django-money 44878b2
[django-money] 41/127 3aa9188 2016-02-28
Updated DB snapshot: django-money 3aa9188
[django-money] 42/127 34d11dc 2016-03-23
Updated DB snapshot: django-money 34d11dc
[django-money] 43/127 27a549e 2016-04-22
Updated DB snapshot: django-money 27a549e
[django-money] 44/127 0a9e805 2016-06-09
Updated DB snapshot: django-money 0a9e805
[django-money] 45/127 f4f3622 2016-07-31
Updated DB snapshot: django-money f4f3622
[django-money] 46/127 cb21f30 2016-08-03
Updated DB snapshot: django-money cb21f30
[django-money] 47/127 e56a68f 2016-09-29
Updated DB snapshot: django-money e56a68f
[django-money] 48/127 1d51ca1 2016-10-28
Updated DB snapshot: django-money 1d51ca1
[django-money] 49/127 e38bc8d 2016-11-20
Updated DB snapshot: django-money e38bc8d
[django-money] 50/127 7202a1b 2016-12-27
Updated DB snapshot: django-money 7202a1b
[django-money] 51/127 4f3f561 2017-01-31
Updated DB snapshot: django-money 4f3f561
[django-money] 52/127 6ecd720 2017-02-25
Updated DB snapshot: django-money 6ecd720
[django-money] 53/127 544c709 2017-03-24
Updated DB snapshot: django-money 544c709
[django-money] 54/127 05fdb46 2017-04-06
Updated DB snapshot: django-money 05fdb46
[django-money] 55/127 5371b0a 2017-05-25
Updated DB snapshot: django-money 5371b0a
[django-money] 56/127 9e19083 2017-06-30
Updated DB snapshot: django-money 9e19083
[django-money] 57/127 fd1a19f 2017-07-02
Updated DB snapshot: django-money fd1a19f
[django-money] 58/127 8cf9e91 2017-08-11
Updated DB snapshot: django-money 8cf9e91
[django-money] 59/127 fab308d 2017-09-22
Updated DB snapshot: django-money fab308d
[django-money] 60/127 421fc4f 2017-10-29
Updated DB snapshot: django-money 421fc4f
[django-money] 61/127 d4bdfc2 2017-11-20
Updated DB snapshot: django-money d4bdfc2
[django-money] 62/127 35b7ede 2017-12-18
Updated DB snapshot: django-money 35b7ede
[django-money] 63/127 504fe08 2018-02-20
Updated DB snapshot: django-money 504fe08
[django-money] 64/127 6521adf 2018-03-26
Updated DB snapshot: django-money 6521adf
[django-money] 65/127 46efdd2 2018-04-16
Created DB snapshot: sympy 1f1d754
[sympy] 154/231 f39bc0e 2020-03-27
Updated DB snapshot: django-money 46efdd2
[django-money] 66/127 7862acf 2018-05-27
Updated DB snapshot: django-money 7862acf
[django-money] 67/127 3e78792 2018-06-29
Updated DB snapshot: django-money 3e78792
[django-money] 68/127 8ddbabd 2018-07-23
Updated DB snapshot: django-money 8ddbabd
[django-money] 69/127 8fef77c 2018-08-14
Updated DB snapshot: django-money 8fef77c
[django-money] 70/127 1b07b3b 2018-12-23
Updated DB snapshot: django-money 1b07b3b
[django-money] 71/127 53c43da 2019-01-10
Updated DB snapshot: django-money 53c43da
[django-money] 72/127 b6ef6b5 2019-03-18
Updated DB snapshot: django-money b6ef6b5
[django-money] 73/127 ce956d9 2019-04-23
Updated DB snapshot: django-money ce956d9
[django-money] 74/127 fea43ef 2019-05-30
Updated DB snapshot: django-money fea43ef
[django-money] 75/127 ea47f1e 2019-06-23
Updated DB snapshot: django-money ea47f1e
[django-money] 76/127 a8df354 2019-10-27
Updated DB snapshot: django-money a8df354
[django-money] 77/127 48446a5 2019-09-23
Updated DB snapshot: django-money 48446a5
[django-money] 78/127 7cded5f 2019-11-08
Updated DB snapshot: django-money 7cded5f
[django-money] 79/127 e46109f 2019-12-20
Updated DB snapshot: django-money e46109f
[django-money] 80/127 eaa8df7 2020-02-14
Updated DB snapshot: django-money eaa8df7
[django-money] 81/127 ab4241f 2020-04-06
Updated DB snapshot: django-money ab4241f
[django-money] 82/127 1a5c664 2020-06-18
Updated DB snapshot: django-money 1a5c664
[django-money] 83/127 947add5 2020-10-28
Updated DB snapshot: django-money 947add5
[django-money] 84/127 e4436d4 2020-11-29
Updated DB snapshot: django-money e4436d4
[django-money] 85/127 63088db 2020-12-29
Updated DB snapshot: django-money 63088db
[django-money] 86/127 852353f 2021-01-10
Updated DB snapshot: django-money 852353f
[django-money] 87/127 b97bd29 2021-02-04
Updated DB snapshot: django-money b97bd29
[django-money] 88/127 13577e1 2021-04-26
Updated DB snapshot: django-money 13577e1
[django-money] 89/127 3398db4 2021-05-27
Updated DB snapshot: django-money 3398db4
[django-money] 90/127 b2acda3 2021-06-07
Updated DB snapshot: django-money b2acda3
[django-money] 91/127 4999ac8 2021-07-09
Updated DB snapshot: django-money 4999ac8
[django-money] 92/127 2040eff 2021-09-23
Updated DB snapshot: django-money 2040eff
[django-money] 93/127 aca9a91 2021-10-02
Updated DB snapshot: django-money aca9a91
[django-money] 94/127 ee4e380 2021-12-27
Updated DB snapshot: django-money ee4e380
[django-money] 95/127 cd3e9a1 2022-01-13
Updated DB snapshot: django-money cd3e9a1
[django-money] 96/127 98ddb3d 2022-02-02
Updated DB snapshot: django-money 98ddb3d
[django-money] 97/127 4b0a664 2022-03-08
Updated DB snapshot: django-money 4b0a664
[django-money] 98/127 08ce86e 2022-04-10
Updated DB snapshot: django-money 08ce86e
[django-money] 99/127 7225daf 2022-05-26
Updated DB snapshot: django-money 7225daf
[django-money] 100/127 d392e81 2022-06-20
Updated DB snapshot: django-money d392e81
[django-money] 101/127 667342f 2022-07-11
Updated DB snapshot: django-money 667342f
[django-money] 102/127 94f2795 2022-08-26
Updated DB snapshot: django-money 94f2795
[django-money] 103/127 e84e506 2022-09-27
Updated DB snapshot: django-money e84e506
[django-money] 104/127 ecdabca 2022-10-14
Updated DB snapshot: django-money ecdabca
[django-money] 105/127 d6122a6 2023-01-06
Updated DB snapshot: django-money d6122a6
[django-money] 106/127 06c70ac 2023-02-22
Updated DB snapshot: django-money 06c70ac
[django-money] 107/127 b579017 2023-03-04
Updated DB snapshot: django-money b579017
[django-money] 108/127 a09580c 2023-04-27
Updated DB snapshot: django-money a09580c
[django-money] 109/127 f242c2d 2023-06-19
Updated DB snapshot: django-money f242c2d
[django-money] 110/127 aceac3e 2023-07-26
Updated DB snapshot: django-money aceac3e
[django-money] 111/127 9e3442a 2023-09-30
Updated DB snapshot: django-money 9e3442a
[django-money] 112/127 85bce4e 2023-10-30
Updated DB snapshot: django-money 85bce4e
[django-money] 113/127 0209456 2023-11-30
Updated DB snapshot: django-money 0209456
[django-money] 114/127 7c9f97b 2023-12-01
Updated DB snapshot: django-money 7c9f97b
[django-money] 115/127 2370575 2024-03-13
Updated DB snapshot: django-money 2370575
[django-money] 116/127 f41d2f0 2024-05-26
Updated DB snapshot: django-money f41d2f0
[django-money] 117/127 a7bb4a2 2024-07-30
Updated DB snapshot: django-money a7bb4a2
[django-money] 118/127 835c1ab 2024-08-01
Updated DB snapshot: django-money 835c1ab
[django-money] 119/127 07a9329 2025-04-27
Updated DB snapshot: django-money 07a9329
[django-money] 120/127 048cf81 2025-08-31
Updated DB snapshot: django-money 048cf81
[django-money] 121/127 57f6d8c 2025-09-04
Updated DB snapshot: django-money 57f6d8c
[django-money] 122/127 5090785 2025-11-04
Updated DB snapshot: django-money 5090785
[django-money] 123/127 74eaa11 2025-12-02
Updated DB snapshot: django-money 74eaa11
[django-money] 124/127 60d8862 2026-01-27
Updated DB snapshot: django-money 60d8862
[django-money] 125/127 ef1529a 2026-04-29
Updated DB snapshot: django-money ef1529a
[django-money] 126/127 a2ec3fd 2026-05-19
Updated DB snapshot: django-money a2ec3fd
[django-money] 127/127 b255e27 2026-06-15
Updated DB snapshot: django-money b255e27
Saved CSV: /Users/chengbin/Developer/tech_debt/dashboard/analysis/complexity_results/django-money_complexity.csv
Saved plot: /Users/chengbin/Developer/tech_debt/dashboard/analysis/complexity_plots/django-money_complexity.png

Analyzing project: pylint
pylint: 234 monthly commits selected
[pylint] 1/234 1edf510 2006-04-26
Updated DB snapshot: pylint 1edf510
[pylint] 2/234 ba8eebf 2006-05-27
Updated DB snapshot: pylint ba8eebf
[pylint] 3/234 308f417 2006-06-26
Updated DB snapshot: pylint 308f417
[pylint] 4/234 35cbf03 2006-08-25
Updated DB snapshot: pylint 35cbf03
[pylint] 5/234 6642dee 2006-09-25
Updated DB snapshot: pylint 6642dee
[pylint] 6/234 fbdce6d 2006-10-25
Updated DB snapshot: pylint fbdce6d
[pylint] 7/234 5542a26 2006-11-28
Updated DB snapshot: pylint 5542a26
[pylint] 8/234 6a8bb3f 2006-12-27
Updated DB snapshot: pylint 6a8bb3f
[pylint] 9/234 2896333 2007-02-28
Updated DB snapshot: pylint 2896333
[pylint] 10/234 7166da1 2007-03-09
Updated DB snapshot: pylint 7166da1
[pylint] 11/234 9ba3931 2007-04-16
Updated DB snapshot: pylint 9ba3931
[pylint] 12/234 0a3146b 2007-06-07
Updated DB snapshot: pylint 0a3146b
[pylint] 13/234 012196c 2007-07-20
Updated DB snapshot: pylint 012196c
[pylint] 14/234 2a059c3 2007-08-22
Updated DB snapshot: pylint 2a059c3
[pylint] 15/234 2507ec4 2007-11-19
Updated DB snapshot: pylint 2507ec4
[pylint] 16/234 e8179ad 2008-01-14
Updated DB snapshot: pylint e8179ad
[pylint] 17/234 7828427 2008-02-13
Updated DB snapshot: pylint 7828427
[pylint] 18/234 66fad97 2008-03-27
Updated DB snapshot: pylint 66fad97
[pylint] 19/234 ac1c59f 2008-04-14
Updated DB snapshot: pylint ac1c59f
[pylint] 20/234 9155efe 2008-05-15
Updated DB snapshot: pylint 9155efe
[pylint] 21/234 ccd08a4 2008-06-24
Updated DB snapshot: pylint ccd08a4
[pylint] 22/234 04bc07b 2008-07-31
Updated DB snapshot: pylint 04bc07b
[pylint] 23/234 4e92064 2008-08-27
Updated DB snapshot: pylint 4e92064
[pylint] 24/234 4a09159 2008-09-23
Updated DB snapshot: pylint 4a09159
[pylint] 25/234 b1d1dfa 2008-10-30
Updated DB snapshot: pylint b1d1dfa
[pylint] 26/234 b440f55 2008-11-24
Updated DB snapshot: pylint b440f55
[pylint] 27/234 b4c1bbd 2008-12-16
Updated DB snapshot: pylint b4c1bbd
[pylint] 28/234 0d9ccbc 2009-01-28
Updated DB snapshot: pylint 0d9ccbc
[pylint] 29/234 61f392a 2009-02-16
Updated DB snapshot: pylint 61f392a
[pylint] 30/234 cf8f4ec 2009-03-25
Updated DB snapshot: pylint cf8f4ec
[pylint] 31/234 73c19b7 2009-04-08
Updated DB snapshot: pylint 73c19b7
[pylint] 32/234 f640423 2009-05-18
Updated DB snapshot: pylint f640423
[pylint] 33/234 e850b27 2009-06-26
Updated DB snapshot: pylint e850b27
[pylint] 34/234 c2d2f50 2009-07-21
Updated DB snapshot: pylint c2d2f50
[pylint] 35/234 8a23d03 2009-08-31
Updated DB snapshot: pylint 8a23d03
[pylint] 36/234 8808768 2009-09-16
Updated DB snapshot: pylint 8808768
[pylint] 37/234 6f63f18 2009-10-21
Updated DB snapshot: pylint 6f63f18
[pylint] 38/234 71ec3b1 2009-11-27
Updated DB snapshot: pylint 71ec3b1
[pylint] 39/234 d9e6871 2009-12-18
Updated DB snapshot: pylint d9e6871
[pylint] 40/234 8f4f372 2010-01-27
Updated DB snapshot: pylint 8f4f372
[pylint] 41/234 0375923 2010-02-26
Updated DB snapshot: pylint 0375923
[pylint] 42/234 ae065be 2010-03-30
Updated DB snapshot: pylint ae065be
[pylint] 43/234 2b77a5b 2010-04-21
Updated DB snapshot: pylint 2b77a5b
[pylint] 44/234 292e249 2010-05-26
Updated DB snapshot: pylint 292e249
[pylint] 45/234 31210a5 2010-06-07
Updated DB snapshot: pylint 31210a5
[pylint] 46/234 53cbaca 2010-07-26
Updated DB snapshot: pylint 53cbaca
[pylint] 47/234 da37034 2010-08-26
Updated DB snapshot: pylint da37034
[pylint] 48/234 525323c 2010-09-28
Created DB snapshot: sympy f39bc0e
[sympy] 155/231 e2e2330 2020-04-01
Updated DB snapshot: pylint 525323c
[pylint] 49/234 fa0b496 2010-10-28
Updated DB snapshot: pylint fa0b496
[pylint] 50/234 4192e79 2010-11-22
Updated DB snapshot: pylint 4192e79
[pylint] 51/234 80a739f 2010-12-16
Updated DB snapshot: pylint 80a739f
[pylint] 52/234 6d7ca38 2011-01-13
Updated DB snapshot: pylint 6d7ca38
[pylint] 53/234 bc00856 2011-06-16
Updated DB snapshot: pylint bc00856
[pylint] 54/234 2b854e3 2011-07-20
Updated DB snapshot: pylint 2b854e3
[pylint] 55/234 9606518 2011-08-08
Updated DB snapshot: pylint 9606518
[pylint] 56/234 779e2c4 2011-09-23
Updated DB snapshot: pylint 779e2c4
[pylint] 57/234 d3f5456 2011-10-26
Updated DB snapshot: pylint d3f5456
[pylint] 58/234 df62bb8 2011-11-17
Updated DB snapshot: pylint df62bb8
[pylint] 59/234 18c2506 2011-12-08
Updated DB snapshot: pylint 18c2506
[pylint] 60/234 281e4e1 2012-01-19
Updated DB snapshot: pylint 281e4e1
[pylint] 61/234 d1ae219 2012-02-23
Updated DB snapshot: pylint d1ae219
[pylint] 62/234 3531d91 2012-03-09
Updated DB snapshot: pylint 3531d91
[pylint] 63/234 ba57811 2012-05-21
Updated DB snapshot: pylint ba57811
[pylint] 64/234 457809e 2012-06-07
Updated DB snapshot: pylint 457809e
[pylint] 65/234 3e0151d 2012-07-17
Updated DB snapshot: pylint 3e0151d
[pylint] 66/234 dc7d5bc 2012-08-29
Updated DB snapshot: pylint dc7d5bc
[pylint] 67/234 468da1c 2012-09-29
Updated DB snapshot: pylint 468da1c
[pylint] 68/234 4b322ba 2012-10-25
Updated DB snapshot: pylint 4b322ba
[pylint] 69/234 11d1475 2012-11-12
Updated DB snapshot: pylint 11d1475
[pylint] 70/234 704fbb4 2013-01-08
Updated DB snapshot: pylint 704fbb4
[pylint] 71/234 a935578 2013-02-27
Updated DB snapshot: pylint a935578
[pylint] 72/234 d0d4cf5 2012-12-06
Updated DB snapshot: pylint d0d4cf5
[pylint] 73/234 c20fb52 2013-03-29
Updated DB snapshot: pylint c20fb52
[pylint] 74/234 525ce36 2013-04-29
Updated DB snapshot: pylint 525ce36
[pylint] 75/234 da49bbd 2013-05-20
Updated DB snapshot: pylint da49bbd
[pylint] 76/234 9f000f8 2013-06-21
Updated DB snapshot: pylint 9f000f8
[pylint] 77/234 eb24190 2013-07-31
Updated DB snapshot: pylint eb24190
[pylint] 78/234 ff6481c 2013-08-31
Updated DB snapshot: pylint ff6481c
[pylint] 79/234 8118b22 2013-09-26
Updated DB snapshot: pylint 8118b22
[pylint] 80/234 72c4d3f 2013-10-25
Updated DB snapshot: pylint 72c4d3f
[pylint] 81/234 9744f15 2013-11-28
Updated DB snapshot: pylint 9744f15
[pylint] 82/234 83bf32e 2013-12-30
Updated DB snapshot: pylint 83bf32e
[pylint] 83/234 f9c7c1d 2014-01-30
Updated DB snapshot: pylint f9c7c1d
[pylint] 84/234 295f818 2014-02-27
Updated DB snapshot: pylint 295f818
[pylint] 85/234 a2ab7d9 2014-03-31
Updated DB snapshot: pylint a2ab7d9
[pylint] 86/234 a9e8d55 2014-04-30
Updated DB snapshot: pylint a9e8d55
[pylint] 87/234 1d18559 2014-05-27
Updated DB snapshot: pylint 1d18559
[pylint] 88/234 af37eee 2014-06-27
Updated DB snapshot: pylint af37eee
[pylint] 89/234 4816f93 2014-07-31
Updated DB snapshot: pylint 4816f93
[pylint] 90/234 81b1cdf 2014-08-30
Updated DB snapshot: pylint 81b1cdf
[pylint] 91/234 2a585d5 2014-09-30
Updated DB snapshot: pylint 2a585d5
[pylint] 92/234 064f5e3 2014-10-31
Updated DB snapshot: pylint 064f5e3
[pylint] 93/234 1931de0 2014-11-30
Updated DB snapshot: pylint 1931de0
[pylint] 94/234 6c0ab24 2014-12-29
Updated DB snapshot: pylint 6c0ab24
[pylint] 95/234 ae25831 2015-01-30
Updated DB snapshot: pylint ae25831
[pylint] 96/234 37e6b5c 2015-02-28
Updated DB snapshot: pylint 37e6b5c
[pylint] 97/234 45c540e 2015-03-31
Updated DB snapshot: pylint 45c540e
[pylint] 98/234 816afe7 2015-04-30
Updated DB snapshot: pylint 816afe7
[pylint] 99/234 9632b58 2015-05-29
Updated DB snapshot: pylint 9632b58
[pylint] 100/234 2898764 2015-06-30
Updated DB snapshot: pylint 2898764
[pylint] 101/234 12b0087 2015-07-31
Updated DB snapshot: pylint 12b0087
[pylint] 102/234 34a3395 2015-08-26
Updated DB snapshot: pylint 34a3395
[pylint] 103/234 3d4337d 2015-09-30
Updated DB snapshot: pylint 3d4337d
[pylint] 104/234 c27e454 2015-10-30
Updated DB snapshot: pylint c27e454
[pylint] 105/234 0bf7b3e 2015-11-30
Updated DB snapshot: pylint 0bf7b3e
[pylint] 106/234 6d31776 2015-12-16
Updated DB snapshot: pylint 6d31776
[pylint] 107/234 a0575d5 2016-01-24
Created DB snapshot: sympy e2e2330
[sympy] 156/231 ddec9f7 2020-05-31
Updated DB snapshot: pylint a0575d5
[pylint] 108/234 e425926 2016-02-26
Updated DB snapshot: pylint e425926
[pylint] 109/234 1cdb8bc 2016-03-28
Updated DB snapshot: pylint 1cdb8bc
[pylint] 110/234 9fffdb6 2016-04-30
Updated DB snapshot: pylint 9fffdb6
[pylint] 111/234 41ea44f 2016-05-31
Updated DB snapshot: pylint 41ea44f
[pylint] 112/234 5d40a07 2016-06-30
Updated DB snapshot: pylint 5d40a07
[pylint] 113/234 3327d74 2016-07-28
Updated DB snapshot: pylint 3327d74
[pylint] 114/234 537e9ab 2016-08-17
Updated DB snapshot: pylint 537e9ab
[pylint] 115/234 05cc9a7 2016-09-23
Updated DB snapshot: pylint 05cc9a7
[pylint] 116/234 5936066 2016-10-19
Updated DB snapshot: pylint 5936066
[pylint] 117/234 8bcd405 2016-11-06
Updated DB snapshot: pylint 8bcd405
[pylint] 118/234 6e6c135 2016-12-31
Updated DB snapshot: pylint 6e6c135
[pylint] 119/234 7daed7b 2017-01-25
Updated DB snapshot: pylint 7daed7b
[pylint] 120/234 7a6ff76 2017-02-22
Updated DB snapshot: pylint 7a6ff76
[pylint] 121/234 f7da70e 2017-03-31
Updated DB snapshot: pylint f7da70e
[pylint] 122/234 cb6e452 2017-04-28
Updated DB snapshot: pylint cb6e452
[pylint] 123/234 65fb74d 2017-05-12
Updated DB snapshot: pylint 65fb74d
[pylint] 124/234 95c1435 2017-06-03
Updated DB snapshot: pylint 95c1435
[pylint] 125/234 7d6114f 2017-07-31
Updated DB snapshot: pylint 7d6114f
[pylint] 126/234 e231a40 2017-08-25
Updated DB snapshot: pylint e231a40
[pylint] 127/234 15328d6 2017-09-27
Created DB snapshot: sympy ddec9f7
[sympy] 157/231 27d64a4 2020-06-22
Updated DB snapshot: pylint 15328d6
[pylint] 128/234 8c9ccd3 2017-10-28
Updated DB snapshot: pylint 8c9ccd3
[pylint] 129/234 99ecc73 2017-11-12
Updated DB snapshot: pylint 99ecc73
[pylint] 130/234 7fc2290 2017-12-28
Updated DB snapshot: pylint 7fc2290
[pylint] 131/234 17fc68d 2018-01-31
Updated DB snapshot: pylint 17fc68d
[pylint] 132/234 2f77413 2018-02-26
Updated DB snapshot: pylint 2f77413
[pylint] 133/234 955acfe 2018-03-30
Updated DB snapshot: pylint 955acfe
[pylint] 134/234 0748e3e 2018-04-27
Updated DB snapshot: pylint 0748e3e
[pylint] 135/234 41d47dd 2018-05-16
Updated DB snapshot: pylint 41d47dd
[pylint] 136/234 07aad49 2018-06-29
Updated DB snapshot: pylint 07aad49
[pylint] 137/234 55ddf8d 2018-07-23
Updated DB snapshot: pylint 55ddf8d
[pylint] 138/234 4564f6a 2018-08-25
Updated DB snapshot: pylint 4564f6a
[pylint] 139/234 2698cbe 2018-09-25
Updated DB snapshot: pylint 2698cbe
[pylint] 140/234 9734bae 2018-10-11
Updated DB snapshot: pylint 9734bae
[pylint] 141/234 572f35f 2018-11-10
Updated DB snapshot: pylint 572f35f
[pylint] 142/234 d7d6047 2018-12-09
Updated DB snapshot: pylint d7d6047
[pylint] 143/234 ac5b1a4 2019-01-08
Updated DB snapshot: pylint ac5b1a4
[pylint] 144/234 383c2a9 2019-02-03
Updated DB snapshot: pylint 383c2a9
[pylint] 145/234 11ec093 2019-03-22
Updated DB snapshot: pylint 11ec093
[pylint] 146/234 0a1ae3f 2019-04-13
Updated DB snapshot: pylint 0a1ae3f
[pylint] 147/234 20e432e 2019-05-14
Created DB snapshot: sympy 27d64a4
[sympy] 158/231 b1782d6 2020-07-15
Updated DB snapshot: pylint 20e432e
[pylint] 148/234 bd24f94 2019-06-25
Updated DB snapshot: pylint bd24f94
[pylint] 149/234 0dab2e1 2019-07-11
Updated DB snapshot: pylint 0dab2e1
[pylint] 150/234 d54c88a 2019-08-04
Updated DB snapshot: pylint d54c88a
[pylint] 151/234 05d3e15 2019-09-30
Updated DB snapshot: pylint 05d3e15
[pylint] 152/234 ee8bd98 2019-10-31
Updated DB snapshot: pylint ee8bd98
[pylint] 153/234 04e72bc 2019-11-27
Updated DB snapshot: pylint 04e72bc
[pylint] 154/234 3c09c84 2019-12-18
Updated DB snapshot: pylint 3c09c84
[pylint] 155/234 d340900 2020-01-17
Updated DB snapshot: pylint d340900
[pylint] 156/234 0dc089f 2020-02-24
Updated DB snapshot: pylint 0dc089f
[pylint] 157/234 dc1f92d 2020-03-28
Updated DB snapshot: pylint dc1f92d
[pylint] 158/234 3855338 2020-04-03
Updated DB snapshot: pylint 3855338
[pylint] 159/234 b2ef3f7 2020-05-11
Updated DB snapshot: pylint b2ef3f7
[pylint] 160/234 707fc46 2020-06-25
Updated DB snapshot: pylint 707fc46
[pylint] 161/234 3bbf39a 2020-07-27
Updated DB snapshot: pylint 3bbf39a
[pylint] 162/234 9d4f2c0 2020-08-18
Updated DB snapshot: pylint 9d4f2c0
[pylint] 163/234 f10d286 2020-09-15
Updated DB snapshot: pylint f10d286
[pylint] 164/234 76a3843 2020-10-01
Updated DB snapshot: pylint 76a3843
[pylint] 165/234 c25e942 2020-11-29
Updated DB snapshot: pylint c25e942
[pylint] 166/234 96e9f6d 2020-12-31
Updated DB snapshot: pylint 96e9f6d
[pylint] 167/234 1a960b9 2021-01-02
Updated DB snapshot: pylint 1a960b9
[pylint] 168/234 6721cd1 2021-02-22
Updated DB snapshot: pylint 6721cd1
[pylint] 169/234 c00b07b 2021-03-02
Updated DB snapshot: pylint c00b07b
[pylint] 170/234 4847314 2021-04-22
Updated DB snapshot: pylint 4847314
[pylint] 171/234 ec78b15 2021-05-31
Updated DB snapshot: pylint ec78b15
[pylint] 172/234 a051aa8 2021-06-30
Updated DB snapshot: pylint a051aa8
[pylint] 173/234 02e5289 2021-07-30
Updated DB snapshot: pylint 02e5289
[pylint] 174/234 5f96098 2021-08-31
Updated DB snapshot: pylint 5f96098
[pylint] 175/234 aa39560 2021-09-14
Created DB snapshot: sympy b1782d6
[sympy] 159/231 8cb6322 2020-08-28
Updated DB snapshot: pylint aa39560
[pylint] 176/234 57a5041 2021-10-29
Updated DB snapshot: pylint 57a5041
[pylint] 177/234 6dceba5 2021-11-28
Updated DB snapshot: pylint 6dceba5
[pylint] 178/234 be46993 2021-12-05
Updated DB snapshot: pylint be46993
[pylint] 179/234 ade493a 2022-01-31
Updated DB snapshot: pylint ade493a
[pylint] 180/234 c508d84 2022-02-27
Updated DB snapshot: pylint c508d84
[pylint] 181/234 11a8982 2022-03-30
Updated DB snapshot: pylint 11a8982
[pylint] 182/234 6fa922d 2022-04-21
Updated DB snapshot: pylint 6fa922d
[pylint] 183/234 955d902 2022-05-17
Updated DB snapshot: pylint 955d902
[pylint] 184/234 af7e8f9 2022-06-02
Updated DB snapshot: pylint af7e8f9
[pylint] 185/234 0c2fe7f 2022-07-10
Updated DB snapshot: pylint 0c2fe7f
[pylint] 186/234 e5c81a9 2022-08-27
Updated DB snapshot: pylint e5c81a9
[pylint] 187/234 78f8423 2022-09-07
Updated DB snapshot: pylint 78f8423
[pylint] 188/234 6d66b18 2022-10-31
Updated DB snapshot: pylint 6d66b18
[pylint] 189/234 d796007 2022-11-04
Updated DB snapshot: pylint d796007
[pylint] 190/234 1baa10e 2022-12-30
Updated DB snapshot: pylint 1baa10e
[pylint] 191/234 8657e97 2023-01-16
Created DB snapshot: sympy 8cb6322
[sympy] 160/231 30d6903 2020-09-18
Updated DB snapshot: pylint 8657e97
[pylint] 192/234 4a0855f 2023-02-05
Updated DB snapshot: pylint 4a0855f
[pylint] 193/234 b7d270b 2023-03-29
Updated DB snapshot: pylint b7d270b
[pylint] 194/234 ca74a1d 2023-04-26
Updated DB snapshot: pylint ca74a1d
[pylint] 195/234 3259bc8 2023-05-06
Updated DB snapshot: pylint 3259bc8
[pylint] 196/234 9336615 2023-06-07
Updated DB snapshot: pylint 9336615
[pylint] 197/234 3f469ab 2023-07-26
Updated DB snapshot: pylint 3f469ab
[pylint] 198/234 b601e65 2023-08-17
Updated DB snapshot: pylint b601e65
[pylint] 199/234 bd5baaa 2023-09-30
Updated DB snapshot: pylint bd5baaa
[pylint] 200/234 e938c17 2023-10-05
Updated DB snapshot: pylint e938c17
[pylint] 201/234 7f01d83 2023-11-26
Updated DB snapshot: pylint 7f01d83
[pylint] 202/234 015c43a 2023-12-30
Updated DB snapshot: pylint 015c43a
[pylint] 203/234 ce9b7cb 2024-01-31
Updated DB snapshot: pylint ce9b7cb
[pylint] 204/234 3bf22d8 2024-02-25
Updated DB snapshot: pylint 3bf22d8
[pylint] 205/234 10a093e 2024-03-25
Updated DB snapshot: pylint 10a093e
[pylint] 206/234 82ef647 2024-04-29
Created DB snapshot: sympy 30d6903
[sympy] 161/231 50a031f 2020-10-16
Updated DB snapshot: pylint 82ef647
[pylint] 207/234 6888fde 2024-05-27
Updated DB snapshot: pylint 6888fde
[pylint] 208/234 b01a3fe 2024-06-14
Updated DB snapshot: pylint b01a3fe
[pylint] 209/234 7d1626c 2024-07-31
Updated DB snapshot: pylint 7d1626c
[pylint] 210/234 123fef3 2024-08-31
Updated DB snapshot: pylint 123fef3
[pylint] 211/234 07574db 2024-09-30
Updated DB snapshot: pylint 07574db
[pylint] 212/234 c131f0e 2024-10-09
Updated DB snapshot: pylint c131f0e
[pylint] 213/234 a985622 2024-11-25
Updated DB snapshot: pylint a985622
[pylint] 214/234 c21276f 2024-12-24
Updated DB snapshot: pylint c21276f
[pylint] 215/234 bbd73ce 2025-01-30
Updated DB snapshot: pylint bbd73ce
[pylint] 216/234 6455c45 2025-02-04
Updated DB snapshot: pylint 6455c45
[pylint] 217/234 3e81b49 2025-03-31
Updated DB snapshot: pylint 3e81b49
[pylint] 218/234 c3f7efe 2025-04-30
Updated DB snapshot: pylint c3f7efe
[pylint] 219/234 8d184b5 2025-05-27
Updated DB snapshot: pylint 8d184b5
[pylint] 220/234 0707127 2025-06-25
Updated DB snapshot: pylint 0707127
[pylint] 221/234 707323a 2025-07-28
Created DB snapshot: sympy 50a031f
[sympy] 162/231 8ba98eb 2020-11-30
Updated DB snapshot: pylint 707323a
[pylint] 222/234 1344a84 2025-08-27
Updated DB snapshot: pylint 1344a84
[pylint] 223/234 62b5da4 2025-09-29
Updated DB snapshot: pylint 62b5da4
[pylint] 224/234 f8f6ccd 2025-10-28
Updated DB snapshot: pylint f8f6ccd
[pylint] 225/234 6b7c5b5 2025-11-30
Updated DB snapshot: pylint 6b7c5b5
[pylint] 226/234 f5b9d75 2025-12-22
Updated DB snapshot: pylint f5b9d75
[pylint] 227/234 d9170f2 2026-01-28
Updated DB snapshot: pylint d9170f2
[pylint] 228/234 f286599 2026-02-28
Updated DB snapshot: pylint f286599
[pylint] 229/234 cc129f2 2026-03-03
Updated DB snapshot: pylint cc129f2
[pylint] 230/234 55a7316 2026-04-24
Updated DB snapshot: pylint 55a7316
[pylint] 231/234 06ae5dc 2026-05-27
Updated DB snapshot: pylint 06ae5dc
[pylint] 232/234 e91fca7 2026-06-30
Updated DB snapshot: pylint e91fca7
[pylint] 233/234 fbf3eef 2026-07-16
Updated DB snapshot: pylint fbf3eef
[pylint] 234/234 2fdee6b 2026-08-03
Updated DB snapshot: pylint 2fdee6b
Saved CSV: /Users/chengbin/Developer/tech_debt/dashboard/analysis/complexity_results/pylint_complexity.csv
Saved plot: /Users/chengbin/Developer/tech_debt/dashboard/analysis/complexity_plots/pylint_complexity.png

Analyzing project: chroma
chroma: 46 monthly commits selected
[chroma] 1/46 290d8f3 2022-10-31
Updated DB snapshot: chroma 290d8f3
[chroma] 2/46 792e072 2022-11-30
Updated DB snapshot: chroma 792e072
[chroma] 3/46 9d84361 2022-12-13
Created DB snapshot: sympy 8ba98eb
[sympy] 163/231 e80c3f5 2020-12-29
Updated DB snapshot: chroma 9d84361
[chroma] 4/46 00ec766 2023-01-30
Updated DB snapshot: chroma 00ec766
[chroma] 5/46 8184f7c 2023-02-28
Updated DB snapshot: chroma 8184f7c
[chroma] 6/46 54dc2b8 2023-03-31
Updated DB snapshot: chroma 54dc2b8
[chroma] 7/46 67a8312 2023-04-05
Updated DB snapshot: chroma 67a8312
[chroma] 8/46 bdc1841 2023-05-31
Updated DB snapshot: chroma bdc1841
[chroma] 9/46 666bfc4 2023-06-28
Updated DB snapshot: chroma 666bfc4
[chroma] 10/46 ac78423 2023-07-31
Updated DB snapshot: chroma ac78423
[chroma] 11/46 81ab0b1 2023-08-31
Updated DB snapshot: chroma 81ab0b1
[chroma] 12/46 c41bfa4 2023-09-25
Updated DB snapshot: chroma c41bfa4
[chroma] 13/46 f5ee581 2023-10-27
Updated DB snapshot: chroma f5ee581
[chroma] 14/46 aa4702b 2023-11-29
Updated DB snapshot: chroma aa4702b
[chroma] 15/46 73bfda2 2023-12-30
Updated DB snapshot: chroma 73bfda2
[chroma] 16/46 e5751fd 2024-01-31
Updated DB snapshot: chroma e5751fd
[chroma] 17/46 e1ad5f9 2024-02-29
Updated DB snapshot: chroma e1ad5f9
[chroma] 18/46 b6e86a6 2024-03-29
Updated DB snapshot: chroma b6e86a6
[chroma] 19/46 c3db12e 2024-04-30
Updated DB snapshot: chroma c3db12e
[chroma] 20/46 9480627 2024-05-31
Updated DB snapshot: chroma 9480627
[chroma] 21/46 9f79843 2024-06-28
Updated DB snapshot: chroma 9f79843
[chroma] 22/46 35d7686 2024-07-31
Updated DB snapshot: chroma 35d7686
[chroma] 23/46 50459a0 2024-08-30
Updated DB snapshot: chroma 50459a0
[chroma] 24/46 e2628e8 2024-09-30
Created DB snapshot: sympy e80c3f5
[sympy] 164/231 361c2da 2021-01-30
Updated DB snapshot: chroma e2628e8
[chroma] 25/46 13cc213 2024-10-31
Updated DB snapshot: chroma 13cc213
[chroma] 26/46 337fe73 2024-11-30
Updated DB snapshot: chroma 337fe73
[chroma] 27/46 2dce857 2024-12-31
Updated DB snapshot: chroma 2dce857
[chroma] 28/46 cf754c9 2025-01-31
Updated DB snapshot: chroma cf754c9
[chroma] 29/46 978d0a7 2025-02-28
Updated DB snapshot: chroma 978d0a7
[chroma] 30/46 6586c1c 2025-03-31
Updated DB snapshot: chroma 6586c1c
[chroma] 31/46 d6d8129 2025-04-30
Updated DB snapshot: chroma d6d8129
[chroma] 32/46 d4d4fe4 2025-05-31
Created DB snapshot: sympy 361c2da
[sympy] 165/231 0e00eb7 2021-02-24
Updated DB snapshot: chroma d4d4fe4
[chroma] 33/46 a2e4c71 2025-06-30
Updated DB snapshot: chroma a2e4c71
[chroma] 34/46 6c378b3 2025-07-30
Updated DB snapshot: chroma 6c378b3
[chroma] 35/46 0e0994a 2025-08-29
Updated DB snapshot: chroma 0e0994a
[chroma] 36/46 d0cb6df 2025-09-30
Updated DB snapshot: chroma d0cb6df
[chroma] 37/46 e25f526 2025-10-31
Created DB snapshot: sympy 0e00eb7
[sympy] 166/231 aa11ea2 2021-03-25
Updated DB snapshot: chroma e25f526
[chroma] 38/46 fe63aad 2025-11-26
Updated DB snapshot: chroma fe63aad
[chroma] 39/46 c97ad24 2025-12-30
Updated DB snapshot: chroma c97ad24
[chroma] 40/46 4ae3706 2026-01-30
Updated DB snapshot: chroma 4ae3706
[chroma] 41/46 77a8733 2026-02-27
Created DB snapshot: sympy aa11ea2
[sympy] 167/231 2054bd2 2021-04-30
Updated DB snapshot: chroma 77a8733
[chroma] 42/46 20b6b60 2026-03-31
Updated DB snapshot: chroma 20b6b60
[chroma] 43/46 aedf9a6 2026-04-30
Updated DB snapshot: chroma aedf9a6
[chroma] 44/46 040a2ae 2026-05-30
Created DB snapshot: sympy 2054bd2
[sympy] 168/231 5d3e57c 2021-05-20
Updated DB snapshot: chroma 040a2ae
[chroma] 45/46 ccf5968 2026-06-30
Updated DB snapshot: chroma ccf5968
[chroma] 46/46 19e1bf8 2026-07-31
Updated DB snapshot: chroma 19e1bf8
Saved CSV: /Users/chengbin/Developer/tech_debt/dashboard/analysis/complexity_results/chroma_complexity.csv
Saved plot: /Users/chengbin/Developer/tech_debt/dashboard/analysis/complexity_plots/chroma_complexity.png

Analyzing project: streamlit
streamlit: 59 monthly commits selected
[streamlit] 1/59 29d0aa6 2018-01-31
Created DB snapshot: sympy 5d3e57c
[sympy] 169/231 a8e8f72 2021-06-29
Created DB snapshot: streamlit 29d0aa6
[streamlit] 2/59 b246f26 2018-02-14
Created DB snapshot: streamlit b246f26
[streamlit] 3/59 5fee2b2 2018-03-30
Created DB snapshot: streamlit 5fee2b2
[streamlit] 4/59 8d6e295 2018-04-28
Created DB snapshot: streamlit 8d6e295
[streamlit] 5/59 e379c35 2018-05-31
Created DB snapshot: streamlit e379c35
[streamlit] 6/59 9a97e4c 2018-06-26
Created DB snapshot: streamlit 9a97e4c
[streamlit] 7/59 ee885ff 2018-07-23
Created DB snapshot: streamlit ee885ff
[streamlit] 8/59 08ac5b5 2018-08-27
Created DB snapshot: streamlit 08ac5b5
[streamlit] 9/59 5a16ae7 2018-09-30
Created DB snapshot: streamlit 5a16ae7
[streamlit] 10/59 035645d 2018-10-31
Created DB snapshot: streamlit 035645d
[streamlit] 11/59 18243d1 2018-11-30
Created DB snapshot: streamlit 18243d1
[streamlit] 12/59 5ac1976 2018-12-20
Created DB snapshot: streamlit 5ac1976
[streamlit] 13/59 2962042 2019-01-28
Created DB snapshot: streamlit 2962042
[streamlit] 14/59 091aec4 2019-02-27
Created DB snapshot: streamlit 091aec4
[streamlit] 15/59 c9045d5 2019-03-30
Created DB snapshot: streamlit c9045d5
[streamlit] 16/59 b3dd6b2 2019-04-30
Created DB snapshot: streamlit b3dd6b2
[streamlit] 17/59 02c956b 2019-05-29
Created DB snapshot: streamlit 02c956b
[streamlit] 18/59 fec6d40 2019-06-28
Created DB snapshot: streamlit fec6d40
[streamlit] 19/59 17f2a52 2019-07-27
Created DB snapshot: streamlit 17f2a52
[streamlit] 20/59 7a9135d 2019-08-30
Created DB snapshot: streamlit 7a9135d
[streamlit] 21/59 82a4bdb 2019-09-30
Created DB snapshot: streamlit 82a4bdb
[streamlit] 22/59 9caa414 2019-10-30
Created DB snapshot: streamlit 9caa414
[streamlit] 23/59 a25bb0a 2019-11-29
Created DB snapshot: streamlit a25bb0a
[streamlit] 24/59 929942f 2019-12-31
Created DB snapshot: sympy a8e8f72
[sympy] 170/231 120e422 2021-07-15
Created DB snapshot: streamlit 929942f
[streamlit] 25/59 afb51bd 2020-01-31
Created DB snapshot: streamlit afb51bd
[streamlit] 26/59 b448991 2020-02-28
Created DB snapshot: streamlit b448991
[streamlit] 27/59 f747057 2020-03-31
Created DB snapshot: sympy 120e422
[sympy] 171/231 1637ae5 2021-08-29
Created DB snapshot: streamlit f747057
[streamlit] 28/59 927efdf 2020-04-30
Created DB snapshot: streamlit 927efdf
[streamlit] 29/59 37921fd 2020-05-29
Created DB snapshot: sympy 1637ae5
[sympy] 172/231 4343b87 2021-09-01
Created DB snapshot: streamlit 37921fd
[streamlit] 30/59 9026d0f 2020-06-30
Created DB snapshot: streamlit 9026d0f
[streamlit] 31/59 a530d75 2020-07-31
Created DB snapshot: streamlit a530d75
[streamlit] 32/59 4a9072d 2020-08-31
Created DB snapshot: sympy 4343b87
[sympy] 173/231 2021776 2021-10-14
Created DB snapshot: streamlit 4a9072d
[streamlit] 33/59 173aa1c 2020-09-30
Created DB snapshot: streamlit 173aa1c
[streamlit] 34/59 5ce9eee 2020-10-31
Created DB snapshot: sympy 2021776
[sympy] 174/231 cd4f92f 2021-11-30
Created DB snapshot: streamlit 5ce9eee
[streamlit] 35/59 2f34911 2020-11-30
Created DB snapshot: streamlit 2f34911
[streamlit] 36/59 3c96ea7 2020-12-31
Created DB snapshot: sympy cd4f92f
[sympy] 175/231 15be357 2021-12-21
Created DB snapshot: streamlit 3c96ea7
[streamlit] 37/59 968e7f5 2021-01-27
Created DB snapshot: streamlit 968e7f5
[streamlit] 38/59 fda0ebd 2021-02-26
Created DB snapshot: streamlit fda0ebd
[streamlit] 39/59 1abed1c 2021-03-31
Created DB snapshot: sympy 15be357
[sympy] 176/231 f5ae2cf 2022-01-05
Created DB snapshot: streamlit 1abed1c
[streamlit] 40/59 147f9d6 2021-04-30
Created DB snapshot: streamlit 147f9d6
[streamlit] 41/59 7ebd8bf 2021-05-25
Created DB snapshot: sympy f5ae2cf
[sympy] 177/231 74c43ce 2022-02-02
Created DB snapshot: streamlit 7ebd8bf
[streamlit] 42/59 3a3d545 2021-06-30
Created DB snapshot: streamlit 3a3d545
[streamlit] 43/59 75ebfa4 2021-07-29
Created DB snapshot: sympy 74c43ce
[sympy] 178/231 2a1afca 2022-03-02
Created DB snapshot: streamlit 75ebfa4
[streamlit] 44/59 6cd455c 2021-08-31
Created DB snapshot: streamlit 6cd455c
[streamlit] 45/59 d004296 2021-09-24
Created DB snapshot: streamlit d004296
[streamlit] 46/59 4bf123a 2021-10-28
Created DB snapshot: sympy 2a1afca
[sympy] 179/231 ea3e516 2022-04-24
Created DB snapshot: streamlit 4bf123a
[streamlit] 47/59 1eeafde 2021-11-30
Created DB snapshot: streamlit 1eeafde
[streamlit] 48/59 d79aee1 2021-12-29
Created DB snapshot: sympy ea3e516
[sympy] 180/231 1ed9393 2022-05-01
Created DB snapshot: streamlit d79aee1
[streamlit] 49/59 1e6dc46 2022-01-28
Created DB snapshot: sympy 1ed9393
[sympy] 181/231 a1a2430 2022-06-28
Created DB snapshot: streamlit 1e6dc46
[streamlit] 50/59 fd48465 2022-02-28
Created DB snapshot: sympy a1a2430
[sympy] 182/231 942629f 2022-07-02
Created DB snapshot: streamlit fd48465
[streamlit] 51/59 53344f7 2022-03-31
Created DB snapshot: streamlit 53344f7
[streamlit] 52/59 89532ee 2022-04-30
Created DB snapshot: streamlit 89532ee
[streamlit] 53/59 720a849 2022-05-31
Created DB snapshot: sympy 942629f
[sympy] 183/231 7547f4f 2022-08-16
Created DB snapshot: streamlit 720a849
[streamlit] 54/59 6dd7b6c 2022-06-30
Created DB snapshot: streamlit 6dd7b6c
[streamlit] 55/59 4edca1d 2022-07-29
Created DB snapshot: sympy 7547f4f
[sympy] 184/231 5938c63 2022-09-30
Created DB snapshot: streamlit 4edca1d
[streamlit] 56/59 14e1205 2022-08-31
Created DB snapshot: streamlit 14e1205
[streamlit] 57/59 0618609 2022-09-30
Created DB snapshot: sympy 5938c63
[sympy] 185/231 a0590ee 2022-10-12
Created DB snapshot: streamlit 0618609
[streamlit] 58/59 608776d 2022-10-31
Created DB snapshot: streamlit 608776d
[streamlit] 59/59 43f6ee2 2022-11-14
Created DB snapshot: sympy a0590ee
[sympy] 186/231 ba9d1d0 2022-11-29
Created DB snapshot: streamlit 43f6ee2
Saved CSV: /Users/chengbin/Developer/tech_debt/dashboard/analysis/complexity_results/streamlit_complexity.csv
Saved plot: /Users/chengbin/Developer/tech_debt/dashboard/analysis/complexity_plots/streamlit_complexity.png

Analyzing project: mongo-python-driver
mongo-python-driver: 212 monthly commits selected
[mongo-python-driver] 1/212 ebd809c 2009-01-30
Created DB snapshot: mongo-python-driver ebd809c
[mongo-python-driver] 2/212 29e4804 2009-02-27
Created DB snapshot: mongo-python-driver 29e4804
[mongo-python-driver] 3/212 ac7e4bc 2009-03-26
Created DB snapshot: mongo-python-driver ac7e4bc
[mongo-python-driver] 4/212 a4f7029 2009-04-27
Created DB snapshot: mongo-python-driver a4f7029
[mongo-python-driver] 5/212 c59a09d 2009-05-28
Created DB snapshot: mongo-python-driver c59a09d
[mongo-python-driver] 6/212 703a5c0 2009-06-24
Created DB snapshot: mongo-python-driver 703a5c0
[mongo-python-driver] 7/212 bd8e7c0 2009-07-29
Created DB snapshot: mongo-python-driver bd8e7c0
[mongo-python-driver] 8/212 ea5db50 2009-08-31
Created DB snapshot: mongo-python-driver ea5db50
[mongo-python-driver] 9/212 021960f 2009-09-30
Created DB snapshot: mongo-python-driver 021960f
[mongo-python-driver] 10/212 00b375f 2009-10-27
Created DB snapshot: mongo-python-driver 00b375f
[mongo-python-driver] 11/212 ed011b6 2009-11-30
Created DB snapshot: mongo-python-driver ed011b6
[mongo-python-driver] 12/212 0eee221 2009-12-29
Created DB snapshot: mongo-python-driver 0eee221
[mongo-python-driver] 13/212 0d82e56 2010-01-31
Created DB snapshot: mongo-python-driver 0d82e56
[mongo-python-driver] 14/212 32f49ba 2010-02-28
Created DB snapshot: mongo-python-driver 32f49ba
[mongo-python-driver] 15/212 1a051df 2010-03-31
Created DB snapshot: mongo-python-driver 1a051df
[mongo-python-driver] 16/212 75e7118 2010-04-28
Created DB snapshot: sympy ba9d1d0
[sympy] 187/231 67a37b6 2022-12-06
Created DB snapshot: mongo-python-driver 75e7118
[mongo-python-driver] 17/212 1997e17 2010-05-24
Created DB snapshot: mongo-python-driver 1997e17
[mongo-python-driver] 18/212 58335bb 2010-06-29
Created DB snapshot: mongo-python-driver 58335bb
[mongo-python-driver] 19/212 057a1eb 2010-07-30
Created DB snapshot: mongo-python-driver 057a1eb
[mongo-python-driver] 20/212 a5e05a5 2010-08-31
Created DB snapshot: mongo-python-driver a5e05a5
[mongo-python-driver] 21/212 4087168 2010-09-29
Created DB snapshot: mongo-python-driver 4087168
[mongo-python-driver] 22/212 7269ec4 2010-10-25
Created DB snapshot: mongo-python-driver 7269ec4
[mongo-python-driver] 23/212 2ee077e 2010-11-15
Created DB snapshot: mongo-python-driver 2ee077e
[mongo-python-driver] 24/212 d87ed76 2010-12-05
Created DB snapshot: mongo-python-driver d87ed76
[mongo-python-driver] 25/212 08e2874 2011-02-18
Created DB snapshot: mongo-python-driver 08e2874
[mongo-python-driver] 26/212 aa619b0 2011-03-18
Created DB snapshot: mongo-python-driver aa619b0
[mongo-python-driver] 27/212 1451d54 2011-01-23
Created DB snapshot: mongo-python-driver 1451d54
[mongo-python-driver] 28/212 66292c6 2011-04-04
Created DB snapshot: mongo-python-driver 66292c6
[mongo-python-driver] 29/212 5eb02fd 2011-05-31
Created DB snapshot: mongo-python-driver 5eb02fd
[mongo-python-driver] 30/212 fa2a3d5 2011-06-12
Created DB snapshot: mongo-python-driver fa2a3d5
[mongo-python-driver] 31/212 205279b 2011-07-25
Created DB snapshot: mongo-python-driver 205279b
[mongo-python-driver] 32/212 a27955c 2011-08-15
Created DB snapshot: mongo-python-driver a27955c
[mongo-python-driver] 33/212 7c9fedd 2011-09-29
Created DB snapshot: mongo-python-driver 7c9fedd
[mongo-python-driver] 34/212 67965e7 2011-10-29
Created DB snapshot: mongo-python-driver 67965e7
[mongo-python-driver] 35/212 43bbecf 2011-11-28
Created DB snapshot: mongo-python-driver 43bbecf
[mongo-python-driver] 36/212 5ec9d10 2011-12-22
Created DB snapshot: mongo-python-driver 5ec9d10
[mongo-python-driver] 37/212 ff12224 2012-01-28
Created DB snapshot: mongo-python-driver ff12224
[mongo-python-driver] 38/212 94cd798 2012-02-25
Created DB snapshot: mongo-python-driver 94cd798
[mongo-python-driver] 39/212 891a242 2012-03-21
Created DB snapshot: mongo-python-driver 891a242
[mongo-python-driver] 40/212 ca382ad 2012-04-19
Created DB snapshot: mongo-python-driver ca382ad
[mongo-python-driver] 41/212 eeef917 2012-05-14
Created DB snapshot: mongo-python-driver eeef917
[mongo-python-driver] 42/212 4c35d66 2012-06-17
Created DB snapshot: mongo-python-driver 4c35d66
[mongo-python-driver] 43/212 5581811 2012-07-31
Created DB snapshot: mongo-python-driver 5581811
[mongo-python-driver] 44/212 2879263 2012-08-29
Created DB snapshot: mongo-python-driver 2879263
[mongo-python-driver] 45/212 8afa98d 2012-09-11
Created DB snapshot: mongo-python-driver 8afa98d
[mongo-python-driver] 46/212 0226ee8 2012-10-26
Created DB snapshot: mongo-python-driver 0226ee8
[mongo-python-driver] 47/212 8af6705 2012-11-29
Created DB snapshot: mongo-python-driver 8af6705
[mongo-python-driver] 48/212 bed1ab0 2012-12-05
Created DB snapshot: mongo-python-driver bed1ab0
[mongo-python-driver] 49/212 4125454 2013-01-30
Created DB snapshot: mongo-python-driver 4125454
[mongo-python-driver] 50/212 5215bd3 2013-02-26
Created DB snapshot: mongo-python-driver 5215bd3
[mongo-python-driver] 51/212 6c2e009 2013-03-16
Created DB snapshot: mongo-python-driver 6c2e009
[mongo-python-driver] 52/212 baf53be 2013-04-29
Created DB snapshot: mongo-python-driver baf53be
[mongo-python-driver] 53/212 b948b08 2013-05-25
Created DB snapshot: mongo-python-driver b948b08
[mongo-python-driver] 54/212 e1b7928 2013-06-20
Created DB snapshot: mongo-python-driver e1b7928
[mongo-python-driver] 55/212 5b7266d 2013-07-08
Created DB snapshot: mongo-python-driver 5b7266d
[mongo-python-driver] 56/212 b0d2a55 2013-08-26
Created DB snapshot: mongo-python-driver b0d2a55
[mongo-python-driver] 57/212 03f2c4b 2013-09-21
Created DB snapshot: mongo-python-driver 03f2c4b
[mongo-python-driver] 58/212 a799d52 2013-10-30
Created DB snapshot: sympy 67a37b6
[sympy] 188/231 ce2a547 2023-01-25
Created DB snapshot: mongo-python-driver a799d52
[mongo-python-driver] 59/212 3649a3a 2013-11-04
Created DB snapshot: mongo-python-driver 3649a3a
[mongo-python-driver] 60/212 237754d 2013-12-18
Created DB snapshot: mongo-python-driver 237754d
[mongo-python-driver] 61/212 76dac54 2014-01-31
Created DB snapshot: mongo-python-driver 76dac54
[mongo-python-driver] 62/212 64ee931 2014-02-28
Created DB snapshot: mongo-python-driver 64ee931
[mongo-python-driver] 63/212 c9affc0 2014-03-31
Created DB snapshot: mongo-python-driver c9affc0
[mongo-python-driver] 64/212 26fb43c 2014-04-30
Created DB snapshot: mongo-python-driver 26fb43c
[mongo-python-driver] 65/212 7e90881 2014-05-21
Created DB snapshot: mongo-python-driver 7e90881
[mongo-python-driver] 66/212 75246e7 2014-06-05
Created DB snapshot: mongo-python-driver 75246e7
[mongo-python-driver] 67/212 3027853 2014-07-30
Created DB snapshot: mongo-python-driver 3027853
[mongo-python-driver] 68/212 604bf91 2014-08-28
Created DB snapshot: mongo-python-driver 604bf91
[mongo-python-driver] 69/212 6a75dc6 2014-09-28
Created DB snapshot: mongo-python-driver 6a75dc6
[mongo-python-driver] 70/212 21976d9 2014-10-31
Created DB snapshot: mongo-python-driver 21976d9
[mongo-python-driver] 71/212 0b9b109 2014-11-13
Created DB snapshot: mongo-python-driver 0b9b109
[mongo-python-driver] 72/212 4e13a39 2014-12-29
Created DB snapshot: mongo-python-driver 4e13a39
[mongo-python-driver] 73/212 1ec4ab3 2015-01-27
Created DB snapshot: mongo-python-driver 1ec4ab3
[mongo-python-driver] 74/212 ec213e0 2015-02-17
Created DB snapshot: mongo-python-driver ec213e0
[mongo-python-driver] 75/212 5dca437 2015-03-31
Created DB snapshot: mongo-python-driver 5dca437
[mongo-python-driver] 76/212 c43da1c 2015-04-29
Created DB snapshot: mongo-python-driver c43da1c
[mongo-python-driver] 77/212 e4d3392 2015-05-29
Created DB snapshot: mongo-python-driver e4d3392
[mongo-python-driver] 78/212 2323a1c 2015-06-11
Created DB snapshot: mongo-python-driver 2323a1c
[mongo-python-driver] 79/212 d06a639 2015-07-22
Created DB snapshot: mongo-python-driver d06a639
[mongo-python-driver] 80/212 4edbd03 2015-08-25
Created DB snapshot: mongo-python-driver 4edbd03
[mongo-python-driver] 81/212 b852810 2015-09-30
Created DB snapshot: mongo-python-driver b852810
[mongo-python-driver] 82/212 504d4b2 2015-10-29
Created DB snapshot: mongo-python-driver 504d4b2
[mongo-python-driver] 83/212 d6e1308 2015-11-30
Created DB snapshot: mongo-python-driver d6e1308
[mongo-python-driver] 84/212 c34eec8 2015-12-20
Created DB snapshot: mongo-python-driver c34eec8
[mongo-python-driver] 85/212 9e6b66c 2016-01-30
Created DB snapshot: mongo-python-driver 9e6b66c
[mongo-python-driver] 86/212 0abfba6 2016-02-24
Created DB snapshot: mongo-python-driver 0abfba6
[mongo-python-driver] 87/212 fe6f485 2016-03-28
Created DB snapshot: mongo-python-driver fe6f485
[mongo-python-driver] 88/212 b320f82 2016-05-25
Created DB snapshot: sympy ce2a547
[sympy] 189/231 2335c8c 2023-02-18
Created DB snapshot: mongo-python-driver b320f82
[mongo-python-driver] 89/212 1355c5a 2016-06-01
Created DB snapshot: mongo-python-driver 1355c5a
[mongo-python-driver] 90/212 36885e0 2016-07-29
Created DB snapshot: mongo-python-driver 36885e0
[mongo-python-driver] 91/212 82db71e 2016-04-07
Created DB snapshot: mongo-python-driver 82db71e
[mongo-python-driver] 92/212 5905a86 2016-08-30
Created DB snapshot: mongo-python-driver 5905a86
[mongo-python-driver] 93/212 4f3f9f3 2016-09-28
Created DB snapshot: mongo-python-driver 4f3f9f3
[mongo-python-driver] 94/212 f4922da 2016-10-24
Created DB snapshot: mongo-python-driver f4922da
[mongo-python-driver] 95/212 4195f77 2016-11-30
Created DB snapshot: mongo-python-driver 4195f77
[mongo-python-driver] 96/212 b1ca528 2017-01-31
Created DB snapshot: mongo-python-driver b1ca528
[mongo-python-driver] 97/212 2fe8d7c 2017-02-27
Created DB snapshot: mongo-python-driver 2fe8d7c
[mongo-python-driver] 98/212 74c0d55 2016-12-20
Created DB snapshot: mongo-python-driver 74c0d55
[mongo-python-driver] 99/212 93fd58a 2017-03-31
Created DB snapshot: mongo-python-driver 93fd58a
[mongo-python-driver] 100/212 ca735ca 2017-04-04
Created DB snapshot: mongo-python-driver ca735ca
[mongo-python-driver] 101/212 1c7f5f8 2017-05-25
Created DB snapshot: mongo-python-driver 1c7f5f8
[mongo-python-driver] 102/212 6656b7c 2017-06-07
Created DB snapshot: mongo-python-driver 6656b7c
[mongo-python-driver] 103/212 de54caf 2017-07-31
Created DB snapshot: mongo-python-driver de54caf
[mongo-python-driver] 104/212 14ce909 2017-08-31
Created DB snapshot: mongo-python-driver 14ce909
[mongo-python-driver] 105/212 8468dfd 2017-09-20
Created DB snapshot: mongo-python-driver 8468dfd
[mongo-python-driver] 106/212 ea8cb6c 2017-10-03
Created DB snapshot: mongo-python-driver ea8cb6c
[mongo-python-driver] 107/212 de801be 2017-11-29
Created DB snapshot: mongo-python-driver de801be
[mongo-python-driver] 108/212 5db2048 2017-12-05
Created DB snapshot: mongo-python-driver 5db2048
[mongo-python-driver] 109/212 5b92576 2018-02-20
Created DB snapshot: mongo-python-driver 5b92576
[mongo-python-driver] 110/212 ad348a2 2018-01-30
Created DB snapshot: mongo-python-driver ad348a2
[mongo-python-driver] 111/212 9b632c7 2018-03-20
Created DB snapshot: mongo-python-driver 9b632c7
[mongo-python-driver] 112/212 3c2432d 2018-04-26
Created DB snapshot: sympy 2335c8c
[sympy] 190/231 c500dcc 2023-03-21
Created DB snapshot: mongo-python-driver 3c2432d
[mongo-python-driver] 113/212 c63c068 2018-05-29
Created DB snapshot: mongo-python-driver c63c068
[mongo-python-driver] 114/212 35391b7 2018-06-26
Created DB snapshot: mongo-python-driver 35391b7
[mongo-python-driver] 115/212 ff958b7 2018-07-25
Created DB snapshot: mongo-python-driver ff958b7
[mongo-python-driver] 116/212 bc26c0d 2018-08-30
Created DB snapshot: mongo-python-driver bc26c0d
[mongo-python-driver] 117/212 d571ac0 2018-09-26
Created DB snapshot: mongo-python-driver d571ac0
[mongo-python-driver] 118/212 6bab444 2018-10-01
Created DB snapshot: mongo-python-driver 6bab444
[mongo-python-driver] 119/212 1d8c739 2018-11-30
Created DB snapshot: mongo-python-driver 1d8c739
[mongo-python-driver] 120/212 ec79300 2018-12-10
Created DB snapshot: mongo-python-driver ec79300
[mongo-python-driver] 121/212 956fd92 2019-01-17
Created DB snapshot: mongo-python-driver 956fd92
[mongo-python-driver] 122/212 66eb6da 2019-02-20
Created DB snapshot: mongo-python-driver 66eb6da
[mongo-python-driver] 123/212 4049b14 2019-03-28
Created DB snapshot: mongo-python-driver 4049b14
[mongo-python-driver] 124/212 4170d8a 2019-04-23
Created DB snapshot: mongo-python-driver 4170d8a
[mongo-python-driver] 125/212 f588412 2019-05-22
Created DB snapshot: mongo-python-driver f588412
[mongo-python-driver] 126/212 ddac30d 2019-06-21
Created DB snapshot: mongo-python-driver ddac30d
[mongo-python-driver] 127/212 a763461 2019-07-30
Created DB snapshot: mongo-python-driver a763461
[mongo-python-driver] 128/212 ef3df16 2019-08-09
Created DB snapshot: mongo-python-driver ef3df16
[mongo-python-driver] 129/212 802de40 2019-09-12
Created DB snapshot: mongo-python-driver 802de40
[mongo-python-driver] 130/212 a3556c4 2019-10-31
Created DB snapshot: mongo-python-driver a3556c4
[mongo-python-driver] 131/212 5df94d0 2019-11-01
Created DB snapshot: mongo-python-driver 5df94d0
[mongo-python-driver] 132/212 e08ad6e 2019-12-06
Created DB snapshot: mongo-python-driver e08ad6e
[mongo-python-driver] 133/212 9f8468f 2020-01-31
Created DB snapshot: mongo-python-driver 9f8468f
[mongo-python-driver] 134/212 fd64f4d 2020-02-28
Created DB snapshot: sympy c500dcc
[sympy] 191/231 7fab46d 2023-04-14
Created DB snapshot: mongo-python-driver fd64f4d
[mongo-python-driver] 135/212 0743c0b 2020-03-26
Created DB snapshot: mongo-python-driver 0743c0b
[mongo-python-driver] 136/212 d834236 2020-04-29
Created DB snapshot: mongo-python-driver d834236
[mongo-python-driver] 137/212 9a9f42b 2020-05-08
Created DB snapshot: mongo-python-driver 9a9f42b
[mongo-python-driver] 138/212 956ce3d 2020-06-29
Created DB snapshot: mongo-python-driver 956ce3d
[mongo-python-driver] 139/212 add995f 2020-07-30
Created DB snapshot: mongo-python-driver add995f
[mongo-python-driver] 140/212 4a12caa 2020-08-28
Created DB snapshot: mongo-python-driver 4a12caa
[mongo-python-driver] 141/212 6569933 2020-09-28
Created DB snapshot: mongo-python-driver 6569933
[mongo-python-driver] 142/212 e49c418 2020-10-29
Created DB snapshot: mongo-python-driver e49c418
[mongo-python-driver] 143/212 fb4c20a 2020-11-20
Created DB snapshot: mongo-python-driver fb4c20a
[mongo-python-driver] 144/212 6b01235 2020-12-21
Created DB snapshot: mongo-python-driver 6b01235
[mongo-python-driver] 145/212 7ca1efd 2021-01-28
Created DB snapshot: mongo-python-driver 7ca1efd
[mongo-python-driver] 146/212 87e76bd 2021-02-23
Created DB snapshot: mongo-python-driver 87e76bd
[mongo-python-driver] 147/212 1882e99 2021-03-31
Created DB snapshot: mongo-python-driver 1882e99
[mongo-python-driver] 148/212 1390283 2021-04-30
Created DB snapshot: mongo-python-driver 1390283
[mongo-python-driver] 149/212 c8f32a7 2021-05-24
Created DB snapshot: mongo-python-driver c8f32a7
[mongo-python-driver] 150/212 fd84565 2021-06-30
Created DB snapshot: mongo-python-driver fd84565
[mongo-python-driver] 151/212 f541e77 2021-07-30
Created DB snapshot: mongo-python-driver f541e77
[mongo-python-driver] 152/212 2eb0df8 2021-08-24
Created DB snapshot: mongo-python-driver 2eb0df8
[mongo-python-driver] 153/212 9cb6477 2021-09-29
Created DB snapshot: mongo-python-driver 9cb6477
[mongo-python-driver] 154/212 42324c6 2021-10-29
Created DB snapshot: mongo-python-driver 42324c6
[mongo-python-driver] 155/212 046d789 2021-11-30
Created DB snapshot: sympy 7fab46d
[sympy] 192/231 590317b 2023-05-02
Created DB snapshot: mongo-python-driver 046d789
[mongo-python-driver] 156/212 c760f90 2021-12-20
Created DB snapshot: mongo-python-driver c760f90
[mongo-python-driver] 157/212 308b4f4 2022-01-26
Created DB snapshot: mongo-python-driver 308b4f4
[mongo-python-driver] 158/212 0672d2d 2022-02-28
Created DB snapshot: mongo-python-driver 0672d2d
[mongo-python-driver] 159/212 64d7d6d 2022-03-09
Created DB snapshot: mongo-python-driver 64d7d6d
[mongo-python-driver] 160/212 9e317bf 2022-04-28
Created DB snapshot: mongo-python-driver 9e317bf
[mongo-python-driver] 161/212 f4fc742 2022-05-27
Created DB snapshot: mongo-python-driver f4fc742
[mongo-python-driver] 162/212 b37b146 2022-06-30
Created DB snapshot: mongo-python-driver b37b146
[mongo-python-driver] 163/212 fbb8dde 2022-07-29
Created DB snapshot: mongo-python-driver fbb8dde
[mongo-python-driver] 164/212 7825636 2022-08-29
Created DB snapshot: mongo-python-driver 7825636
[mongo-python-driver] 165/212 85f0987 2022-09-29
Created DB snapshot: mongo-python-driver 85f0987
[mongo-python-driver] 166/212 f08776c 2022-10-24
Created DB snapshot: mongo-python-driver f08776c
[mongo-python-driver] 167/212 ee2badf 2022-11-29
Created DB snapshot: mongo-python-driver ee2badf
[mongo-python-driver] 168/212 47686c8 2022-12-20
Created DB snapshot: mongo-python-driver 47686c8
[mongo-python-driver] 169/212 540562a 2023-01-31
Created DB snapshot: mongo-python-driver 540562a
[mongo-python-driver] 170/212 7155351 2023-02-23
Created DB snapshot: mongo-python-driver 7155351
[mongo-python-driver] 171/212 e85a84e 2023-03-31
Created DB snapshot: mongo-python-driver e85a84e
[mongo-python-driver] 172/212 eb137fd 2023-04-28
Created DB snapshot: mongo-python-driver eb137fd
[mongo-python-driver] 173/212 2fe0192 2023-05-31
Created DB snapshot: sympy 590317b
[sympy] 193/231 67f9290 2023-06-23
Created DB snapshot: mongo-python-driver 2fe0192
[mongo-python-driver] 174/212 4627643 2023-06-30
Created DB snapshot: mongo-python-driver 4627643
[mongo-python-driver] 175/212 c88ae79 2023-07-28
Created DB snapshot: mongo-python-driver c88ae79
[mongo-python-driver] 176/212 f2867a9 2023-08-29
Created DB snapshot: mongo-python-driver f2867a9
[mongo-python-driver] 177/212 0590ce4 2023-09-28
Created DB snapshot: mongo-python-driver 0590ce4
[mongo-python-driver] 178/212 c146017 2023-10-31
Created DB snapshot: mongo-python-driver c146017
[mongo-python-driver] 179/212 2dd33a2 2023-11-30
Created DB snapshot: mongo-python-driver 2dd33a2
[mongo-python-driver] 180/212 60d0761 2023-12-19
Created DB snapshot: mongo-python-driver 60d0761
[mongo-python-driver] 181/212 b185e50 2024-01-31
Created DB snapshot: mongo-python-driver b185e50
[mongo-python-driver] 182/212 dc50cbd 2024-02-23
Created DB snapshot: mongo-python-driver dc50cbd
[mongo-python-driver] 183/212 add6a30 2024-03-29
Created DB snapshot: mongo-python-driver add6a30
[mongo-python-driver] 184/212 7e5945e 2024-04-30
Created DB snapshot: mongo-python-driver 7e5945e
[mongo-python-driver] 185/212 2210f74 2024-05-31
Created DB snapshot: mongo-python-driver 2210f74
[mongo-python-driver] 186/212 2d301e2 2024-06-28
Created DB snapshot: mongo-python-driver 2d301e2
[mongo-python-driver] 187/212 a6c5c90 2024-07-31
Created DB snapshot: mongo-python-driver a6c5c90
[mongo-python-driver] 188/212 a4645f0 2024-08-30
Created DB snapshot: sympy 67f9290
[sympy] 194/231 146c4a4 2023-07-31
Created DB snapshot: mongo-python-driver a4645f0
[mongo-python-driver] 189/212 ae6cfd6 2024-09-30
Created DB snapshot: mongo-python-driver ae6cfd6
[mongo-python-driver] 190/212 32269aa 2024-10-31
Created DB snapshot: mongo-python-driver 32269aa
[mongo-python-driver] 191/212 0e8d704 2024-11-26
Created DB snapshot: mongo-python-driver 0e8d704
[mongo-python-driver] 192/212 8d27699 2024-12-31
Created DB snapshot: mongo-python-driver 8d27699
[mongo-python-driver] 193/212 6b141d1 2025-01-31
Created DB snapshot: mongo-python-driver 6b141d1
[mongo-python-driver] 194/212 e28f49c 2025-02-28
Created DB snapshot: mongo-python-driver e28f49c
[mongo-python-driver] 195/212 02fc85f 2025-03-31
Created DB snapshot: mongo-python-driver 02fc85f
[mongo-python-driver] 196/212 85c5ee4 2025-04-30
Created DB snapshot: mongo-python-driver 85c5ee4
[mongo-python-driver] 197/212 958b3d1 2025-05-30
Created DB snapshot: mongo-python-driver 958b3d1
[mongo-python-driver] 198/212 578c6c2 2025-06-30
Created DB snapshot: mongo-python-driver 578c6c2
[mongo-python-driver] 199/212 bfaab82 2025-07-31
Created DB snapshot: sympy 146c4a4
[sympy] 195/231 1d3288a 2023-08-17
Created DB snapshot: mongo-python-driver bfaab82
[mongo-python-driver] 200/212 6656767 2025-08-27
Created DB snapshot: mongo-python-driver 6656767
[mongo-python-driver] 201/212 67384f0 2025-09-30
Created DB snapshot: mongo-python-driver 67384f0
[mongo-python-driver] 202/212 f278e47 2025-10-31
Created DB snapshot: mongo-python-driver f278e47
[mongo-python-driver] 203/212 222a55f 2025-11-25
Created DB snapshot: mongo-python-driver 222a55f
[mongo-python-driver] 204/212 6585d9c 2025-12-30
Created DB snapshot: mongo-python-driver 6585d9c
[mongo-python-driver] 205/212 182d8e2 2026-01-30
Created DB snapshot: mongo-python-driver 182d8e2
[mongo-python-driver] 206/212 84814b2 2026-02-23
Created DB snapshot: mongo-python-driver 84814b2
[mongo-python-driver] 207/212 ee851ba 2026-03-31
Created DB snapshot: mongo-python-driver ee851ba
[mongo-python-driver] 208/212 e67931d 2026-04-27
Created DB snapshot: mongo-python-driver e67931d
[mongo-python-driver] 209/212 a706571 2026-05-29
Created DB snapshot: sympy 1d3288a
[sympy] 196/231 37d3ceb 2023-09-09
Created DB snapshot: mongo-python-driver a706571
[mongo-python-driver] 210/212 bde775e 2026-06-30
Created DB snapshot: mongo-python-driver bde775e
[mongo-python-driver] 211/212 74c011f 2026-07-31
Created DB snapshot: mongo-python-driver 74c011f
[mongo-python-driver] 212/212 70573fe 2026-08-03
Created DB snapshot: mongo-python-driver 70573fe
Saved CSV: /Users/chengbin/Developer/tech_debt/dashboard/analysis/complexity_results/mongo-python-driver_complexity.csv
Saved plot: /Users/chengbin/Developer/tech_debt/dashboard/analysis/complexity_plots/mongo-python-driver_complexity.png

Analyzing project: core
core: 154 monthly commits selected
[core] 1/154 065174d 2013-09-30
Created DB snapshot: core 065174d
[core] 2/154 47d2c04 2013-10-31
Created DB snapshot: core 47d2c04
[core] 3/154 44e1d6d 2013-11-22
Created DB snapshot: core 44e1d6d
[core] 4/154 328b9a8 2013-12-17
Created DB snapshot: core 328b9a8
[core] 5/154 eccf0ff 2014-01-30
Created DB snapshot: core eccf0ff
[core] 6/154 0e97e64 2014-02-14
Created DB snapshot: core 0e97e64
[core] 7/154 90769fc 2014-03-26
Created DB snapshot: core 90769fc
[core] 8/154 50b492c 2014-04-29
Created DB snapshot: core 50b492c
[core] 9/154 e9d1dfa 2014-05-01
Created DB snapshot: core e9d1dfa
[core] 10/154 cb33b3b 2014-06-13
Created DB snapshot: core cb33b3b
[core] 11/154 f24e959 2014-08-14
Created DB snapshot: core f24e959
[core] 12/154 8db1b74 2014-09-27
Created DB snapshot: core 8db1b74
[core] 13/154 86dc0a9 2014-10-31
Created DB snapshot: core 86dc0a9
[core] 14/154 ed150b8 2014-11-30
Created DB snapshot: core ed150b8
[core] 15/154 cd89662 2014-12-16
Created DB snapshot: core cd89662
[core] 16/154 e2f51ef 2015-01-31
Created DB snapshot: sympy 37d3ceb
[sympy] 197/231 4b61a10 2023-10-31
Created DB snapshot: core e2f51ef
[core] 17/154 63bf137 2015-02-28
Created DB snapshot: core 63bf137
[core] 18/154 57b3e80 2015-03-31
Created DB snapshot: core 57b3e80
[core] 19/154 2196f77 2015-04-30
Created DB snapshot: core 2196f77
[core] 20/154 a3cdb66 2015-05-31
Created DB snapshot: core a3cdb66
[core] 21/154 4845c12 2015-06-23
Created DB snapshot: core 4845c12
[core] 22/154 1b3a45a 2015-07-29
Created DB snapshot: core 1b3a45a
[core] 23/154 d4d798d 2015-08-19
Created DB snapshot: core d4d798d
[core] 24/154 047cff6 2015-09-29
Created DB snapshot: core 047cff6
[core] 25/154 218a053 2015-10-30
Created DB snapshot: core 218a053
[core] 26/154 5e2641e 2015-11-30
Created DB snapshot: core 5e2641e
[core] 27/154 4dad40f 2015-12-26
Created DB snapshot: core 4dad40f
[core] 28/154 3f7ff2b 2016-01-27
Created DB snapshot: core 3f7ff2b
[core] 29/154 27aba5c 2016-02-24
Created DB snapshot: core 27aba5c
[core] 30/154 7df8e01 2016-03-31
Created DB snapshot: core 7df8e01
[core] 31/154 069a4b1 2016-04-30
Created DB snapshot: core 069a4b1
[core] 32/154 8887c2a 2016-05-28
Created DB snapshot: core 8887c2a
[core] 33/154 d326d18 2016-06-30
Created DB snapshot: sympy 4b61a10
[sympy] 198/231 b639e48 2023-11-15
Created DB snapshot: core d326d18
[core] 34/154 e7b206d 2016-07-14
Created DB snapshot: core e7b206d
[core] 35/154 5f664ac 2016-08-31
Created DB snapshot: core 5f664ac
[core] 36/154 b8504f8 2016-09-30
Created DB snapshot: core b8504f8
[core] 37/154 e7ffec8 2016-10-30
Created DB snapshot: core e7ffec8
[core] 38/154 bde7176 2016-11-30
Created DB snapshot: core bde7176
[core] 39/154 e89aa6b 2016-12-31
Created DB snapshot: core e89aa6b
[core] 40/154 27a91b3 2017-01-31
Created DB snapshot: sympy b639e48
[sympy] 199/231 b86be89 2023-12-31
Created DB snapshot: core 27a91b3
[core] 41/154 84f30d9 2017-02-28
Created DB snapshot: core 84f30d9
[core] 42/154 ae21fa9 2017-03-31
Created DB snapshot: core ae21fa9
[core] 43/154 1c5eb88 2017-04-29
Created DB snapshot: core 1c5eb88
[core] 44/154 66d6f51 2017-05-31
Created DB snapshot: core 66d6f51
[core] 45/154 d3bc851 2017-06-30
Created DB snapshot: core d3bc851
[core] 46/154 2b59b91 2017-07-31
Created DB snapshot: sympy b86be89
[sympy] 200/231 ac55f67 2024-01-09
Created DB snapshot: core 2b59b91
[core] 47/154 836b528 2017-08-31
Created DB snapshot: core 836b528
[core] 48/154 29c4062 2017-09-30
Created DB snapshot: core 29c4062
[core] 49/154 9eaa057 2017-10-31
Created DB snapshot: core 9eaa057
[core] 50/154 d8003c4 2017-11-30
Created DB snapshot: core d8003c4
[core] 51/154 e0a1b87 2017-12-29
Created DB snapshot: sympy ac55f67
[sympy] 201/231 2e4c77b 2024-02-02
Created DB snapshot: core e0a1b87
[core] 52/154 764343d 2018-01-31
Created DB snapshot: core 764343d
[core] 53/154 7511286 2018-02-28
Created DB snapshot: core 7511286
[core] 54/154 ba836c2 2018-03-30
Created DB snapshot: core ba836c2
[core] 55/154 25f7c31 2018-04-28
Created DB snapshot: sympy 2e4c77b
[sympy] 202/231 ae7d805 2024-03-10
Created DB snapshot: core 25f7c31
[core] 56/154 33990ba 2018-05-04
Created DB snapshot: core 33990ba
[core] 57/154 63b28aa 2018-06-30
Created DB snapshot: core 63b28aa
[core] 58/154 b110a80 2018-07-30
Created DB snapshot: core b110a80
[core] 59/154 d3791fa 2018-08-31
Created DB snapshot: sympy ae7d805
[sympy] 203/231 bd0b3e6 2024-04-30
Created DB snapshot: core d3791fa
[core] 60/154 1ca2e52 2018-09-30
Created DB snapshot: core 1ca2e52
[core] 61/154 94f24e6 2018-10-30
Created DB snapshot: core 94f24e6
[core] 62/154 f6a7905 2018-11-27
Created DB snapshot: sympy bd0b3e6
[sympy] 204/231 9cc52f4 2024-05-28
Created DB snapshot: core f6a7905
[core] 63/154 7be197b 2018-12-17
Created DB snapshot: core 7be197b
[core] 64/154 9e7d735 2019-01-31
Created DB snapshot: core 9e7d735
[core] 65/154 ee4be13 2019-02-28
Created DB snapshot: sympy 9cc52f4
[sympy] 205/231 a238668 2024-06-30
Created DB snapshot: core ee4be13
[core] 66/154 ed9d1e7 2019-03-31
Created DB snapshot: core ed9d1e7
[core] 67/154 38aa7d2 2019-04-30
Created DB snapshot: sympy a238668
[sympy] 206/231 2ff53d4 2024-07-30
Created DB snapshot: core 38aa7d2
[core] 68/154 2858f56 2019-05-30
Created DB snapshot: core 2858f56
[core] 69/154 0dd19ed 2019-06-30
Created DB snapshot: core 0dd19ed
[core] 70/154 7168dd6 2019-07-31
Created DB snapshot: sympy 2ff53d4
[sympy] 207/231 78915a6 2024-08-21
Created DB snapshot: core 7168dd6
[core] 71/154 d1e3fbd 2019-08-31
Created DB snapshot: core d1e3fbd
[core] 72/154 bce4923 2019-09-30
Created DB snapshot: sympy 78915a6
[sympy] 208/231 936ba38 2024-09-10
Created DB snapshot: core bce4923
[core] 73/154 5436134 2019-10-31
Created DB snapshot: core 5436134
[core] 74/154 bde453b 2019-11-30
Created DB snapshot: sympy 936ba38
[sympy] 209/231 df09619 2024-10-17
Created DB snapshot: core bde453b
[core] 75/154 ed6b95f 2019-12-30
Created DB snapshot: core ed6b95f
[core] 76/154 04cb2e9 2020-01-30
Created DB snapshot: sympy df09619
[sympy] 210/231 604d61a 2024-11-28
Created DB snapshot: core 04cb2e9
[core] 77/154 649ec2f 2020-02-28
Created DB snapshot: sympy 604d61a
[sympy] 211/231 c110789 2024-12-31
Created DB snapshot: core 649ec2f
[core] 78/154 0e6aacb 2020-03-31
Created DB snapshot: core 0e6aacb
[core] 79/154 00282da 2020-04-30
Created DB snapshot: sympy c110789
[sympy] 212/231 09eabc0 2025-01-02
Created DB snapshot: core 00282da
[core] 80/154 276f3af 2020-05-31
Created DB snapshot: core 276f3af
[core] 81/154 4ca6433 2020-06-26
Created DB snapshot: sympy 09eabc0
[sympy] 213/231 9f3ee49 2025-02-27
Created DB snapshot: core 4ca6433
[core] 82/154 c4fcd8b 2020-07-29
Created DB snapshot: sympy 9f3ee49
[sympy] 214/231 de4fd6e 2025-03-30
Created DB snapshot: core c4fcd8b
[core] 83/154 a77e09b 2020-08-31
Created DB snapshot: core a77e09b
[core] 84/154 a369285 2020-09-30
Created DB snapshot: sympy de4fd6e
[sympy] 215/231 b9ef432 2025-04-02
Created DB snapshot: core a369285
[core] 85/154 769c5c1 2020-10-31
Created DB snapshot: sympy b9ef432
[sympy] 216/231 5241ece 2025-05-31
Created DB snapshot: core 769c5c1
[core] 86/154 e93b9db 2020-11-30
Created DB snapshot: sympy 5241ece
[sympy] 217/231 c6ca4a7 2025-06-15
Created DB snapshot: core e93b9db
[core] 87/154 88eac0b 2020-12-31
Created DB snapshot: core 88eac0b
[core] 88/154 277aa01 2021-01-31
Created DB snapshot: sympy c6ca4a7
[sympy] 218/231 2bfdd39 2025-07-25
Created DB snapshot: core 277aa01
[core] 89/154 d811553 2021-02-28
Created DB snapshot: sympy 2bfdd39
[sympy] 219/231 2c5f6b2 2025-08-24
Created DB snapshot: core d811553
[core] 90/154 b58d6a6 2021-03-31
Created DB snapshot: sympy 2c5f6b2
[sympy] 220/231 34100f6 2025-09-29
Created DB snapshot: core b58d6a6
[core] 91/154 dabd398 2021-04-29
Created DB snapshot: sympy 34100f6
[sympy] 221/231 3ce68d7 2025-10-29
Created DB snapshot: core dabd398
[core] 92/154 c8655c8 2021-05-31
Created DB snapshot: sympy 3ce68d7
[sympy] 222/231 2eeb0ec 2025-11-20
Created DB snapshot: core c8655c8
[core] 93/154 96998aa 2021-06-30
Created DB snapshot: core 96998aa
[core] 94/154 3f7ddb4 2021-07-31
Created DB snapshot: sympy 2eeb0ec
[sympy] 223/231 b4d02dc 2025-12-22
Created DB snapshot: core 3f7ddb4
[core] 95/154 a315fd0 2021-08-31
Created DB snapshot: sympy b4d02dc
[sympy] 224/231 cb82b00 2026-01-31
Created DB snapshot: core a315fd0
[core] 96/154 3f5725c 2021-09-30
Created DB snapshot: sympy cb82b00
[sympy] 225/231 e7d93a6 2026-02-28
Created DB snapshot: core 3f5725c
[core] 97/154 0a27b0f 2021-10-28
Created DB snapshot: sympy e7d93a6
[sympy] 226/231 18ad2b9 2026-03-09
Created DB snapshot: core 0a27b0f
[core] 98/154 51ebfad 2021-11-30
Created DB snapshot: sympy 18ad2b9
[sympy] 227/231 39e29cd 2026-04-30
Created DB snapshot: core 51ebfad
[core] 99/154 cb89c23 2021-12-27
Created DB snapshot: sympy 39e29cd
[sympy] 228/231 9175a0c 2026-05-31
Created DB snapshot: core cb89c23
[core] 100/154 68651be 2022-01-31
Created DB snapshot: sympy 9175a0c
[sympy] 229/231 6a25ea2 2026-06-30
Created DB snapshot: core 68651be
[core] 101/154 9db56a8 2022-02-27
Created DB snapshot: sympy 6a25ea2
[sympy] 230/231 2af2aca 2026-07-31
Created DB snapshot: core 9db56a8
[core] 102/154 ee06b2a 2022-03-31
Created DB snapshot: sympy 2af2aca
[sympy] 231/231 176792d 2026-08-03
Created DB snapshot: core ee06b2a
[core] 103/154 72eb963 2022-04-28
Created DB snapshot: sympy 176792d
Saved CSV: /Users/chengbin/Developer/tech_debt/dashboard/analysis/complexity_results/sympy_complexity.csv
Saved plot: /Users/chengbin/Developer/tech_debt/dashboard/analysis/complexity_plots/sympy_complexity.png

Analyzing project: pymilvus
pymilvus: 83 monthly commits selected
[pymilvus] 1/83 551f139 2019-06-30
Created DB snapshot: pymilvus 551f139
[pymilvus] 2/83 e1501d3 2019-07-18
Created DB snapshot: pymilvus e1501d3
[pymilvus] 3/83 108731a 2019-08-30
Created DB snapshot: pymilvus 108731a
[pymilvus] 4/83 42b871e 2019-09-28
Created DB snapshot: pymilvus 42b871e
[pymilvus] 5/83 9937c57 2019-10-29
Created DB snapshot: pymilvus 9937c57
[pymilvus] 6/83 a3771f8 2019-11-29
Created DB snapshot: pymilvus a3771f8
[pymilvus] 7/83 3b05a74 2019-12-31
Created DB snapshot: pymilvus 3b05a74
[pymilvus] 8/83 38534e6 2020-01-21
Created DB snapshot: pymilvus 38534e6
[pymilvus] 9/83 943bcca 2020-02-24
Created DB snapshot: pymilvus 943bcca
[pymilvus] 10/83 094ee87 2020-03-29
Created DB snapshot: pymilvus 094ee87
[pymilvus] 11/83 1631277 2020-04-16
Created DB snapshot: pymilvus 1631277
[pymilvus] 12/83 ef2aa4a 2020-05-30
Created DB snapshot: pymilvus ef2aa4a
[pymilvus] 13/83 8fd6d98 2020-06-13
Created DB snapshot: pymilvus 8fd6d98
[pymilvus] 14/83 24582e3 2020-07-20
Created DB snapshot: pymilvus 24582e3
[pymilvus] 15/83 e0f7f97 2020-12-25
Created DB snapshot: pymilvus e0f7f97
[pymilvus] 16/83 49c24b0 2021-01-24
Created DB snapshot: pymilvus 49c24b0
[pymilvus] 17/83 504bbea 2020-09-03
Created DB snapshot: pymilvus 504bbea
[pymilvus] 18/83 be5e66e 2021-02-25
Created DB snapshot: pymilvus be5e66e
[pymilvus] 19/83 d61550c 2021-03-26
Created DB snapshot: pymilvus d61550c
[pymilvus] 20/83 5c1b337 2021-04-30
Created DB snapshot: pymilvus 5c1b337
[pymilvus] 21/83 3c0a0b4 2021-05-31
Created DB snapshot: pymilvus 3c0a0b4
[pymilvus] 22/83 a06d1af 2021-06-30
Created DB snapshot: pymilvus a06d1af
[pymilvus] 23/83 d28cd0e 2021-07-31
Created DB snapshot: pymilvus d28cd0e
[pymilvus] 24/83 92baab4 2021-08-31
Created DB snapshot: pymilvus 92baab4
[pymilvus] 25/83 b4ce07f 2021-09-30
Created DB snapshot: pymilvus b4ce07f
[pymilvus] 26/83 f88ecb2 2021-10-27
Created DB snapshot: pymilvus f88ecb2
[pymilvus] 27/83 290d76f 2021-11-29
Created DB snapshot: pymilvus 290d76f
[pymilvus] 28/83 24abb0e 2021-12-31
Created DB snapshot: pymilvus 24abb0e
[pymilvus] 29/83 30b5525 2022-01-27
Created DB snapshot: core 72eb963
[core] 104/154 9295cc4 2022-05-31
Created DB snapshot: pymilvus 30b5525
[pymilvus] 30/83 3de8650 2022-02-25
Created DB snapshot: pymilvus 3de8650
[pymilvus] 31/83 8e9dde9 2022-03-31
Created DB snapshot: pymilvus 8e9dde9
[pymilvus] 32/83 ce4afe3 2022-04-29
Created DB snapshot: pymilvus ce4afe3
[pymilvus] 33/83 256d100 2022-05-24
Created DB snapshot: pymilvus 256d100
[pymilvus] 34/83 7a45482 2022-06-29
Created DB snapshot: pymilvus 7a45482
[pymilvus] 35/83 c141273 2022-07-29
Created DB snapshot: pymilvus c141273
[pymilvus] 36/83 49b0316 2022-08-23
Created DB snapshot: pymilvus 49b0316
[pymilvus] 37/83 ba1ba5d 2022-09-30
Created DB snapshot: pymilvus ba1ba5d
[pymilvus] 38/83 be7b87d 2022-10-31
Created DB snapshot: pymilvus be7b87d
[pymilvus] 39/83 288d860 2022-11-24
Created DB snapshot: pymilvus 288d860
[pymilvus] 40/83 741ef09 2022-12-12
Created DB snapshot: pymilvus 741ef09
[pymilvus] 41/83 bfa7013 2023-01-30
Created DB snapshot: pymilvus bfa7013
[pymilvus] 42/83 43c26e8 2023-02-24
Created DB snapshot: pymilvus 43c26e8
[pymilvus] 43/83 426991d 2023-03-29
Created DB snapshot: pymilvus 426991d
[pymilvus] 44/83 673167c 2023-04-27
Created DB snapshot: pymilvus 673167c
[pymilvus] 45/83 417648a 2023-05-31
Created DB snapshot: pymilvus 417648a
[pymilvus] 46/83 2d9884e 2023-06-30
Created DB snapshot: pymilvus 2d9884e
[pymilvus] 47/83 597f355 2023-07-31
Created DB snapshot: pymilvus 597f355
[pymilvus] 48/83 ea9328d 2023-08-23
Created DB snapshot: pymilvus ea9328d
[pymilvus] 49/83 5634908 2023-09-26
Created DB snapshot: pymilvus 5634908
[pymilvus] 50/83 6344a18 2023-10-31
Created DB snapshot: pymilvus 6344a18
[pymilvus] 51/83 d58447a 2023-11-29
Created DB snapshot: pymilvus d58447a
[pymilvus] 52/83 b86e002 2023-12-28
Created DB snapshot: pymilvus b86e002
[pymilvus] 53/83 4858eee 2024-01-30
Created DB snapshot: pymilvus 4858eee
[pymilvus] 54/83 bfdf7d0 2024-02-26
Created DB snapshot: pymilvus bfdf7d0
[pymilvus] 55/83 b9a10c9 2024-03-22
Created DB snapshot: pymilvus b9a10c9
[pymilvus] 56/83 f2fac2b 2024-04-29
Created DB snapshot: pymilvus f2fac2b
[pymilvus] 57/83 02fa0f8 2024-05-27
Created DB snapshot: pymilvus 02fa0f8
[pymilvus] 58/83 99ad63e 2024-06-27
Created DB snapshot: pymilvus 99ad63e
[pymilvus] 59/83 9f3214c 2024-07-26
Created DB snapshot: pymilvus 9f3214c
[pymilvus] 60/83 560adde 2024-08-30
Created DB snapshot: pymilvus 560adde
[pymilvus] 61/83 da51ba1 2024-09-23
Created DB snapshot: pymilvus da51ba1
[pymilvus] 62/83 3ee9e10 2024-10-29
Created DB snapshot: pymilvus 3ee9e10
[pymilvus] 63/83 053c568 2024-11-28
Created DB snapshot: pymilvus 053c568
[pymilvus] 64/83 e398893 2024-12-31
Created DB snapshot: core 9295cc4
[core] 105/154 78e5296 2022-06-30
Created DB snapshot: pymilvus e398893
[pymilvus] 65/83 c5a3c18 2025-01-24
Created DB snapshot: pymilvus c5a3c18
[pymilvus] 66/83 af2f6df 2025-02-24
Created DB snapshot: pymilvus af2f6df
[pymilvus] 67/83 b446715 2025-03-28
Created DB snapshot: pymilvus b446715
[pymilvus] 68/83 3d865f2 2025-04-29
Created DB snapshot: pymilvus 3d865f2
[pymilvus] 69/83 b613ef6 2025-05-30
Created DB snapshot: pymilvus b613ef6
[pymilvus] 70/83 56ff408 2025-06-30
Created DB snapshot: pymilvus 56ff408
[pymilvus] 71/83 9f44053 2025-07-31
Created DB snapshot: pymilvus 9f44053
[pymilvus] 72/83 ffe7220 2025-08-18
Created DB snapshot: pymilvus ffe7220
[pymilvus] 73/83 43f0447 2025-09-30
Created DB snapshot: pymilvus 43f0447
[pymilvus] 74/83 dba21a0 2025-10-24
Created DB snapshot: pymilvus dba21a0
[pymilvus] 75/83 67a8987 2025-11-28
Created DB snapshot: pymilvus 67a8987
[pymilvus] 76/83 d2cf53c 2025-12-29
Created DB snapshot: pymilvus d2cf53c
[pymilvus] 77/83 f90b685 2026-01-29
Created DB snapshot: pymilvus f90b685
[pymilvus] 78/83 5147d51 2026-02-25
Created DB snapshot: pymilvus 5147d51
[pymilvus] 79/83 f9ec87c 2026-03-26
Created DB snapshot: pymilvus f9ec87c
[pymilvus] 80/83 b69a298 2026-04-30
Created DB snapshot: pymilvus b69a298
[pymilvus] 81/83 837b03a 2026-05-29
Created DB snapshot: pymilvus 837b03a
[pymilvus] 82/83 68b4479 2026-06-28
Created DB snapshot: pymilvus 68b4479
[pymilvus] 83/83 08f7e10 2026-07-31
Created DB snapshot: core 78e5296
[core] 106/154 0167875 2022-07-31
Created DB snapshot: pymilvus 08f7e10
Saved CSV: /Users/chengbin/Developer/tech_debt/dashboard/analysis/complexity_results/pymilvus_complexity.csv
Saved plot: /Users/chengbin/Developer/tech_debt/dashboard/analysis/complexity_plots/pymilvus_complexity.png

Analyzing project: shuup
shuup: 75 monthly commits selected
[shuup] 1/75 7f4e119 2015-06-12
Created DB snapshot: shuup 7f4e119
[shuup] 2/75 7013841 2015-07-31
Created DB snapshot: shuup 7013841
[shuup] 3/75 9e97d5c 2015-08-12
Created DB snapshot: shuup 9e97d5c
[shuup] 4/75 4a34dc5 2015-09-30
Created DB snapshot: shuup 4a34dc5
[shuup] 5/75 fe2d84e 2015-10-21
Created DB snapshot: shuup fe2d84e
[shuup] 6/75 e28b15e 2015-11-11
Created DB snapshot: shuup e28b15e
[shuup] 7/75 e3b8c8f 2015-12-07
Created DB snapshot: shuup e3b8c8f
[shuup] 8/75 ff51e96 2016-01-28
Created DB snapshot: shuup ff51e96
[shuup] 9/75 cdd0829 2016-02-17
Created DB snapshot: shuup cdd0829
[shuup] 10/75 de2a518 2016-03-31
Created DB snapshot: shuup de2a518
[shuup] 11/75 796a3be 2016-04-29
Created DB snapshot: shuup 796a3be
[shuup] 12/75 f178818 2016-05-31
Created DB snapshot: shuup f178818
[shuup] 13/75 088b04f 2016-06-30
Created DB snapshot: core 0167875
[core] 107/154 5f44111 2022-08-31
Created DB snapshot: shuup 088b04f
[shuup] 14/75 2779fa5 2016-07-29
Created DB snapshot: shuup 2779fa5
[shuup] 15/75 f7d7040 2016-08-30
Created DB snapshot: shuup f7d7040
[shuup] 16/75 a123f9a 2016-09-26
Created DB snapshot: shuup a123f9a
[shuup] 17/75 bfe1c46 2016-10-31
Created DB snapshot: shuup bfe1c46
[shuup] 18/75 ccfa7b2 2016-11-21
Created DB snapshot: shuup ccfa7b2
[shuup] 19/75 91b7028 2016-12-30
Created DB snapshot: shuup 91b7028
[shuup] 20/75 c9fa1c0 2017-01-31
Created DB snapshot: shuup c9fa1c0
[shuup] 21/75 55a115e 2017-02-22
Created DB snapshot: core 5f44111
[core] 108/154 2a45738 2022-09-30
Created DB snapshot: shuup 55a115e
[shuup] 22/75 5da7938 2017-03-30
Created DB snapshot: shuup 5da7938
[shuup] 23/75 5330171 2017-04-19
Created DB snapshot: shuup 5330171
[shuup] 24/75 f58aeaa 2017-05-25
Created DB snapshot: shuup f58aeaa
[shuup] 25/75 91982b2 2017-06-23
Created DB snapshot: shuup 91982b2
[shuup] 26/75 d8b2c3f 2017-07-19
Created DB snapshot: shuup d8b2c3f
[shuup] 27/75 72e07db 2017-08-09
Created DB snapshot: shuup 72e07db
[shuup] 28/75 87a80ed 2017-09-29
Created DB snapshot: core 2a45738
[core] 109/154 4684101 2022-10-28
Created DB snapshot: shuup 87a80ed
[shuup] 29/75 272972a 2017-10-04
Created DB snapshot: shuup 272972a
[shuup] 30/75 156f681 2017-11-30
Created DB snapshot: shuup 156f681
[shuup] 31/75 5ae199f 2017-12-27
Created DB snapshot: shuup 5ae199f
[shuup] 32/75 5a9a069 2018-01-17
Created DB snapshot: shuup 5a9a069
[shuup] 33/75 8acf433 2018-02-26
Created DB snapshot: shuup 8acf433
[shuup] 34/75 825c7b8 2018-03-10
Created DB snapshot: core 4684101
[core] 110/154 8807251 2022-11-30
Created DB snapshot: shuup 825c7b8
[shuup] 35/75 e4abd52 2018-04-27
Created DB snapshot: shuup e4abd52
[shuup] 36/75 8856bb9 2018-05-22
Created DB snapshot: shuup 8856bb9
[shuup] 37/75 3237bf7 2018-06-29
Created DB snapshot: shuup 3237bf7
[shuup] 38/75 33249c4 2018-07-25
Created DB snapshot: shuup 33249c4
[shuup] 39/75 934715b 2018-08-23
Created DB snapshot: shuup 934715b
[shuup] 40/75 7bb8ae1 2018-09-28
Created DB snapshot: core 8807251
[core] 111/154 856f682 2022-12-28
Created DB snapshot: shuup 7bb8ae1
[shuup] 41/75 f19594e 2018-10-28
Created DB snapshot: shuup f19594e
[shuup] 42/75 30c927a 2018-11-29
Created DB snapshot: shuup 30c927a
[shuup] 43/75 e2b6f11 2018-12-30
Created DB snapshot: shuup e2b6f11
[shuup] 44/75 46193bb 2019-01-28
Created DB snapshot: shuup 46193bb
[shuup] 45/75 9c7bb57 2019-02-28
Created DB snapshot: core 856f682
[core] 112/154 aacd8e0 2023-01-29
Created DB snapshot: shuup 9c7bb57
[shuup] 46/75 c27e69b 2019-03-30
Created DB snapshot: shuup c27e69b
[shuup] 47/75 51f4ee8 2019-04-14
Created DB snapshot: shuup 51f4ee8
[shuup] 48/75 e5cb506 2019-05-12
Created DB snapshot: shuup e5cb506
[shuup] 49/75 9006434 2019-06-12
Created DB snapshot: shuup 9006434
[shuup] 50/75 eb2e196 2019-07-30
Created DB snapshot: shuup eb2e196
[shuup] 51/75 225dd38 2019-08-31
Created DB snapshot: core aacd8e0
[core] 113/154 243725e 2023-02-27
Created DB snapshot: shuup 225dd38
[shuup] 52/75 90f6678 2019-09-30
Created DB snapshot: shuup 90f6678
[shuup] 53/75 eb1059c 2019-10-29
Created DB snapshot: shuup eb1059c
[shuup] 54/75 c4fa9ca 2019-11-17
Created DB snapshot: shuup c4fa9ca
[shuup] 55/75 2b6611d 2019-12-30
Created DB snapshot: shuup 2b6611d
[shuup] 56/75 3f7a304 2020-01-30
Created DB snapshot: core 243725e
[core] 114/154 5e903e0 2023-03-31
Created DB snapshot: shuup 3f7a304
[shuup] 57/75 92101eb 2020-02-27
Created DB snapshot: shuup 92101eb
[shuup] 58/75 429b0dc 2020-03-05
Created DB snapshot: shuup 429b0dc
[shuup] 59/75 eef9b6c 2020-04-15
Created DB snapshot: shuup eef9b6c
[shuup] 60/75 1eb3a61 2020-05-21
Created DB snapshot: shuup 1eb3a61
[shuup] 61/75 113273e 2020-06-30
Created DB snapshot: core 5e903e0
[core] 115/154 030b7f8 2023-04-30
Created DB snapshot: shuup 113273e
[shuup] 62/75 c7da169 2020-07-24
Created DB snapshot: shuup c7da169
[shuup] 63/75 6464b85 2020-08-28
Created DB snapshot: shuup 6464b85
[shuup] 64/75 da33e3f 2020-09-30
Created DB snapshot: shuup da33e3f
[shuup] 65/75 641c382 2020-10-26
Created DB snapshot: shuup 641c382
[shuup] 66/75 11c7045 2020-11-26
Created DB snapshot: core 030b7f8
[core] 116/154 65a9bd6 2023-05-31
Created DB snapshot: shuup 11c7045
[shuup] 67/75 254cc02 2020-12-31
Created DB snapshot: shuup 254cc02
[shuup] 68/75 b60bff2 2021-01-28
Created DB snapshot: shuup b60bff2
[shuup] 69/75 7965020 2021-02-26
Created DB snapshot: shuup 7965020
[shuup] 70/75 c9ecab3 2021-03-31
Created DB snapshot: core 65a9bd6
[core] 117/154 e4e5ecf 2023-06-30
Created DB snapshot: shuup c9ecab3
[shuup] 71/75 7b0443c 2021-04-25
Created DB snapshot: shuup 7b0443c
[shuup] 72/75 031ee25 2021-05-31
Created DB snapshot: shuup 031ee25
[shuup] 73/75 b4ac2fd 2021-06-30
Created DB snapshot: shuup b4ac2fd
[shuup] 74/75 a7c0bab 2021-07-30
Created DB snapshot: shuup a7c0bab
[shuup] 75/75 25f78cf 2021-08-18
Created DB snapshot: core e4e5ecf
[core] 118/154 5283afc 2023-07-30
Created DB snapshot: shuup 25f78cf
Saved CSV: /Users/chengbin/Developer/tech_debt/dashboard/analysis/complexity_results/shuup_complexity.csv
Saved plot: /Users/chengbin/Developer/tech_debt/dashboard/analysis/complexity_plots/shuup_complexity.png

Analyzing project: django-simple-history
django-simple-history: 150 monthly commits selected
[django-simple-history] 1/150 dddc3e4 2010-02-21
Created DB snapshot: django-simple-history dddc3e4
[django-simple-history] 2/150 71ce997 2010-10-25
Created DB snapshot: django-simple-history 71ce997
[django-simple-history] 3/150 97cab17 2010-12-02
Created DB snapshot: django-simple-history 97cab17
[django-simple-history] 4/150 897332b 2011-03-11
Created DB snapshot: django-simple-history 897332b
[django-simple-history] 5/150 cb31683 2011-07-02
Created DB snapshot: django-simple-history cb31683
[django-simple-history] 6/150 8a177e0 2011-08-03
Created DB snapshot: django-simple-history 8a177e0
[django-simple-history] 7/150 ea47977 2011-09-02
Created DB snapshot: django-simple-history ea47977
[django-simple-history] 8/150 f43d160 2011-10-13
Created DB snapshot: django-simple-history f43d160
[django-simple-history] 9/150 0fd9b8e 2011-11-04
Created DB snapshot: django-simple-history 0fd9b8e
[django-simple-history] 10/150 48a4e72 2011-12-06
Created DB snapshot: django-simple-history 48a4e72
[django-simple-history] 11/150 49e8889 2012-02-26
Created DB snapshot: django-simple-history 49e8889
[django-simple-history] 12/150 574e2ef 2012-05-15
Created DB snapshot: django-simple-history 574e2ef
[django-simple-history] 13/150 48ca909 2012-08-29
Created DB snapshot: django-simple-history 48ca909
[django-simple-history] 14/150 b887b55 2012-11-29
Created DB snapshot: django-simple-history b887b55
[django-simple-history] 15/150 a87f970 2012-12-02
Created DB snapshot: django-simple-history a87f970
[django-simple-history] 16/150 e12135f 2013-04-23
Created DB snapshot: django-simple-history e12135f
[django-simple-history] 17/150 73b863d 2013-05-25
Created DB snapshot: django-simple-history 73b863d
[django-simple-history] 18/150 61613af 2013-06-17
Created DB snapshot: django-simple-history 61613af
[django-simple-history] 19/150 ddadd9a 2013-07-25
Created DB snapshot: django-simple-history ddadd9a
[django-simple-history] 20/150 866ef4b 2013-08-27
Created DB snapshot: django-simple-history 866ef4b
[django-simple-history] 21/150 68435f8 2013-09-26
Created DB snapshot: django-simple-history 68435f8
[django-simple-history] 22/150 17fc104 2013-11-11
Created DB snapshot: django-simple-history 17fc104
[django-simple-history] 23/150 d7600e4 2014-01-20
Created DB snapshot: django-simple-history d7600e4
[django-simple-history] 24/150 19a7033 2014-02-06
Created DB snapshot: django-simple-history 19a7033
[django-simple-history] 25/150 71c18c9 2014-03-28
Created DB snapshot: django-simple-history 71c18c9
[django-simple-history] 26/150 2df6522 2014-04-19
Created DB snapshot: django-simple-history 2df6522
[django-simple-history] 27/150 703e985 2014-06-29
Created DB snapshot: django-simple-history 703e985
[django-simple-history] 28/150 dff287b 2014-07-31
Created DB snapshot: django-simple-history dff287b
[django-simple-history] 29/150 f7c1c66 2014-08-21
Created DB snapshot: django-simple-history f7c1c66
[django-simple-history] 30/150 0001c47 2014-09-09
Created DB snapshot: django-simple-history 0001c47
[django-simple-history] 31/150 f37a960 2014-10-30
Created DB snapshot: django-simple-history f37a960
[django-simple-history] 32/150 158ee65 2014-11-22
Created DB snapshot: django-simple-history 158ee65
[django-simple-history] 33/150 634040f 2014-12-30
Created DB snapshot: django-simple-history 634040f
[django-simple-history] 34/150 6fd1b65 2015-01-01
Created DB snapshot: django-simple-history 6fd1b65
[django-simple-history] 35/150 38792a7 2015-02-08
Created DB snapshot: django-simple-history 38792a7
[django-simple-history] 36/150 6645b5a 2015-03-28
Created DB snapshot: django-simple-history 6645b5a
[django-simple-history] 37/150 3d56042 2015-04-28
Created DB snapshot: django-simple-history 3d56042
[django-simple-history] 38/150 9f03dae 2015-05-03
Created DB snapshot: django-simple-history 9f03dae
[django-simple-history] 39/150 d8756cd 2015-06-29
Created DB snapshot: django-simple-history d8756cd
[django-simple-history] 40/150 6e09bdc 2015-07-30
Created DB snapshot: django-simple-history 6e09bdc
[django-simple-history] 41/150 7522cb9 2015-10-28
Created DB snapshot: django-simple-history 7522cb9
[django-simple-history] 42/150 fa04a3a 2015-11-29
Created DB snapshot: django-simple-history fa04a3a
[django-simple-history] 43/150 d6ce5c9 2015-12-30
Created DB snapshot: django-simple-history d6ce5c9
[django-simple-history] 44/150 18866a5 2016-02-02
Created DB snapshot: django-simple-history 18866a5
[django-simple-history] 45/150 ded4d68 2016-03-19
Created DB snapshot: django-simple-history ded4d68
[django-simple-history] 46/150 f749710 2016-05-08
Created DB snapshot: django-simple-history f749710
[django-simple-history] 47/150 695b658 2016-06-26
Created DB snapshot: django-simple-history 695b658
[django-simple-history] 48/150 6580dde 2016-07-09
Created DB snapshot: django-simple-history 6580dde
[django-simple-history] 49/150 45ddf14 2016-08-01
Created DB snapshot: django-simple-history 45ddf14
[django-simple-history] 50/150 a857d58 2016-09-17
Created DB snapshot: django-simple-history a857d58
[django-simple-history] 51/150 a2e9d65 2016-10-13
Created DB snapshot: django-simple-history a2e9d65
[django-simple-history] 52/150 ce43577 2017-01-03
Created DB snapshot: django-simple-history ce43577
[django-simple-history] 53/150 008b6e9 2017-03-04
Created DB snapshot: django-simple-history 008b6e9
[django-simple-history] 54/150 02ff04d 2017-04-15
Created DB snapshot: django-simple-history 02ff04d
[django-simple-history] 55/150 dcafcf7 2017-05-03
Created DB snapshot: django-simple-history dcafcf7
[django-simple-history] 56/150 ee2970e 2017-06-21
Created DB snapshot: django-simple-history ee2970e
[django-simple-history] 57/150 4bac595 2017-07-18
Created DB snapshot: django-simple-history 4bac595
[django-simple-history] 58/150 88e543c 2017-09-24
Created DB snapshot: django-simple-history 88e543c
[django-simple-history] 59/150 9333e2d 2017-10-26
Created DB snapshot: django-simple-history 9333e2d
[django-simple-history] 60/150 35febc3 2017-11-24
Created DB snapshot: django-simple-history 35febc3
[django-simple-history] 61/150 afc2166 2017-12-18
Created DB snapshot: django-simple-history afc2166
[django-simple-history] 62/150 df53d9d 2018-03-30
Created DB snapshot: django-simple-history df53d9d
[django-simple-history] 63/150 1af548b 2018-04-24
Created DB snapshot: django-simple-history 1af548b
[django-simple-history] 64/150 84f5e2a 2018-05-31
Created DB snapshot: django-simple-history 84f5e2a
[django-simple-history] 65/150 2d26d51 2018-06-23
Created DB snapshot: django-simple-history 2d26d51
[django-simple-history] 66/150 8de29b4 2018-07-30
Created DB snapshot: django-simple-history 8de29b4
[django-simple-history] 67/150 20bdd25 2018-08-28
Created DB snapshot: django-simple-history 20bdd25
[django-simple-history] 68/150 2ee12d9 2018-09-28
Created DB snapshot: django-simple-history 2ee12d9
[django-simple-history] 69/150 3183611 2018-10-31
Created DB snapshot: django-simple-history 3183611
[django-simple-history] 70/150 9e95fd8 2018-11-28
Created DB snapshot: django-simple-history 9e95fd8
[django-simple-history] 71/150 65785a0 2018-12-25
Created DB snapshot: django-simple-history 65785a0
[django-simple-history] 72/150 11fa04a 2019-01-24
Created DB snapshot: django-simple-history 11fa04a
[django-simple-history] 73/150 2e7d9d3 2019-02-06
Created DB snapshot: django-simple-history 2e7d9d3
[django-simple-history] 74/150 85758ec 2019-04-29
Created DB snapshot: django-simple-history 85758ec
[django-simple-history] 75/150 5bd8687 2019-05-22
Created DB snapshot: django-simple-history 5bd8687
[django-simple-history] 76/150 5ed9df8 2019-07-26
Created DB snapshot: django-simple-history 5ed9df8
[django-simple-history] 77/150 dcc695e 2019-08-19
Created DB snapshot: django-simple-history dcc695e
[django-simple-history] 78/150 467834f 2019-09-25
Created DB snapshot: django-simple-history 467834f
[django-simple-history] 79/150 f3d7afe 2019-10-10
Created DB snapshot: django-simple-history f3d7afe
[django-simple-history] 80/150 e61cbaa 2019-11-20
Created DB snapshot: django-simple-history e61cbaa
[django-simple-history] 81/150 0700691 2019-12-19
Created DB snapshot: django-simple-history 0700691
[django-simple-history] 82/150 4648ebf 2020-02-17
Created DB snapshot: django-simple-history 4648ebf
[django-simple-history] 83/150 8bcf4c4 2020-03-10
Created DB snapshot: django-simple-history 8bcf4c4
[django-simple-history] 84/150 d19b52f 2020-04-27
Created DB snapshot: django-simple-history d19b52f
[django-simple-history] 85/150 508e609 2020-05-25
Created DB snapshot: django-simple-history 508e609
[django-simple-history] 86/150 5ac5aca 2020-06-20
Created DB snapshot: core 5283afc
[core] 119/154 50c34ab 2023-08-30
Created DB snapshot: django-simple-history 5ac5aca
[django-simple-history] 87/150 88a2488 2020-08-28
Created DB snapshot: django-simple-history 88a2488
[django-simple-history] 88/150 ba60b0b 2020-09-23
Created DB snapshot: django-simple-history ba60b0b
[django-simple-history] 89/150 71a2ebc 2020-10-30
Created DB snapshot: django-simple-history 71a2ebc
[django-simple-history] 90/150 7046eec 2020-11-25
Created DB snapshot: django-simple-history 7046eec
[django-simple-history] 91/150 faed6d5 2020-12-25
Created DB snapshot: django-simple-history faed6d5
[django-simple-history] 92/150 bc210ac 2021-01-12
Created DB snapshot: django-simple-history bc210ac
[django-simple-history] 93/150 d3bd356 2021-02-20
Created DB snapshot: django-simple-history d3bd356
[django-simple-history] 94/150 418716e 2021-03-15
Created DB snapshot: django-simple-history 418716e
[django-simple-history] 95/150 df66df4 2021-04-16
Created DB snapshot: django-simple-history df66df4
[django-simple-history] 96/150 666b6a6 2021-05-31
Created DB snapshot: django-simple-history 666b6a6
[django-simple-history] 97/150 bcc92d0 2021-06-30
Created DB snapshot: django-simple-history bcc92d0
[django-simple-history] 98/150 9dd8607 2021-07-29
Created DB snapshot: django-simple-history 9dd8607
[django-simple-history] 99/150 f97c5e0 2021-08-26
Created DB snapshot: django-simple-history f97c5e0
[django-simple-history] 100/150 d8dc4d2 2021-09-13
Created DB snapshot: django-simple-history d8dc4d2
[django-simple-history] 101/150 2258b3c 2021-10-27
Created DB snapshot: django-simple-history 2258b3c
[django-simple-history] 102/150 281d869 2021-11-25
Created DB snapshot: django-simple-history 281d869
[django-simple-history] 103/150 91c72c5 2021-12-20
Created DB snapshot: django-simple-history 91c72c5
[django-simple-history] 104/150 5816334 2022-01-31
Created DB snapshot: django-simple-history 5816334
[django-simple-history] 105/150 ab6c6e3 2022-02-21
Created DB snapshot: django-simple-history ab6c6e3
[django-simple-history] 106/150 b6c473e 2022-03-29
Created DB snapshot: django-simple-history b6c473e
[django-simple-history] 107/150 106266f 2022-04-29
Created DB snapshot: django-simple-history 106266f
[django-simple-history] 108/150 a947655 2022-05-06
Created DB snapshot: django-simple-history a947655
[django-simple-history] 109/150 4fd3ac7 2022-06-23
Created DB snapshot: django-simple-history 4fd3ac7
[django-simple-history] 110/150 a8c08b7 2022-07-08
Created DB snapshot: django-simple-history a8c08b7
[django-simple-history] 111/150 529dbe2 2022-08-25
Created DB snapshot: django-simple-history 529dbe2
[django-simple-history] 112/150 f13f3b4 2022-09-19
Created DB snapshot: django-simple-history f13f3b4
[django-simple-history] 113/150 6d09c3e 2022-10-28
Created DB snapshot: django-simple-history 6d09c3e
[django-simple-history] 114/150 3fa927d 2022-11-25
Created DB snapshot: django-simple-history 3fa927d
[django-simple-history] 115/150 3e95ea7 2022-12-23
Created DB snapshot: django-simple-history 3e95ea7
[django-simple-history] 116/150 44f687e 2023-01-26
Created DB snapshot: django-simple-history 44f687e
[django-simple-history] 117/150 9e64b31 2023-02-27
Created DB snapshot: django-simple-history 9e64b31
[django-simple-history] 118/150 e77fbcf 2023-03-31
Created DB snapshot: django-simple-history e77fbcf
[django-simple-history] 119/150 b5eadd5 2023-04-26
Created DB snapshot: django-simple-history b5eadd5
[django-simple-history] 120/150 0a6f1e6 2023-05-31
Created DB snapshot: django-simple-history 0a6f1e6
[django-simple-history] 121/150 705a2e1 2023-06-08
Created DB snapshot: django-simple-history 705a2e1
[django-simple-history] 122/150 8a6d71a 2023-07-31
Created DB snapshot: django-simple-history 8a6d71a
[django-simple-history] 123/150 4c66351 2023-08-31
Created DB snapshot: django-simple-history 4c66351
[django-simple-history] 124/150 da87859 2023-09-28
Created DB snapshot: django-simple-history da87859
[django-simple-history] 125/150 a6cdeed 2023-10-03
Created DB snapshot: django-simple-history a6cdeed
[django-simple-history] 126/150 aee3e1c 2023-12-22
Created DB snapshot: django-simple-history aee3e1c
[django-simple-history] 127/150 a5439d2 2024-02-29
Created DB snapshot: django-simple-history a5439d2
[django-simple-history] 128/150 04eefad 2024-03-20
Created DB snapshot: django-simple-history 04eefad
[django-simple-history] 129/150 2a2bec9 2024-05-29
Created DB snapshot: django-simple-history 2a2bec9
[django-simple-history] 130/150 58fd88b 2024-06-17
Created DB snapshot: django-simple-history 58fd88b
[django-simple-history] 131/150 d8cf0b8 2024-07-22
Created DB snapshot: django-simple-history d8cf0b8
[django-simple-history] 132/150 e5c00ab 2024-09-16
Created DB snapshot: django-simple-history e5c00ab
[django-simple-history] 133/150 7cd4647 2024-11-28
Created DB snapshot: django-simple-history 7cd4647
[django-simple-history] 134/150 b890718 2024-10-04
Created DB snapshot: django-simple-history b890718
[django-simple-history] 135/150 e26e399 2024-12-10
Created DB snapshot: django-simple-history e26e399
[django-simple-history] 136/150 55850c2 2025-01-27
Created DB snapshot: django-simple-history 55850c2
[django-simple-history] 137/150 b9199a7 2025-02-16
Created DB snapshot: django-simple-history b9199a7
[django-simple-history] 138/150 d87408d 2025-03-14
Created DB snapshot: django-simple-history d87408d
[django-simple-history] 139/150 626ece4 2025-04-16
Created DB snapshot: django-simple-history 626ece4
[django-simple-history] 140/150 8bb6175 2025-05-17
Created DB snapshot: django-simple-history 8bb6175
[django-simple-history] 141/150 3d5dc30 2025-06-23
Created DB snapshot: django-simple-history 3d5dc30
[django-simple-history] 142/150 5e500f3 2025-08-12
Created DB snapshot: django-simple-history 5e500f3
[django-simple-history] 143/150 135c2df 2025-09-24
Created DB snapshot: django-simple-history 135c2df
[django-simple-history] 144/150 ec39913 2025-10-23
Created DB snapshot: django-simple-history ec39913
[django-simple-history] 145/150 15196be 2025-11-10
Created DB snapshot: django-simple-history 15196be
[django-simple-history] 146/150 afae094 2025-12-16
Created DB snapshot: django-simple-history afae094
[django-simple-history] 147/150 5f1d70b 2026-03-13
Created DB snapshot: core 50c34ab
[core] 120/154 63b5ba6 2023-09-28
Created DB snapshot: django-simple-history 5f1d70b
[django-simple-history] 148/150 d6d3455 2026-04-17
Created DB snapshot: django-simple-history d6d3455
[django-simple-history] 149/150 1620375 2026-06-22
Created DB snapshot: django-simple-history 1620375
[django-simple-history] 150/150 723260f 2026-07-22
Created DB snapshot: django-simple-history 723260f
Saved CSV: /Users/chengbin/Developer/tech_debt/dashboard/analysis/complexity_results/django-simple-history_complexity.csv
Saved plot: /Users/chengbin/Developer/tech_debt/dashboard/analysis/complexity_plots/django-simple-history_complexity.png

Analyzing project: healthchecks
healthchecks: 2 monthly commits selected
[healthchecks] 1/2 fb4bf16 2026-06-27
Created DB snapshot: healthchecks fb4bf16
[healthchecks] 2/2 5086d28 2026-07-31
Created DB snapshot: healthchecks 5086d28
Saved CSV: /Users/chengbin/Developer/tech_debt/dashboard/analysis/complexity_results/healthchecks_complexity.csv
Saved plot: /Users/chengbin/Developer/tech_debt/dashboard/analysis/complexity_plots/healthchecks_complexity.png

Analyzing project: pytest
pytest: 233 monthly commits selected
[pytest] 1/233 661d984 2007-01-31
Created DB snapshot: pytest 661d984
[pytest] 2/233 2cd886f 2007-02-23
Created DB snapshot: pytest 2cd886f
[pytest] 3/233 1e7bb8c 2007-03-29
Created DB snapshot: pytest 1e7bb8c
[pytest] 4/233 e49f017 2007-04-23
Created DB snapshot: pytest e49f017
[pytest] 5/233 29e19de 2007-05-23
Created DB snapshot: pytest 29e19de
[pytest] 6/233 bdfb5ea 2007-06-14
Created DB snapshot: pytest bdfb5ea
[pytest] 7/233 8cbb415 2007-07-24
Created DB snapshot: pytest 8cbb415
[pytest] 8/233 28c5aae 2007-08-27
Created DB snapshot: pytest 28c5aae
[pytest] 9/233 1e67da1 2007-09-21
Created DB snapshot: pytest 1e67da1
[pytest] 10/233 b97ff86 2007-10-19
Created DB snapshot: pytest b97ff86
[pytest] 11/233 de0879d 2007-11-06
Created DB snapshot: pytest de0879d
[pytest] 12/233 c5f6b43 2007-12-21
Created DB snapshot: pytest c5f6b43
[pytest] 13/233 24e2d79 2008-01-30
Created DB snapshot: pytest 24e2d79
[pytest] 14/233 f3f84fa 2008-02-08
Created DB snapshot: core 63b5ba6
[core] 121/154 d019045 2023-10-26
Created DB snapshot: pytest f3f84fa
[pytest] 15/233 a700c26 2008-03-18
Created DB snapshot: pytest a700c26
[pytest] 16/233 671f6a4 2008-05-21
Created DB snapshot: pytest 671f6a4
[pytest] 17/233 4549e18 2008-07-29
Created DB snapshot: pytest 4549e18
[pytest] 18/233 d9f3c86 2008-08-29
Created DB snapshot: pytest d9f3c86
[pytest] 19/233 a80bfae 2008-09-23
Created DB snapshot: pytest a80bfae
[pytest] 20/233 03f51e5 2008-10-28
Created DB snapshot: pytest 03f51e5
[pytest] 21/233 6ec13a2 2008-11-25
Created DB snapshot: pytest 6ec13a2
[pytest] 22/233 6863f54 2008-12-02
Created DB snapshot: pytest 6863f54
[pytest] 23/233 1dc8555 2009-01-24
Created DB snapshot: pytest 1dc8555
[pytest] 24/233 3561d2e 2009-02-27
Created DB snapshot: pytest 3561d2e
[pytest] 25/233 4223f18 2009-03-31
Created DB snapshot: pytest 4223f18
[pytest] 26/233 170e48d 2009-04-28
Created DB snapshot: pytest 170e48d
[pytest] 27/233 78bae2d 2009-05-25
Created DB snapshot: pytest 78bae2d
[pytest] 28/233 d056149 2009-06-30
Created DB snapshot: pytest d056149
[pytest] 29/233 cd5a89b 2009-07-31
Created DB snapshot: pytest cd5a89b
[pytest] 30/233 54709bc 2009-08-31
Created DB snapshot: pytest 54709bc
[pytest] 31/233 496e3b1 2009-09-30
Created DB snapshot: pytest 496e3b1
[pytest] 32/233 6a82cdb 2009-10-29
Created DB snapshot: pytest 6a82cdb
[pytest] 33/233 56c1391 2009-11-27
Created DB snapshot: core d019045
[core] 122/154 db6b804 2023-11-29
Created DB snapshot: pytest 56c1391
[pytest] 34/233 b62978a 2009-12-31
Created DB snapshot: pytest b62978a
[pytest] 35/233 9d64d7e 2010-01-28
Created DB snapshot: pytest 9d64d7e
[pytest] 36/233 c75d0fa 2010-02-10
Created DB snapshot: pytest c75d0fa
[pytest] 37/233 d994c51 2010-03-09
Created DB snapshot: pytest d994c51
[pytest] 38/233 b8247bc 2010-04-30
Created DB snapshot: pytest b8247bc
[pytest] 39/233 75d80ca 2010-05-31
Created DB snapshot: pytest 75d80ca
[pytest] 40/233 b8db15a 2010-06-28
Created DB snapshot: pytest b8db15a
[pytest] 41/233 782430c 2010-07-31
Created DB snapshot: pytest 782430c
[pytest] 42/233 d8fcc96 2010-08-02
Created DB snapshot: pytest d8fcc96
[pytest] 43/233 cd5676a 2010-09-30
Created DB snapshot: pytest cd5676a
[pytest] 44/233 5616874 2010-10-31
Created DB snapshot: pytest 5616874
[pytest] 45/233 96a687b 2010-11-27
Created DB snapshot: pytest 96a687b
[pytest] 46/233 8f5d837 2010-12-23
Created DB snapshot: pytest 8f5d837
[pytest] 47/233 762ea71 2011-01-27
Created DB snapshot: pytest 762ea71
[pytest] 48/233 f1b5dae 2011-02-27
Created DB snapshot: pytest f1b5dae
[pytest] 49/233 b7ba4d4 2011-03-19
Created DB snapshot: pytest b7ba4d4
[pytest] 50/233 c666aea 2011-04-17
Created DB snapshot: pytest c666aea
[pytest] 51/233 6c90059 2011-05-31
Created DB snapshot: pytest 6c90059
[pytest] 52/233 fefdca5 2011-06-29
Created DB snapshot: pytest fefdca5
[pytest] 53/233 c5dee7b 2011-07-25
Created DB snapshot: pytest c5dee7b
[pytest] 54/233 8675cf6 2011-08-30
Created DB snapshot: pytest 8675cf6
[pytest] 55/233 6ac638b 2011-09-29
Created DB snapshot: pytest 6ac638b
[pytest] 56/233 761a95e 2011-10-27
Created DB snapshot: pytest 761a95e
[pytest] 57/233 826d1e6 2011-11-25
Created DB snapshot: pytest 826d1e6
[pytest] 58/233 7b95af2 2011-12-28
Created DB snapshot: pytest 7b95af2
[pytest] 59/233 5263656 2012-01-20
Created DB snapshot: pytest 5263656
[pytest] 60/233 51d29cf 2012-02-05
Created DB snapshot: pytest 51d29cf
[pytest] 61/233 b921760 2012-03-31
Created DB snapshot: pytest b921760
[pytest] 62/233 64c7c1b 2012-04-27
Created DB snapshot: pytest 64c7c1b
[pytest] 63/233 42d6383 2012-05-23
Created DB snapshot: pytest 42d6383
[pytest] 64/233 74e5549 2012-06-27
Created DB snapshot: pytest 74e5549
[pytest] 65/233 9dc79fd 2012-07-30
Created DB snapshot: pytest 9dc79fd
[pytest] 66/233 a6060df 2012-08-28
Created DB snapshot: pytest a6060df
[pytest] 67/233 bee7543 2012-09-30
Created DB snapshot: pytest bee7543
[pytest] 68/233 fb173a9 2012-10-31
Created DB snapshot: pytest fb173a9
[pytest] 69/233 22dd5e2 2012-11-30
Created DB snapshot: pytest 22dd5e2
[pytest] 70/233 4d4b551 2012-12-27
Created DB snapshot: core db6b804
[core] 123/154 1c94a94 2023-12-28
Created DB snapshot: pytest 4d4b551
[pytest] 71/233 25547e3 2013-01-30
Created DB snapshot: pytest 25547e3
[pytest] 72/233 6d1662e 2013-02-15
Created DB snapshot: pytest 6d1662e
[pytest] 73/233 712898c 2013-03-28
Created DB snapshot: pytest 712898c
[pytest] 74/233 4ac3445 2013-04-30
Created DB snapshot: pytest 4ac3445
[pytest] 75/233 345b839 2013-05-29
Created DB snapshot: pytest 345b839
[pytest] 76/233 c4c9666 2013-06-28
Created DB snapshot: pytest c4c9666
[pytest] 77/233 ef2ddb6 2013-07-31
Created DB snapshot: pytest ef2ddb6
[pytest] 78/233 b7d3195 2013-08-23
Created DB snapshot: pytest b7d3195
[pytest] 79/233 a71fdd2 2013-09-30
Created DB snapshot: pytest a71fdd2
[pytest] 80/233 f674c57 2013-10-25
Created DB snapshot: pytest f674c57
[pytest] 81/233 e3a945a 2013-11-29
Created DB snapshot: pytest e3a945a
[pytest] 82/233 d51e27a 2013-12-28
Created DB snapshot: pytest d51e27a
[pytest] 83/233 e2cf3e0 2014-01-29
Created DB snapshot: pytest e2cf3e0
[pytest] 84/233 1d00c5e 2014-02-18
Created DB snapshot: pytest 1d00c5e
[pytest] 85/233 7301981 2014-03-31
Created DB snapshot: pytest 7301981
[pytest] 86/233 0567a8e 2014-04-24
Created DB snapshot: pytest 0567a8e
[pytest] 87/233 fd9055f 2014-05-31
Created DB snapshot: pytest fd9055f
[pytest] 88/233 07e76cb 2014-06-29
Created DB snapshot: pytest 07e76cb
[pytest] 89/233 b1f8038 2014-07-31
Created DB snapshot: pytest b1f8038
[pytest] 90/233 39a297a 2014-08-30
Created DB snapshot: pytest 39a297a
[pytest] 91/233 9e549a1 2014-09-29
Created DB snapshot: pytest 9e549a1
[pytest] 92/233 883b3ca 2014-10-30
Created DB snapshot: pytest 883b3ca
[pytest] 93/233 3df5989 2014-11-24
Created DB snapshot: pytest 3df5989
[pytest] 94/233 912c8f0 2015-01-29
Created DB snapshot: pytest 912c8f0
[pytest] 95/233 bae0f7f 2015-02-28
Created DB snapshot: pytest bae0f7f
[pytest] 96/233 81d7883 2015-03-27
Created DB snapshot: pytest 81d7883
[pytest] 97/233 652a353 2015-04-30
Created DB snapshot: pytest 652a353
[pytest] 98/233 d220be8 2015-05-31
Created DB snapshot: pytest d220be8
[pytest] 99/233 728d8fb 2015-06-24
Created DB snapshot: pytest 728d8fb
[pytest] 100/233 49c99a4 2015-07-25
Created DB snapshot: pytest 49c99a4
[pytest] 101/233 81018f1 2015-08-27
Created DB snapshot: pytest 81018f1
[pytest] 102/233 bd94954 2015-09-26
Created DB snapshot: pytest bd94954
[pytest] 103/233 09cc45b 2015-10-21
Created DB snapshot: core 1c94a94
[core] 124/154 ffe1b72 2024-01-31
Created DB snapshot: pytest 09cc45b
[pytest] 104/233 a912d37 2015-11-27
Created DB snapshot: pytest a912d37
[pytest] 105/233 9f85d4c 2015-12-23
Created DB snapshot: pytest 9f85d4c
[pytest] 106/233 30e61f2 2016-01-30
Created DB snapshot: pytest 30e61f2
[pytest] 107/233 fa6acdc 2016-02-29
Created DB snapshot: pytest fa6acdc
[pytest] 108/233 56156bb 2016-03-28
Created DB snapshot: pytest 56156bb
[pytest] 109/233 b3615ac 2016-04-19
Created DB snapshot: pytest b3615ac
[pytest] 110/233 757f37f 2016-05-23
Created DB snapshot: pytest 757f37f
[pytest] 111/233 eb08135 2016-06-21
Created DB snapshot: pytest eb08135
[pytest] 112/233 3c8222f 2016-07-30
Created DB snapshot: pytest 3c8222f
[pytest] 113/233 31e6fe8 2016-08-29
Created DB snapshot: pytest 31e6fe8
[pytest] 114/233 e368fb4 2016-09-07
Created DB snapshot: pytest e368fb4
[pytest] 115/233 552c7d4 2016-10-18
Created DB snapshot: pytest 552c7d4
[pytest] 116/233 f42a954 2016-11-29
Created DB snapshot: pytest f42a954
[pytest] 117/233 5de2031 2016-12-17
Created DB snapshot: pytest 5de2031
[pytest] 118/233 ea90605 2017-01-18
Created DB snapshot: pytest ea90605
[pytest] 119/233 bcfa626 2017-02-22
Created DB snapshot: pytest bcfa626
[pytest] 120/233 0baf5e1 2017-03-07
Created DB snapshot: pytest 0baf5e1
[pytest] 121/233 bfd2563 2017-04-29
Created DB snapshot: pytest bfd2563
[pytest] 122/233 f74f14f 2017-05-31
Created DB snapshot: pytest f74f14f
[pytest] 123/233 7277fbd 2017-06-28
Created DB snapshot: pytest 7277fbd
[pytest] 124/233 a4ea66c 2017-07-26
Created DB snapshot: pytest a4ea66c
[pytest] 125/233 8b49ddf 2017-08-16
Created DB snapshot: pytest 8b49ddf
[pytest] 126/233 f730291 2017-09-27
Created DB snapshot: pytest f730291
[pytest] 127/233 cf6e2ce 2017-10-11
Created DB snapshot: pytest cf6e2ce
[pytest] 128/233 369c711 2017-11-30
Created DB snapshot: core ffe1b72
[core] 125/154 04bf68e 2024-02-29
Created DB snapshot: pytest 369c711
[pytest] 129/233 c24c7e7 2017-12-26
Created DB snapshot: pytest c24c7e7
[pytest] 130/233 67558e0 2018-01-31
Created DB snapshot: pytest 67558e0
[pytest] 131/233 54b15f5 2018-02-21
Created DB snapshot: pytest 54b15f5
[pytest] 132/233 a2974dd 2018-03-30
Created DB snapshot: pytest a2974dd
[pytest] 133/233 7d0dba1 2018-04-27
Created DB snapshot: pytest 7d0dba1
[pytest] 134/233 4dc5f78 2018-05-31
Created DB snapshot: pytest 4dc5f78
[pytest] 135/233 dff7b20 2018-06-07
Created DB snapshot: pytest dff7b20
[pytest] 136/233 c6b11b9 2018-07-31
Created DB snapshot: pytest c6b11b9
[pytest] 137/233 7eb28f9 2018-08-28
Created DB snapshot: pytest 7eb28f9
[pytest] 138/233 a663f60 2018-09-10
Created DB snapshot: pytest a663f60
[pytest] 139/233 e69b125 2018-10-31
Created DB snapshot: pytest e69b125
[pytest] 140/233 5a544d4 2018-11-19
Created DB snapshot: pytest 5a544d4
[pytest] 141/233 5c26ba9 2018-12-10
Created DB snapshot: pytest 5c26ba9
[pytest] 142/233 f13935d 2019-01-17
Created DB snapshot: pytest f13935d
[pytest] 143/233 adebfd0 2019-02-28
Created DB snapshot: pytest adebfd0
[pytest] 144/233 a0ff5de 2019-03-11
Created DB snapshot: pytest a0ff5de
[pytest] 145/233 554dba3 2019-04-06
Created DB snapshot: pytest 554dba3
[pytest] 146/233 8c7eb82 2019-05-15
Created DB snapshot: pytest 8c7eb82
[pytest] 147/233 1db1322 2019-06-29
Created DB snapshot: pytest 1db1322
[pytest] 148/233 1cecdf6 2019-07-13
Created DB snapshot: pytest 1cecdf6
[pytest] 149/233 ceeb7bd 2019-08-27
Created DB snapshot: core 04bf68e
[core] 126/154 450be67 2024-03-28
Created DB snapshot: pytest ceeb7bd
[pytest] 150/233 6f20b4b 2019-09-21
Created DB snapshot: pytest 6f20b4b
[pytest] 151/233 c99c7d0 2019-10-16
Created DB snapshot: pytest c99c7d0
[pytest] 152/233 4dfc461 2019-11-27
Created DB snapshot: pytest 4dfc461
[pytest] 153/233 fe343a7 2019-12-27
Created DB snapshot: pytest fe343a7
[pytest] 154/233 fb9f277 2020-01-10
Created DB snapshot: pytest fb9f277
[pytest] 155/233 35d1361 2020-02-25
Created DB snapshot: pytest 35d1361
[pytest] 156/233 e862643 2020-03-22
Created DB snapshot: pytest e862643
[pytest] 157/233 7b1ba7c 2020-04-29
Created DB snapshot: pytest 7b1ba7c
[pytest] 158/233 612f157 2020-05-10
Created DB snapshot: pytest 612f157
[pytest] 159/233 e079ebb 2020-06-28
Created DB snapshot: pytest e079ebb
[pytest] 160/233 9a0f4e5 2020-07-28
Created DB snapshot: pytest 9a0f4e5
[pytest] 161/233 b16c091 2020-08-27
Created DB snapshot: pytest b16c091
[pytest] 162/233 f1e6fdc 2020-09-27
Created DB snapshot: pytest f1e6fdc
[pytest] 163/233 2ff8809 2020-10-06
Created DB snapshot: pytest 2ff8809
[pytest] 164/233 8ee6d0a 2020-11-26
Created DB snapshot: pytest 8ee6d0a
[pytest] 165/233 0892c77 2020-12-13
Created DB snapshot: pytest 0892c77
[pytest] 166/233 109312b 2021-01-17
Created DB snapshot: pytest 109312b
[pytest] 167/233 77cb110 2021-02-22
Created DB snapshot: pytest 77cb110
[pytest] 168/233 ddd773e 2021-03-31
Created DB snapshot: core 450be67
[core] 127/154 7d51556 2024-04-30
Created DB snapshot: pytest ddd773e
[pytest] 169/233 113a860 2021-04-26
Created DB snapshot: pytest 113a860
[pytest] 170/233 cde6920 2021-05-31
Created DB snapshot: pytest cde6920
[pytest] 171/233 7770dac 2021-06-11
Created DB snapshot: pytest 7770dac
[pytest] 172/233 ef5d81a 2021-07-31
Created DB snapshot: pytest ef5d81a
[pytest] 173/233 59d314d 2021-08-31
Created DB snapshot: pytest 59d314d
[pytest] 174/233 d58ee2b 2021-09-27
Created DB snapshot: pytest d58ee2b
[pytest] 175/233 0fdacb6 2021-10-03
Created DB snapshot: pytest 0fdacb6
[pytest] 176/233 e05e696 2021-11-04
Created DB snapshot: pytest e05e696
[pytest] 177/233 b21b008 2021-12-16
Created DB snapshot: pytest b21b008
[pytest] 178/233 dd1447c 2022-01-10
Created DB snapshot: pytest dd1447c
[pytest] 179/233 f943d19 2022-02-25
Created DB snapshot: pytest f943d19
[pytest] 180/233 8c52dc5 2022-03-08
Created DB snapshot: pytest 8c52dc5
[pytest] 181/233 3444d35 2022-04-30
Created DB snapshot: pytest 3444d35
[pytest] 182/233 130c954 2022-05-31
Created DB snapshot: pytest 130c954
[pytest] 183/233 b08c1dc 2022-06-30
Created DB snapshot: pytest b08c1dc
[pytest] 184/233 b1fb9a9 2022-07-31
Created DB snapshot: core 7d51556
[core] 128/154 de3a084 2024-05-30
Created DB snapshot: pytest b1fb9a9
[pytest] 185/233 a9bbfb8 2022-08-31
Created DB snapshot: pytest a9bbfb8
[pytest] 186/233 10cb8b9 2022-09-16
Created DB snapshot: pytest 10cb8b9
[pytest] 187/233 50b232b 2022-10-31
Created DB snapshot: pytest 50b232b
[pytest] 188/233 0263914 2022-11-27
Created DB snapshot: pytest 0263914
[pytest] 189/233 326ae0c 2022-12-25
Created DB snapshot: pytest 326ae0c
[pytest] 190/233 4a46ee8 2023-01-30
Created DB snapshot: pytest 4a46ee8
[pytest] 191/233 407b330 2023-02-12
Created DB snapshot: pytest 407b330
[pytest] 192/233 f1c7585 2023-03-31
Created DB snapshot: pytest f1c7585
[pytest] 193/233 1ded747 2023-04-24
Created DB snapshot: pytest 1ded747
[pytest] 194/233 c8b1790 2023-05-27
Created DB snapshot: pytest c8b1790
[pytest] 195/233 385796b 2023-06-02
Created DB snapshot: pytest 385796b
[pytest] 196/233 9e164fc 2023-07-16
Created DB snapshot: pytest 9e164fc
[pytest] 197/233 81192ca 2023-08-15
Created DB snapshot: pytest 81192ca
[pytest] 198/233 b73b4c4 2023-09-26
Created DB snapshot: core de3a084
[core] 129/154 21309ee 2024-06-28
Created DB snapshot: pytest b73b4c4
[pytest] 199/233 8fb7e8b 2023-10-30
Created DB snapshot: pytest 8fb7e8b
[pytest] 200/233 ef699f8 2023-11-30
Created DB snapshot: pytest ef699f8
[pytest] 201/233 a7c2549 2023-12-15
Created DB snapshot: pytest a7c2549
[pytest] 202/233 76f3f3d 2024-01-15
Created DB snapshot: pytest 76f3f3d
[pytest] 203/233 1188ea2 2024-02-02
Created DB snapshot: pytest 1188ea2
[pytest] 204/233 eff72f7 2024-03-17
Created DB snapshot: pytest eff72f7
[pytest] 205/233 df4af6a 2024-04-25
Created DB snapshot: pytest df4af6a
[pytest] 206/233 75ef584 2024-05-21
Created DB snapshot: pytest 75ef584
[pytest] 207/233 28b03b3 2024-06-11
Created DB snapshot: pytest 28b03b3
[pytest] 208/233 f0a0436 2024-07-31
Created DB snapshot: pytest f0a0436
[pytest] 209/233 9a444d1 2024-08-30
Created DB snapshot: pytest 9a444d1
[pytest] 210/233 758a4be 2024-09-30
Created DB snapshot: pytest 758a4be
[pytest] 211/233 f57b26b 2024-10-10
Created DB snapshot: pytest f57b26b
[pytest] 212/233 4b32e7c 2024-11-30
Created DB snapshot: pytest 4b32e7c
[pytest] 213/233 87018db 2024-12-01
Created DB snapshot: core 21309ee
[core] 130/154 bdd6f57 2024-07-31
Created DB snapshot: pytest 87018db
[pytest] 214/233 c962c86 2025-01-31
Created DB snapshot: pytest c962c86
[pytest] 215/233 c51af71 2025-02-28
Created DB snapshot: pytest c51af71
[pytest] 216/233 33e2e26 2025-03-31
Created DB snapshot: pytest 33e2e26
[pytest] 217/233 33ebdb1 2025-04-11
Created DB snapshot: pytest 33ebdb1
[pytest] 218/233 075c5ef 2025-05-31
Created DB snapshot: pytest 075c5ef
[pytest] 219/233 f7f0889 2025-06-04
Created DB snapshot: pytest f7f0889
[pytest] 220/233 338851a 2025-07-30
Created DB snapshot: pytest 338851a
[pytest] 221/233 e866958 2025-08-31
Created DB snapshot: pytest e866958
[pytest] 222/233 526288b 2025-09-26
Created DB snapshot: pytest 526288b
[pytest] 223/233 2079b91 2025-10-31
Created DB snapshot: pytest 2079b91
[pytest] 224/233 eb8249a 2025-11-29
Created DB snapshot: pytest eb8249a
[pytest] 225/233 004a967 2025-12-29
Created DB snapshot: pytest 004a967
[pytest] 226/233 ec84368 2026-01-17
Created DB snapshot: core bdd6f57
[core] 131/154 e7c48d5 2024-08-30
Created DB snapshot: pytest ec84368
[pytest] 227/233 c24de88 2026-02-20
Created DB snapshot: pytest c24de88
[pytest] 228/233 b124f86 2026-03-27
Created DB snapshot: pytest b124f86
[pytest] 229/233 7e6161c 2026-04-10
Created DB snapshot: pytest 7e6161c
[pytest] 230/233 042a289 2026-05-25
Created DB snapshot: pytest 042a289
[pytest] 231/233 630a96e 2026-06-23
Created DB snapshot: pytest 630a96e
[pytest] 232/233 dba164b 2026-07-28
Created DB snapshot: pytest dba164b
[pytest] 233/233 d81152a 2026-08-03
Created DB snapshot: pytest d81152a
Saved CSV: /Users/chengbin/Developer/tech_debt/dashboard/analysis/complexity_results/pytest_complexity.csv
Saved plot: /Users/chengbin/Developer/tech_debt/dashboard/analysis/complexity_plots/pytest_complexity.png

Analyzing project: dask
dask: 140 monthly commits selected
[dask] 1/140 e7dc37b 2014-12-31
Created DB snapshot: dask e7dc37b
[dask] 2/140 d687d4a 2015-01-31
Created DB snapshot: dask d687d4a
[dask] 3/140 32561e9 2015-02-28
Created DB snapshot: dask 32561e9
[dask] 4/140 99021ea 2015-03-29
Created DB snapshot: dask 99021ea
[dask] 5/140 26e59b8 2015-04-30
Created DB snapshot: dask 26e59b8
[dask] 6/140 002e650 2015-05-26
Created DB snapshot: dask 002e650
[dask] 7/140 3c47a30 2015-06-17
Created DB snapshot: dask 3c47a30
[dask] 8/140 38fea06 2015-07-26
Created DB snapshot: dask 38fea06
[dask] 9/140 c524ecf 2015-08-23
Created DB snapshot: dask c524ecf
[dask] 10/140 0b35929 2015-09-25
Created DB snapshot: dask 0b35929
[dask] 11/140 062bfd8 2015-10-04
Created DB snapshot: dask 062bfd8
[dask] 12/140 2bcc704 2015-11-28
Created DB snapshot: dask 2bcc704
[dask] 13/140 25a0726 2015-12-18
Created DB snapshot: dask 25a0726
[dask] 14/140 017a894 2016-01-27
Created DB snapshot: dask 017a894
[dask] 15/140 09bda79 2016-02-29
Created DB snapshot: dask 09bda79
[dask] 16/140 1c2ae30 2016-03-29
Created DB snapshot: dask 1c2ae30
[dask] 17/140 ff55b48 2016-04-30
Created DB snapshot: core e7c48d5
[core] 132/154 bb9fd12 2024-09-27
Created DB snapshot: dask ff55b48
[dask] 18/140 2f6ed3d 2016-05-31
Created DB snapshot: dask 2f6ed3d
[dask] 19/140 eeb502d 2016-06-30
Created DB snapshot: dask eeb502d
[dask] 20/140 92596d7 2016-07-30
Created DB snapshot: dask 92596d7
[dask] 21/140 84546e3 2016-08-31
Created DB snapshot: dask 84546e3
[dask] 22/140 fc140f3 2016-09-14
Created DB snapshot: dask fc140f3
[dask] 23/140 8e76f6a 2016-10-31
Created DB snapshot: dask 8e76f6a
[dask] 24/140 483da5f 2016-11-30
Created DB snapshot: dask 483da5f
[dask] 25/140 112caf7 2016-12-29
Created DB snapshot: dask 112caf7
[dask] 26/140 4b0b240 2017-01-31
Created DB snapshot: dask 4b0b240
[dask] 27/140 69fe630 2017-02-27
Created DB snapshot: dask 69fe630
[dask] 28/140 70314ec 2017-03-31
Created DB snapshot: dask 70314ec
[dask] 29/140 93d25f7 2017-04-29
Created DB snapshot: dask 93d25f7
[dask] 30/140 1cdc3ea 2017-05-31
Created DB snapshot: dask 1cdc3ea
[dask] 31/140 24afbd5 2017-06-29
Created DB snapshot: dask 24afbd5
[dask] 32/140 7680170 2017-07-31
Created DB snapshot: dask 7680170
[dask] 33/140 d32e8b7 2017-08-31
Created DB snapshot: dask d32e8b7
[dask] 34/140 68d8c95 2017-09-29
Created DB snapshot: dask 68d8c95
[dask] 35/140 b9e3487 2017-10-31
Created DB snapshot: dask b9e3487
[dask] 36/140 da2cb1f 2017-11-30
Created DB snapshot: core bb9fd12
[core] 133/154 d069907 2024-10-31
Created DB snapshot: dask da2cb1f
[dask] 37/140 a165346 2017-12-29
Created DB snapshot: dask a165346
[dask] 38/140 d5407c2 2018-01-31
Created DB snapshot: dask d5407c2
[dask] 39/140 f8e8ebf 2018-02-28
Created DB snapshot: dask f8e8ebf
[dask] 40/140 099a8f1 2018-03-31
Created DB snapshot: dask 099a8f1
[dask] 41/140 784c9aa 2018-04-30
Created DB snapshot: dask 784c9aa
[dask] 42/140 e1c48e0 2018-05-30
Created DB snapshot: dask e1c48e0
[dask] 43/140 59e2a0b 2018-06-30
Created DB snapshot: dask 59e2a0b
[dask] 44/140 b341ac8 2018-07-30
Created DB snapshot: dask b341ac8
[dask] 45/140 5eae4f0 2018-08-31
Created DB snapshot: dask 5eae4f0
[dask] 46/140 bc954b4 2018-09-30
Created DB snapshot: dask bc954b4
[dask] 47/140 09c795f 2018-10-31
Created DB snapshot: dask 09c795f
[dask] 48/140 e9731f7 2018-11-30
Created DB snapshot: dask e9731f7
[dask] 49/140 9523c32 2018-12-31
Created DB snapshot: core d069907
[core] 134/154 6103cea 2024-11-30
Created DB snapshot: dask 9523c32
[dask] 50/140 b1dd6ee 2019-01-31
Created DB snapshot: dask b1dd6ee
[dask] 51/140 8936e1a 2019-02-28
Created DB snapshot: dask 8936e1a
[dask] 52/140 ffbf953 2019-03-31
Created DB snapshot: dask ffbf953
[dask] 53/140 fc95fe0 2019-04-30
Created DB snapshot: dask fc95fe0
[dask] 54/140 9733ab5 2019-05-31
Created DB snapshot: dask 9733ab5
[dask] 55/140 7f26af6 2019-06-30
Created DB snapshot: dask 7f26af6
[dask] 56/140 02cbc46 2019-07-31
Created DB snapshot: dask 02cbc46
[dask] 57/140 696a74a 2019-08-31
Created DB snapshot: dask 696a74a
[dask] 58/140 f6c2449 2019-09-27
Created DB snapshot: dask f6c2449
[dask] 59/140 0871699 2019-10-29
Created DB snapshot: dask 0871699
[dask] 60/140 3ba4f6e 2019-11-27
Created DB snapshot: dask 3ba4f6e
[dask] 61/140 c69d10f 2019-12-28
Created DB snapshot: core 6103cea
[core] 135/154 9a58440 2024-12-31
Created DB snapshot: dask c69d10f
[dask] 62/140 2df58ea 2020-01-30
Created DB snapshot: dask 2df58ea
[dask] 63/140 fcc500c 2020-02-28
Created DB snapshot: dask fcc500c
[dask] 64/140 5d5b43b 2020-03-31
Created DB snapshot: dask 5d5b43b
[dask] 65/140 25005e1 2020-04-30
Created DB snapshot: dask 25005e1
[dask] 66/140 79836fe 2020-05-29
Created DB snapshot: dask 79836fe
[dask] 67/140 7aaef9f 2020-06-30
Created DB snapshot: dask 7aaef9f
[dask] 68/140 6268d5c 2020-07-31
Created DB snapshot: dask 6268d5c
[dask] 69/140 e4637cb 2020-08-31
Created DB snapshot: dask e4637cb
[dask] 70/140 283c2bc 2020-09-30
Created DB snapshot: dask 283c2bc
[dask] 71/140 f1bdccb 2020-10-30
Created DB snapshot: dask f1bdccb
[dask] 72/140 b8131ea 2020-11-30
Created DB snapshot: core 9a58440
[core] 136/154 a51846a 2025-01-31
Created DB snapshot: dask b8131ea
[dask] 73/140 4a7a243 2020-12-21
Created DB snapshot: dask 4a7a243
[dask] 74/140 34f990a 2021-01-29
Created DB snapshot: dask 34f990a
[dask] 75/140 1f3226f 2021-02-26
Created DB snapshot: dask 1f3226f
[dask] 76/140 a31c0fc 2021-03-30
Created DB snapshot: dask a31c0fc
[dask] 77/140 709bd45 2021-04-30
Created DB snapshot: dask 709bd45
[dask] 78/140 062ef68 2021-05-30
Created DB snapshot: dask 062ef68
[dask] 79/140 e79a56b 2021-06-30
Created DB snapshot: dask e79a56b
[dask] 80/140 d3bf07c 2021-07-30
Created DB snapshot: dask d3bf07c
[dask] 81/140 bfbce61 2021-08-31
Created DB snapshot: dask bfbce61
[dask] 82/140 bbda552 2021-09-30
Created DB snapshot: core a51846a
[core] 137/154 e1ce5b8 2025-02-28
Created DB snapshot: dask bbda552
[dask] 83/140 6eb7fd3 2021-10-29
Created DB snapshot: dask 6eb7fd3
[dask] 84/140 a5aecac 2021-11-29
Created DB snapshot: dask a5aecac
[dask] 85/140 e4799c0 2021-12-22
Created DB snapshot: dask e4799c0
[dask] 86/140 1f79f5e 2022-01-31
Created DB snapshot: dask 1f79f5e
[dask] 87/140 34b2e5a 2022-02-28
Created DB snapshot: dask 34b2e5a
[dask] 88/140 e49880b 2022-03-31
Created DB snapshot: dask e49880b
[dask] 89/140 2869a85 2022-04-29
Created DB snapshot: dask 2869a85
[dask] 90/140 0b876af 2022-05-31
Created DB snapshot: dask 0b876af
[dask] 91/140 352d934 2022-06-29
Created DB snapshot: dask 352d934
[dask] 92/140 0b637ab 2022-07-28
Created DB snapshot: core e1ce5b8
[core] 138/154 35513ae 2025-03-27
Created DB snapshot: dask 0b637ab
[dask] 93/140 19a5147 2022-08-30
Created DB snapshot: dask 19a5147
[dask] 94/140 c635393 2022-09-30
Created DB snapshot: dask c635393
[dask] 95/140 ca95bfc 2022-10-31
Created DB snapshot: dask ca95bfc
[dask] 96/140 b1e468e 2022-11-30
Created DB snapshot: dask b1e468e
[dask] 97/140 0cd60ee 2022-12-30
Created DB snapshot: dask 0cd60ee
[dask] 98/140 834a19e 2023-01-31
Created DB snapshot: dask 834a19e
[dask] 99/140 a71c15b 2023-02-28
Created DB snapshot: dask a71c15b
[dask] 100/140 f607cd6 2023-03-31
Created DB snapshot: dask f607cd6
[dask] 101/140 021b098 2023-04-30
Created DB snapshot: core 35513ae
[core] 139/154 99a0679 2025-04-30
Created DB snapshot: dask 021b098
[dask] 102/140 286223b 2023-05-31
Created DB snapshot: dask 286223b
[dask] 103/140 9203599 2023-06-30
Created DB snapshot: dask 9203599
[dask] 104/140 53be146 2023-07-28
Created DB snapshot: dask 53be146
[dask] 105/140 d58981a 2023-08-31
Created DB snapshot: dask d58981a
[dask] 106/140 cc55354 2023-09-29
Created DB snapshot: dask cc55354
[dask] 107/140 f545749 2023-10-31
Created DB snapshot: dask f545749
[dask] 108/140 7a284be 2023-11-30
Created DB snapshot: dask 7a284be
[dask] 109/140 60347ee 2023-12-22
Created DB snapshot: dask 60347ee
[dask] 110/140 b588a9e 2024-01-31
Created DB snapshot: dask b588a9e
[dask] 111/140 4802b0a 2024-02-29
Created DB snapshot: dask 4802b0a
[dask] 112/140 2918288 2024-03-28
Created DB snapshot: dask 2918288
[dask] 113/140 814ed3b 2024-04-30
Created DB snapshot: dask 814ed3b
[dask] 114/140 05a04aa 2024-05-31
Created DB snapshot: dask 05a04aa
[dask] 115/140 fc02292 2024-06-29
Created DB snapshot: dask fc02292
[dask] 116/140 8dcf306 2024-07-31
Created DB snapshot: core 99a0679
[core] 140/154 06d869a 2025-05-31
Created DB snapshot: dask 8dcf306
[dask] 117/140 80b0737 2024-08-30
Created DB snapshot: dask 80b0737
[dask] 118/140 ca5db22 2024-09-27
Created DB snapshot: dask ca5db22
[dask] 119/140 0cb1cb1 2024-10-31
Created DB snapshot: dask 0cb1cb1
[dask] 120/140 0f3e5ff 2024-11-27
Created DB snapshot: dask 0f3e5ff
[dask] 121/140 a817ce9 2024-12-23
Created DB snapshot: dask a817ce9
[dask] 122/140 5544405 2025-01-31
Created DB snapshot: dask 5544405
[dask] 123/140 0e1418f 2025-02-28
Created DB snapshot: dask 0e1418f
[dask] 124/140 4399aef 2025-03-25
Created DB snapshot: dask 4399aef
[dask] 125/140 37f4687 2025-04-30
Created DB snapshot: core 06d869a
[core] 141/154 116c745 2025-06-30
Created DB snapshot: dask 37f4687
[dask] 126/140 87a177d 2025-05-20
Created DB snapshot: dask 87a177d
[dask] 127/140 a7e0504 2025-06-23
Created DB snapshot: dask a7e0504
[dask] 128/140 035e05a 2025-07-28
Created DB snapshot: dask 035e05a
[dask] 129/140 5aaeb8c 2025-08-29
Created DB snapshot: dask 5aaeb8c
[dask] 130/140 3fb02e6 2025-09-24
Created DB snapshot: dask 3fb02e6
[dask] 131/140 17a245a 2025-10-31
Created DB snapshot: dask 17a245a
[dask] 132/140 2f2d099 2025-11-25
Created DB snapshot: core 116c745
[core] 142/154 6857e87 2025-07-31
Created DB snapshot: dask 2f2d099
[dask] 133/140 c9e23e5 2025-12-31
Created DB snapshot: dask c9e23e5
[dask] 134/140 825904a 2026-01-30
Created DB snapshot: dask 825904a
[dask] 135/140 45610ac 2026-02-22
Created DB snapshot: dask 45610ac
[dask] 136/140 b1025f7 2026-03-18
Created DB snapshot: dask b1025f7
[dask] 137/140 7c7455a 2026-04-28
Created DB snapshot: dask 7c7455a
[dask] 138/140 a588170 2026-05-29
Created DB snapshot: dask a588170
[dask] 139/140 6c8edce 2026-06-26
Created DB snapshot: core 6857e87
[core] 143/154 eac719f 2025-08-29
Created DB snapshot: dask 6c8edce
[dask] 140/140 ba5045e 2026-07-28
Created DB snapshot: dask ba5045e
Saved CSV: /Users/chengbin/Developer/tech_debt/dashboard/analysis/complexity_results/dask_complexity.csv
Saved plot: /Users/chengbin/Developer/tech_debt/dashboard/analysis/complexity_plots/dask_complexity.png

Analyzing project: yt-dlp
yt-dlp: 215 monthly commits selected
[yt-dlp] 1/215 65cd34c 2008-07-27
Created DB snapshot: yt-dlp 65cd34c
[yt-dlp] 2/215 0ddf38d 2008-08-09
Created DB snapshot: yt-dlp 0ddf38d
[yt-dlp] 3/215 d853063 2008-09-20
Created DB snapshot: yt-dlp d853063
[yt-dlp] 4/215 9ca4851 2008-10-16
Created DB snapshot: yt-dlp 9ca4851
[yt-dlp] 5/215 240b737 2008-11-01
Created DB snapshot: yt-dlp 240b737
[yt-dlp] 6/215 d1580ed 2009-01-31
Created DB snapshot: yt-dlp d1580ed
[yt-dlp] 7/215 fd20984 2009-02-07
Created DB snapshot: yt-dlp fd20984
[yt-dlp] 8/215 e54930c 2009-03-28
Created DB snapshot: yt-dlp e54930c
[yt-dlp] 9/215 1c76e23 2009-04-29
Created DB snapshot: yt-dlp 1c76e23
[yt-dlp] 10/215 ff21a71 2009-05-30
Created DB snapshot: yt-dlp ff21a71
[yt-dlp] 11/215 8b07dec 2009-06-29
Created DB snapshot: yt-dlp 8b07dec
[yt-dlp] 12/215 df1ceb1 2009-07-13
Created DB snapshot: yt-dlp df1ceb1
[yt-dlp] 13/215 304a4d8 2009-08-15
Created DB snapshot: yt-dlp 304a4d8
[yt-dlp] 14/215 583c714 2009-09-21
Created DB snapshot: yt-dlp 583c714
[yt-dlp] 15/215 c39c05c 2009-11-25
Created DB snapshot: yt-dlp c39c05c
[yt-dlp] 16/215 a692ca7 2009-12-26
Created DB snapshot: yt-dlp a692ca7
[yt-dlp] 17/215 c05fc6a 2010-01-31
Created DB snapshot: yt-dlp c05fc6a
[yt-dlp] 18/215 1392f3f 2010-02-28
Created DB snapshot: yt-dlp 1392f3f
[yt-dlp] 19/215 eaf4a72 2010-03-30
Created DB snapshot: yt-dlp eaf4a72
[yt-dlp] 20/215 42e3546 2010-04-19
Created DB snapshot: yt-dlp 42e3546
[yt-dlp] 21/215 0b59bf4 2010-05-30
Created DB snapshot: yt-dlp 0b59bf4
[yt-dlp] 22/215 fd8ede2 2010-06-29
Created DB snapshot: yt-dlp fd8ede2
[yt-dlp] 23/215 101e0d1 2010-07-27
Created DB snapshot: yt-dlp 101e0d1
[yt-dlp] 24/215 8e68677 2010-08-22
Created DB snapshot: yt-dlp 8e68677
[yt-dlp] 25/215 e86e947 2010-09-11
Created DB snapshot: yt-dlp e86e947
[yt-dlp] 26/215 893a13d 2010-10-31
Created DB snapshot: yt-dlp 893a13d
[yt-dlp] 27/215 92743d4 2010-11-25
Created DB snapshot: yt-dlp 92743d4
[yt-dlp] 28/215 a57ed21 2010-12-16
Created DB snapshot: yt-dlp a57ed21
[yt-dlp] 29/215 f74e22a 2011-01-31
Created DB snapshot: yt-dlp f74e22a
[yt-dlp] 30/215 da54ed4 2011-02-28
Created DB snapshot: yt-dlp da54ed4
[yt-dlp] 31/215 4b0d9ee 2011-03-29
Created DB snapshot: yt-dlp 4b0d9ee
[yt-dlp] 32/215 da0db53 2011-04-12
Created DB snapshot: yt-dlp da0db53
[yt-dlp] 33/215 10e7194 2011-05-20
Created DB snapshot: yt-dlp 10e7194
[yt-dlp] 34/215 aded78d 2011-06-25
Created DB snapshot: yt-dlp aded78d
[yt-dlp] 35/215 20e91e8 2011-07-23
Created DB snapshot: yt-dlp 20e91e8
[yt-dlp] 36/215 802622a 2011-08-31
Created DB snapshot: yt-dlp 802622a
[yt-dlp] 37/215 54d4787 2011-09-30
Created DB snapshot: yt-dlp 54d4787
[yt-dlp] 38/215 053419c 2011-10-20
Created DB snapshot: yt-dlp 053419c
[yt-dlp] 39/215 348486c 2011-11-30
Created DB snapshot: yt-dlp 348486c
[yt-dlp] 40/215 d6639d0 2011-12-17
Created DB snapshot: yt-dlp d6639d0
[yt-dlp] 41/215 99d46e8 2012-01-16
Created DB snapshot: yt-dlp 99d46e8
[yt-dlp] 42/215 9c22892 2012-02-27
Created DB snapshot: yt-dlp 9c22892
[yt-dlp] 43/215 bcfde70 2012-03-31
Created DB snapshot: yt-dlp bcfde70
[yt-dlp] 44/215 0c24eed 2012-04-19
Created DB snapshot: yt-dlp 0c24eed
[yt-dlp] 45/215 505ed30 2012-05-31
Created DB snapshot: yt-dlp 505ed30
[yt-dlp] 46/215 d4e16d3 2012-06-30
Created DB snapshot: yt-dlp d4e16d3
[yt-dlp] 47/215 dee5d76 2012-07-31
Created DB snapshot: yt-dlp dee5d76
[yt-dlp] 48/215 2ebc6e6 2012-08-26
Created DB snapshot: yt-dlp 2ebc6e6
[yt-dlp] 49/215 80a846e 2012-09-28
Created DB snapshot: yt-dlp 80a846e
[yt-dlp] 50/215 b7a3431 2012-10-30
Created DB snapshot: yt-dlp b7a3431
[yt-dlp] 51/215 d78be7e 2012-11-30
Created DB snapshot: yt-dlp d78be7e
[yt-dlp] 52/215 b962b76 2012-12-31
Created DB snapshot: yt-dlp b962b76
[yt-dlp] 53/215 9e982f9 2013-01-22
Created DB snapshot: yt-dlp 9e982f9
[yt-dlp] 54/215 c0ba104 2013-02-23
Created DB snapshot: yt-dlp c0ba104
[yt-dlp] 55/215 f33154c 2013-03-31
Created DB snapshot: yt-dlp f33154c
[yt-dlp] 56/215 34c29ba 2013-04-30
Created DB snapshot: yt-dlp 34c29ba
[yt-dlp] 57/215 dc1c355 2013-05-26
Created DB snapshot: yt-dlp dc1c355
[yt-dlp] 58/215 2f79953 2013-06-29
Created DB snapshot: yt-dlp 2f79953
[yt-dlp] 59/215 a6387bf 2013-07-05
Created DB snapshot: yt-dlp a6387bf
[yt-dlp] 60/215 6c758d7 2013-08-31
Created DB snapshot: yt-dlp 6c758d7
[yt-dlp] 61/215 3bc2ddc 2013-09-23
Created DB snapshot: yt-dlp 3bc2ddc
[yt-dlp] 62/215 4894fe8 2013-10-29
Created DB snapshot: yt-dlp 4894fe8
[yt-dlp] 63/215 1dcc4c0 2013-11-22
Created DB snapshot: yt-dlp 1dcc4c0
[yt-dlp] 64/215 cf1eb45 2013-12-23
Created DB snapshot: yt-dlp cf1eb45
[yt-dlp] 65/215 9bc7094 2014-01-31
Created DB snapshot: yt-dlp 9bc7094
[yt-dlp] 66/215 f3ff1a3 2014-02-23
Created DB snapshot: yt-dlp f3ff1a3
[yt-dlp] 67/215 18c95c1 2014-03-30
Created DB snapshot: yt-dlp 18c95c1
[yt-dlp] 68/215 32fd27e 2014-04-30
Created DB snapshot: yt-dlp 32fd27e
[yt-dlp] 69/215 6ca85be 2014-05-28
Created DB snapshot: yt-dlp 6ca85be
[yt-dlp] 70/215 d518d06 2014-06-30
Created DB snapshot: yt-dlp d518d06
[yt-dlp] 71/215 ff815fe 2014-07-10
Created DB snapshot: yt-dlp ff815fe
[yt-dlp] 72/215 2d7af09 2014-08-31
Created DB snapshot: yt-dlp 2d7af09
[yt-dlp] 73/215 4340dec 2014-09-25
Created DB snapshot: yt-dlp 4340dec
[yt-dlp] 74/215 6e1cff9 2014-10-31
Created DB snapshot: core eac719f
[core] 144/154 fb8ddac 2025-09-27
Created DB snapshot: yt-dlp 6e1cff9
[yt-dlp] 75/215 19e9277 2014-11-30
Created DB snapshot: yt-dlp 19e9277
[yt-dlp] 76/215 d7cd9a9 2014-12-12
Created DB snapshot: yt-dlp d7cd9a9
[yt-dlp] 77/215 fec2d97 2015-01-15
Created DB snapshot: yt-dlp fec2d97
[yt-dlp] 78/215 003c69a 2015-02-28
Created DB snapshot: yt-dlp 003c69a
[yt-dlp] 79/215 c9a7796 2015-03-21
Created DB snapshot: yt-dlp c9a7796
[yt-dlp] 80/215 8b8c109 2015-04-18
Created DB snapshot: yt-dlp 8b8c109
[yt-dlp] 81/215 2235445 2015-05-09
Created DB snapshot: yt-dlp 2235445
[yt-dlp] 82/215 c9afb51 2015-06-15
Created DB snapshot: yt-dlp c9afb51
[yt-dlp] 83/215 fb72ec5 2015-07-30
Created DB snapshot: yt-dlp fb72ec5
[yt-dlp] 84/215 d03cfdc 2015-08-04
Created DB snapshot: yt-dlp d03cfdc
[yt-dlp] 85/215 ed370ff 2015-09-18
Created DB snapshot: yt-dlp ed370ff
[yt-dlp] 86/215 8936f68 2015-10-21
Created DB snapshot: yt-dlp 8936f68
[yt-dlp] 87/215 d13bdc3 2015-11-26
Created DB snapshot: yt-dlp d13bdc3
[yt-dlp] 88/215 d570746 2015-12-02
Created DB snapshot: yt-dlp d570746
[yt-dlp] 89/215 e154c65 2016-01-10
Created DB snapshot: yt-dlp e154c65
[yt-dlp] 90/215 295eac6 2016-02-13
Created DB snapshot: core fb8ddac
[core] 145/154 c9a61de 2025-10-31
Created DB snapshot: yt-dlp 295eac6
[yt-dlp] 91/215 d0d9ade 2016-03-06
Created DB snapshot: yt-dlp d0d9ade
[yt-dlp] 92/215 740d7c4 2016-04-23
Created DB snapshot: yt-dlp 740d7c4
[yt-dlp] 93/215 7a6d33a 2016-05-05
Created DB snapshot: yt-dlp 7a6d33a
[yt-dlp] 94/215 75a2485 2016-06-28
Created DB snapshot: yt-dlp 75a2485
[yt-dlp] 95/215 7be15d4 2016-07-29
Created DB snapshot: yt-dlp 7be15d4
[yt-dlp] 96/215 a14001a 2016-08-17
Created DB snapshot: yt-dlp a14001a
[yt-dlp] 97/215 e66dca5 2016-09-14
Created DB snapshot: yt-dlp e66dca5
[yt-dlp] 98/215 80aa246 2016-10-08
Created DB snapshot: yt-dlp 80aa246
[yt-dlp] 99/215 a0c3b2d 2016-11-07
Created DB snapshot: yt-dlp a0c3b2d
[yt-dlp] 100/215 cbb1275 2016-12-15
Created DB snapshot: yt-dlp cbb1275
[yt-dlp] 101/215 daaaf5f 2017-01-23
Created DB snapshot: yt-dlp daaaf5f
[yt-dlp] 102/215 5b995f7 2017-02-23
Created DB snapshot: core c9a61de
[core] 146/154 9e8cc3a 2025-11-26
Created DB snapshot: yt-dlp 5b995f7
[yt-dlp] 103/215 d6166a7 2017-03-21
Created DB snapshot: yt-dlp d6166a7
[yt-dlp] 104/215 1d88b3e 2017-04-29
Created DB snapshot: yt-dlp 1d88b3e
[yt-dlp] 105/215 94b817e 2017-05-09
Created DB snapshot: yt-dlp 94b817e
[yt-dlp] 106/215 2edfd74 2017-06-04
Created DB snapshot: yt-dlp 2edfd74
[yt-dlp] 107/215 debed8d 2017-07-04
Created DB snapshot: yt-dlp debed8d
[yt-dlp] 108/215 1c22d7a 2017-08-24
Created DB snapshot: yt-dlp 1c22d7a
[yt-dlp] 109/215 6e72ea4 2017-09-18
Created DB snapshot: yt-dlp 6e72ea4
[yt-dlp] 110/215 ae8c135 2017-10-27
Created DB snapshot: yt-dlp ae8c135
[yt-dlp] 111/215 4a73354 2017-11-05
Created DB snapshot: yt-dlp 4a73354
[yt-dlp] 112/215 c678192 2017-12-31
Created DB snapshot: yt-dlp c678192
[yt-dlp] 113/215 b2df66a 2018-01-31
Created DB snapshot: core 9e8cc3a
[core] 147/154 9559634 2025-12-30
Created DB snapshot: yt-dlp b2df66a
[yt-dlp] 114/215 44dc11d 2018-02-28
Created DB snapshot: yt-dlp 44dc11d
[yt-dlp] 115/215 8959018 2018-03-16
Created DB snapshot: yt-dlp 8959018
[yt-dlp] 116/215 6de82b4 2018-04-24
Created DB snapshot: yt-dlp 6de82b4
[yt-dlp] 117/215 f17a24a 2018-05-21
Created DB snapshot: yt-dlp f17a24a
[yt-dlp] 118/215 3d08f63 2018-06-14
Created DB snapshot: yt-dlp 3d08f63
[yt-dlp] 119/215 ffa7b2b 2018-07-30
Created DB snapshot: yt-dlp ffa7b2b
[yt-dlp] 120/215 0a9a811 2018-08-04
Created DB snapshot: yt-dlp 0a9a811
[yt-dlp] 121/215 11d19ff 2018-09-06
Created DB snapshot: yt-dlp 11d19ff
[yt-dlp] 122/215 22f5f5c 2018-10-10
Created DB snapshot: yt-dlp 22f5f5c
[yt-dlp] 123/215 1ead840 2018-11-09
Created DB snapshot: yt-dlp 1ead840
[yt-dlp] 124/215 7ff8ad8 2018-12-25
Created DB snapshot: core 9559634
[core] 148/154 62145e5 2026-01-31
Created DB snapshot: yt-dlp 7ff8ad8
[yt-dlp] 125/215 6cc6e0c 2019-01-31
Created DB snapshot: yt-dlp 6cc6e0c
[yt-dlp] 126/215 0e6f914 2019-02-13
Created DB snapshot: yt-dlp 0e6f914
[yt-dlp] 127/215 24510bd 2019-03-14
Created DB snapshot: yt-dlp 24510bd
[yt-dlp] 128/215 ab11674 2019-04-14
Created DB snapshot: yt-dlp ab11674
[yt-dlp] 129/215 787c360 2019-05-19
Created DB snapshot: yt-dlp 787c360
[yt-dlp] 130/215 c560680 2019-06-29
Created DB snapshot: yt-dlp c560680
[yt-dlp] 131/215 d78657f 2019-07-22
Created DB snapshot: yt-dlp d78657f
[yt-dlp] 132/215 b856b39 2019-08-28
Created DB snapshot: yt-dlp b856b39
[yt-dlp] 133/215 813e0fc 2019-09-16
Created DB snapshot: yt-dlp 813e0fc
[yt-dlp] 134/215 0c3d0f5 2019-10-13
Created DB snapshot: yt-dlp 0c3d0f5
[yt-dlp] 135/215 abea914 2019-11-10
Created DB snapshot: core 62145e5
[core] 149/154 f559f8e 2026-02-28
Created DB snapshot: yt-dlp abea914
[yt-dlp] 136/215 bfdc834 2019-12-20
Created DB snapshot: yt-dlp bfdc834
[yt-dlp] 137/215 b4d1044 2020-01-11
Created DB snapshot: yt-dlp b4d1044
[yt-dlp] 138/215 dfd14aa 2020-02-07
Created DB snapshot: yt-dlp dfd14aa
[yt-dlp] 139/215 533f3e3 2020-03-31
Created DB snapshot: yt-dlp 533f3e3
[yt-dlp] 140/215 aa13f12 2020-04-21
Created DB snapshot: yt-dlp aa13f12
[yt-dlp] 141/215 7078ec6 2020-05-28
Created DB snapshot: yt-dlp 7078ec6
[yt-dlp] 142/215 b11a88f 2020-06-02
Created DB snapshot: yt-dlp b11a88f
[yt-dlp] 143/215 d7aec20 2020-07-19
Created DB snapshot: yt-dlp d7aec20
[yt-dlp] 144/215 f442082 2020-08-24
Created DB snapshot: yt-dlp f442082
[yt-dlp] 145/215 baa5873 2020-09-28
Created DB snapshot: core f559f8e
[core] 150/154 ae60135 2026-03-31
Created DB snapshot: yt-dlp baa5873
[yt-dlp] 146/215 732044a 2020-10-27
Created DB snapshot: yt-dlp 732044a
[yt-dlp] 147/215 a9e7f54 2020-11-15
Created DB snapshot: yt-dlp a9e7f54
[yt-dlp] 148/215 097b056 2020-12-03
Created DB snapshot: yt-dlp 097b056
[yt-dlp] 149/215 1f52a09 2021-01-28
Created DB snapshot: yt-dlp 1f52a09
[yt-dlp] 150/215 f0884c8 2021-02-28
Created DB snapshot: yt-dlp f0884c8
[yt-dlp] 151/215 a6ae61a 2021-03-28
Created DB snapshot: yt-dlp a6ae61a
[yt-dlp] 152/215 5435dcf 2021-04-19
Created DB snapshot: yt-dlp 5435dcf
[yt-dlp] 153/215 3fd4c2a 2021-05-23
Created DB snapshot: yt-dlp 3fd4c2a
[yt-dlp] 154/215 77b87f0 2021-06-13
Created DB snapshot: yt-dlp 77b87f0
[yt-dlp] 155/215 bb36a55 2021-07-29
Created DB snapshot: core ae60135
[core] 151/154 a2f2ded 2026-04-30
Created DB snapshot: yt-dlp bb36a55
[yt-dlp] 156/215 8eb7ba8 2021-08-31
Created DB snapshot: yt-dlp 8eb7ba8
[yt-dlp] 157/215 ab96d1a 2021-09-19
Created DB snapshot: yt-dlp ab96d1a
[yt-dlp] 158/215 0bb322b 2021-10-18
Created DB snapshot: yt-dlp 0bb322b
[yt-dlp] 159/215 2aa5e2c 2021-11-30
Created DB snapshot: yt-dlp 2aa5e2c
[yt-dlp] 160/215 cfb0511 2021-12-30
Created DB snapshot: yt-dlp cfb0511
[yt-dlp] 161/215 8b7539d 2022-01-29
Created DB snapshot: yt-dlp 8b7539d
[yt-dlp] 162/215 77f9033 2022-02-04
Created DB snapshot: yt-dlp 77f9033
[yt-dlp] 163/215 a44ca5a 2022-03-27
Created DB snapshot: yt-dlp a44ca5a
[yt-dlp] 164/215 c487cf0 2022-04-17
Created DB snapshot: core a2f2ded
[core] 152/154 9fd9028 2026-05-30
Created DB snapshot: yt-dlp c487cf0
[yt-dlp] 165/215 e4afcfd 2022-05-22
Created DB snapshot: yt-dlp e4afcfd
[yt-dlp] 166/215 c646d76 2022-06-22
Created DB snapshot: yt-dlp c646d76
[yt-dlp] 167/215 70b2340 2022-07-29
Created DB snapshot: yt-dlp 70b2340
[yt-dlp] 168/215 f2e9fa3 2022-08-31
Created DB snapshot: yt-dlp f2e9fa3
[yt-dlp] 169/215 576faf0 2022-09-30
Created DB snapshot: yt-dlp 576faf0
[yt-dlp] 170/215 62b8dac 2022-10-31
Created DB snapshot: yt-dlp 62b8dac
[yt-dlp] 171/215 71df9b7 2022-11-30
Created DB snapshot: yt-dlp 71df9b7
[yt-dlp] 172/215 2fb0f85 2022-12-31
Created DB snapshot: yt-dlp 2fb0f85
[yt-dlp] 173/215 83c4970 2023-01-31
Created DB snapshot: core 9fd9028
[core] 153/154 9924481 2026-06-29
Created DB snapshot: yt-dlp 83c4970
[yt-dlp] 174/215 5b28cef 2023-02-28
Created DB snapshot: yt-dlp 5b28cef
[yt-dlp] 175/215 4ce57d3 2023-03-27
Created DB snapshot: yt-dlp 4ce57d3
[yt-dlp] 176/215 23c39a4 2023-04-03
Created DB snapshot: yt-dlp 23c39a4
[yt-dlp] 177/215 ecfe479 2023-05-31
Created DB snapshot: yt-dlp ecfe479
[yt-dlp] 178/215 f8b4bcc 2023-06-06
Created DB snapshot: yt-dlp f8b4bcc
[yt-dlp] 179/215 6d6081d 2023-07-31
Created DB snapshot: yt-dlp 6d6081d
[yt-dlp] 180/215 f04b5be 2023-08-16
Created DB snapshot: yt-dlp f04b5be
[yt-dlp] 181/215 c54ddfb 2023-09-24
Created DB snapshot: core 9924481
[core] 154/154 a4feaf0 2026-07-24
Created DB snapshot: yt-dlp c54ddfb
[yt-dlp] 182/215 4a601c9 2023-10-28
Created DB snapshot: yt-dlp 4a601c9
[yt-dlp] 183/215 6a9c7a2 2023-11-29
Created DB snapshot: yt-dlp 6a9c7a2
[yt-dlp] 184/215 85a2d07 2023-12-31
Created DB snapshot: yt-dlp 85a2d07
[yt-dlp] 185/215 45491a2 2024-01-31
Created DB snapshot: yt-dlp 45491a2
[yt-dlp] 186/215 c305a25 2024-02-25
Created DB snapshot: yt-dlp c305a25
[yt-dlp] 187/215 a2d0840 2024-03-31
Created DB snapshot: yt-dlp a2d0840
[yt-dlp] 188/215 ac817bc 2024-04-29
Created DB snapshot: core a4feaf0
Saved CSV: /Users/chengbin/Developer/tech_debt/dashboard/analysis/complexity_results/core_complexity.csv
Saved plot: /Users/chengbin/Developer/tech_debt/dashboard/analysis/complexity_plots/core_complexity.png

Analyzing project: attrs
Repository does not exist in database: attrs
attrs: 136 monthly commits selected
[attrs] 1/136 8289248 2015-01-31
[attrs] 2/136 46cbd75 2015-02-21
[attrs] 3/136 a7adfed 2015-03-23
[attrs] 4/136 3952cd6 2015-04-30
[attrs] 5/136 abb9c95 2015-06-05
[attrs] 6/136 e183eaa 2015-07-26
[attrs] 7/136 104487f 2015-08-20
[attrs] 8/136 c74c9b1 2015-09-16
[attrs] 9/136 2534919 2015-10-20
[attrs] 10/136 fb724af 2015-11-19
[attrs] 11/136 d590a0e 2015-12-20
[attrs] 12/136 2a30ed2 2016-01-22
[attrs] 13/136 38bd2a7 2016-02-20
Created DB snapshot: yt-dlp ac817bc
[yt-dlp] 189/215 2e5a47d 2024-05-30
[attrs] 14/136 871bb64 2016-03-31
[attrs] 15/136 4b94e03 2016-04-28
[attrs] 16/136 e83f0e5 2016-05-23
[attrs] 17/136 8ad22d5 2016-06-02
[attrs] 18/136 e833e0c 2016-07-31
[attrs] 19/136 f09cc7f 2016-08-30
[attrs] 20/136 4849dc1 2016-09-30
[attrs] 21/136 6771640 2016-11-24
[attrs] 22/136 cfb7a31 2016-12-10
[attrs] 23/136 0d3cf3f 2017-01-21
[attrs] 24/136 d86e28b 2017-02-21
[attrs] 25/136 a48124b 2017-03-27
[attrs] 26/136 beca344 2017-04-27
[attrs] 27/136 4db1f4e 2017-05-31
[attrs] 28/136 50107f6 2017-06-11
[attrs] 29/136 74c39b6 2017-07-29
[attrs] 30/136 0d04d5e 2017-08-21
[attrs] 31/136 ba9e8bc 2017-09-18
[attrs] 32/136 3d3d49b 2017-10-26
[attrs] 33/136 defa6b6 2017-11-30
[attrs] 34/136 caf286e 2017-12-30
[attrs] 35/136 eca48ca 2018-01-29
[attrs] 36/136 538d75f 2018-02-17
[attrs] 37/136 c2fef8c 2018-03-19
[attrs] 38/136 29cc2ab 2018-04-28
[attrs] 39/136 a3dbdfc 2018-05-25
Created DB snapshot: yt-dlp 2e5a47d
[yt-dlp] 190/215 2a4f2e8 2024-06-30
[attrs] 40/136 64d917f 2018-06-23
[attrs] 41/136 d45b4c3 2018-07-28
[attrs] 42/136 5b866d3 2018-08-29
[attrs] 43/136 c17ae9d 2018-09-17
[attrs] 44/136 9f4302a 2018-10-28
[attrs] 45/136 6a3458f 2018-11-26
[attrs] 46/136 deb90f9 2018-12-23
[attrs] 47/136 1a90857 2019-01-31
[attrs] 48/136 d74434f 2019-02-27
[attrs] 49/136 d0806d9 2019-03-21
[attrs] 50/136 6fa28b3 2019-04-13
[attrs] 51/136 655c6c0 2019-05-31
[attrs] 52/136 154b4e5 2019-06-23
[attrs] 53/136 ad33d87 2019-07-25
[attrs] 54/136 daf2bc8 2019-08-21
[attrs] 55/136 346024a 2019-09-26
[attrs] 56/136 5e028e9 2019-10-23
[attrs] 57/136 311816b 2019-11-20
[attrs] 58/136 fff74ec 2019-12-30
[attrs] 59/136 8c00f75 2020-01-25
[attrs] 60/136 d6a65fb 2020-02-10
[attrs] 61/136 f8f3f59 2020-03-30
[attrs] 62/136 5a0491c 2020-04-30
[attrs] 63/136 0189979 2020-05-18
Created DB snapshot: yt-dlp 2a4f2e8
[yt-dlp] 191/215 d19fcb9 2024-07-31
[attrs] 64/136 cf0adc5 2020-06-27
[attrs] 65/136 e2ced32 2020-07-23
[attrs] 66/136 be6b342 2020-08-31
[attrs] 67/136 6aca10f 2020-09-28
[attrs] 68/136 e770594 2020-10-21
[attrs] 69/136 1e0e566 2020-11-25
[attrs] 70/136 446386a 2020-12-31
[attrs] 71/136 c2712fd 2021-01-29
[attrs] 72/136 ded9225 2021-02-28
[attrs] 73/136 51e6dcf 2021-03-24
[attrs] 74/136 0102cb6 2021-04-28
[attrs] 75/136 9709dd8 2021-05-26
[attrs] 76/136 3858063 2021-06-30
[attrs] 77/136 fcb7393 2021-08-10
[attrs] 78/136 52fcad2 2021-09-24
[attrs] 79/136 82ab0c1 2021-10-30
[attrs] 80/136 a955efe 2021-11-24
[attrs] 81/136 7cfa3b6 2021-12-31
[attrs] 82/136 8f9558d 2022-01-31
[attrs] 83/136 1d6ef3b 2022-02-08
[attrs] 84/136 ae29da6 2022-03-29
Created DB snapshot: yt-dlp d19fcb9
[yt-dlp] 192/215 ad9a811 2024-08-28
[attrs] 85/136 fc827cf 2022-04-07
[attrs] 86/136 cbe9c97 2022-05-10
[attrs] 87/136 a18b395 2022-06-24
[attrs] 88/136 95e0c42 2022-07-30
[attrs] 89/136 f7fa5a8 2022-08-30
[attrs] 90/136 c65cf47 2022-09-29
[attrs] 91/136 965972e 2022-10-26
[attrs] 92/136 e458448 2022-11-30
[attrs] 93/136 88d2a37 2022-12-22
[attrs] 94/136 9d23ae9 2023-01-30
[attrs] 95/136 b950cb8 2023-02-26
[attrs] 96/136 c7308a6 2023-03-18
[attrs] 97/136 7c44cfb 2023-04-26
[attrs] 98/136 a6778cf 2023-05-22
[attrs] 99/136 06f0c53 2023-06-29
[attrs] 100/136 7f16102 2023-07-29
[attrs] 101/136 336ea8b 2023-08-20
[attrs] 102/136 1046c75 2023-09-29
[attrs] 103/136 52c1cd9 2023-10-30
[attrs] 104/136 01413df 2023-11-30
Created DB snapshot: yt-dlp ad9a811
[yt-dlp] 193/215 f91645a 2024-09-30
[attrs] 105/136 cee6192 2023-12-31
[attrs] 106/136 75d54c2 2024-01-26
[attrs] 107/136 69b6626 2024-02-29
[attrs] 108/136 a105304 2024-03-18
[attrs] 109/136 f7f317a 2024-04-24
[attrs] 110/136 5618e6f 2024-05-27
[attrs] 111/136 11288d5 2024-06-28
[attrs] 112/136 a365cdc 2024-07-31
[attrs] 113/136 25b74d6 2024-08-03
[attrs] 114/136 a59c5d7 2024-09-27
[attrs] 115/136 4580a74 2024-10-29
[attrs] 116/136 3a5a49e 2024-11-30
[attrs] 117/136 076cf76 2024-12-28
[attrs] 118/136 eb49c53 2025-01-27
[attrs] 119/136 088b5c2 2025-02-22
[attrs] 120/136 3dca08c 2025-03-13
[attrs] 121/136 3d42a69 2025-04-08
[attrs] 122/136 0d5e65d 2025-05-30
[attrs] 123/136 ca3fb0e 2025-06-18
Created DB snapshot: yt-dlp f91645a
[yt-dlp] 194/215 428ffb7 2024-10-31
[attrs] 124/136 3d52548 2025-07-31
[attrs] 125/136 5d216e6 2025-08-30
[attrs] 126/136 112dd1d 2025-09-30
[attrs] 127/136 632d961 2025-10-28
[attrs] 128/136 43a868d 2025-11-12
[attrs] 129/136 674c312 2025-12-18
[attrs] 130/136 e140354 2026-01-22
[attrs] 131/136 4635491 2026-02-23
[attrs] 132/136 20734d9 2026-03-30
[attrs] 133/136 87b7b4a 2026-04-29
[attrs] 134/136 48ea7a1 2026-05-28
[attrs] 135/136 005e2fb 2026-06-19
[attrs] 136/136 d544dd2 2026-07-11
Saved CSV: /Users/chengbin/Developer/tech_debt/dashboard/analysis/complexity_results/attrs_complexity.csv
Saved plot: /Users/chengbin/Developer/tech_debt/dashboard/analysis/complexity_plots/attrs_complexity.png

Analyzing project: sympy
sympy: 231 monthly commits selected
[sympy] 1/231 d9d6f26 2007-07-31
Created DB snapshot: yt-dlp 428ffb7
[yt-dlp] 195/215 00dcde7 2024-11-27
Updated DB snapshot: sympy d9d6f26
[sympy] 2/231 2fc106b 2007-08-31
Updated DB snapshot: sympy 2fc106b
[sympy] 3/231 5a7cfd4 2007-09-30
Created DB snapshot: yt-dlp 00dcde7
[yt-dlp] 196/215 0b6b774 2024-12-26
Updated DB snapshot: sympy 5a7cfd4
[sympy] 4/231 685fa59 2007-10-31
Updated DB snapshot: sympy 685fa59
[sympy] 5/231 2c9556f 2007-11-29
Created DB snapshot: yt-dlp 0b6b774
[yt-dlp] 197/215 03c3d70 2025-01-30
Updated DB snapshot: sympy 2c9556f
[sympy] 6/231 407bb11 2007-12-30
Updated DB snapshot: sympy 407bb11
[sympy] 7/231 053113b 2008-01-31
Created DB snapshot: yt-dlp 03c3d70
[yt-dlp] 198/215 79ec2fd 2025-02-28
Updated DB snapshot: sympy 053113b
[sympy] 8/231 b82ff29 2008-02-02
Created DB snapshot: yt-dlp 79ec2fd
[yt-dlp] 199/215 349f366 2025-03-31
Updated DB snapshot: sympy b82ff29
[sympy] 9/231 cba1d5d 2008-03-26
Updated DB snapshot: sympy cba1d5d
[sympy] 10/231 eada23f 2008-04-29
Created DB snapshot: yt-dlp 349f366
[yt-dlp] 200/215 b77e5a5 2025-04-30
Updated DB snapshot: sympy eada23f
[sympy] 11/231 dc61560 2008-05-20
Updated DB snapshot: sympy dc61560
[sympy] 12/231 6cb5ce9 2008-06-27
Created DB snapshot: yt-dlp b77e5a5
[yt-dlp] 201/215 3fe72e9 2025-05-30
Updated DB snapshot: sympy 6cb5ce9
[sympy] 13/231 a576c56 2008-07-29
Updated DB snapshot: sympy a576c56
[sympy] 14/231 957696d 2008-08-30
Created DB snapshot: yt-dlp 3fe72e9
[yt-dlp] 202/215 d57a0b5 2025-06-11
Updated DB snapshot: sympy 957696d
[sympy] 15/231 1e12e35 2008-09-30
Created DB snapshot: yt-dlp d57a0b5
[yt-dlp] 203/215 71f3092 2025-07-31
Updated DB snapshot: sympy 1e12e35
[sympy] 16/231 2517afd 2008-10-26
Updated DB snapshot: sympy 2517afd
[sympy] 17/231 d02eede 2008-11-29
Created DB snapshot: yt-dlp 71f3092
[yt-dlp] 204/215 d925e92 2025-08-31
Updated DB snapshot: sympy d02eede
[sympy] 18/231 b112762 2008-12-30
Created DB snapshot: yt-dlp d925e92
[yt-dlp] 205/215 bd5ed90 2025-09-29
Updated DB snapshot: sympy b112762
[sympy] 19/231 c893522 2009-01-14
Created DB snapshot: yt-dlp bd5ed90
[yt-dlp] 206/215 6224a38 2025-10-31
Updated DB snapshot: sympy c893522
[sympy] 20/231 22df8cd 2009-02-09
Updated DB snapshot: sympy 22df8cd
[sympy] 21/231 0afe739 2009-03-16
Created DB snapshot: yt-dlp 6224a38
[yt-dlp] 207/215 017d76e 2025-11-30
Updated DB snapshot: sympy 0afe739
[sympy] 22/231 31c9aa4 2009-04-30
Created DB snapshot: yt-dlp 017d76e
[yt-dlp] 208/215 76c31a7 2025-12-31
Updated DB snapshot: sympy 31c9aa4
[sympy] 23/231 a46b6f1 2009-05-14
Created DB snapshot: yt-dlp 76c31a7
[yt-dlp] 209/215 891613b 2026-01-31
Updated DB snapshot: sympy a46b6f1
[sympy] 24/231 2d5b68b 2009-06-27
Created DB snapshot: yt-dlp 891613b
[yt-dlp] 210/215 6f796a2 2026-02-27
Updated DB snapshot: sympy 2d5b68b
[sympy] 25/231 98feaac 2009-07-23
Created DB snapshot: yt-dlp 6f796a2
[yt-dlp] 211/215 2d7b278 2026-03-29
Updated DB snapshot: sympy 98feaac
[sympy] 26/231 12e9154 2009-08-22
Created DB snapshot: yt-dlp 2d7b278
[yt-dlp] 212/215 ebf0c0f 2026-04-30
Updated DB snapshot: sympy 12e9154
[sympy] 27/231 26f66ed 2009-09-01
Created DB snapshot: yt-dlp ebf0c0f
[yt-dlp] 213/215 25056f0 2026-05-28
Updated DB snapshot: sympy 26f66ed
[sympy] 28/231 fec3140 2009-10-19
Created DB snapshot: yt-dlp 25056f0
[yt-dlp] 214/215 b6590aa 2026-06-11
Updated DB snapshot: sympy fec3140
[sympy] 29/231 bf32cd3 2009-11-27
Created DB snapshot: yt-dlp b6590aa
[yt-dlp] 215/215 fdcc954 2026-07-23
Updated DB snapshot: sympy bf32cd3
[sympy] 30/231 7b87b62 2009-12-22
Created DB snapshot: yt-dlp fdcc954
Saved CSV: /Users/chengbin/Developer/tech_debt/dashboard/analysis/complexity_results/yt-dlp_complexity.csv
Saved plot: /Users/chengbin/Developer/tech_debt/dashboard/analysis/complexity_plots/yt-dlp_complexity.png

Analyzing project: wagtail
wagtail: 152 monthly commits selected
[wagtail] 1/152 ada7961 2014-01-31
Created DB snapshot: wagtail ada7961
[wagtail] 2/152 5c1cb97 2014-02-28
Updated DB snapshot: sympy 7b87b62
[sympy] 31/231 6ebb252 2010-01-23
Created DB snapshot: wagtail 5c1cb97
[wagtail] 3/152 600de85 2014-03-27
Created DB snapshot: wagtail 600de85
[wagtail] 4/152 4a70a42 2014-04-06
Created DB snapshot: wagtail 4a70a42
[wagtail] 5/152 023579d 2014-05-20
Updated DB snapshot: sympy 6ebb252
[sympy] 32/231 c54bdcb 2010-02-12
Created DB snapshot: wagtail 023579d
[wagtail] 6/152 e777b24 2014-06-19
Created DB snapshot: wagtail e777b24
[wagtail] 7/152 78ad327 2014-07-12
Updated DB snapshot: sympy c54bdcb
[sympy] 33/231 71d0421 2010-03-31
Created DB snapshot: wagtail 78ad327
[wagtail] 8/152 df71106 2014-08-27
Created DB snapshot: wagtail df71106
[wagtail] 9/152 c1c77e4 2014-09-16
Created DB snapshot: wagtail c1c77e4
[wagtail] 10/152 a5940be 2014-10-24
Updated DB snapshot: sympy 71d0421
[sympy] 34/231 4cb7aa9 2010-04-02
Created DB snapshot: wagtail a5940be
[wagtail] 11/152 e28051e 2014-11-21
Created DB snapshot: wagtail e28051e
[wagtail] 12/152 347158c 2014-12-05
Created DB snapshot: wagtail 347158c
[wagtail] 13/152 8ae1ccd 2015-01-30
Updated DB snapshot: sympy 4cb7aa9
[sympy] 35/231 8958c44 2010-05-17
Created DB snapshot: wagtail 8ae1ccd
[wagtail] 14/152 550d4e9 2015-02-21
Created DB snapshot: wagtail 550d4e9
[wagtail] 15/152 62e69a3 2015-03-06
Updated DB snapshot: sympy 8958c44
[sympy] 36/231 70ca102 2010-06-10
Created DB snapshot: wagtail 62e69a3
[wagtail] 16/152 411eec5 2015-04-24
Created DB snapshot: wagtail 411eec5
[wagtail] 17/152 5726d62 2015-05-08
Created DB snapshot: wagtail 5726d62
[wagtail] 18/152 beb2b92 2015-06-04
Updated DB snapshot: sympy 70ca102
[sympy] 37/231 72bc874 2010-07-19
Created DB snapshot: wagtail beb2b92
[wagtail] 19/152 eed5c60 2015-07-13
Created DB snapshot: wagtail eed5c60
[wagtail] 20/152 a11764d 2015-08-16
Created DB snapshot: wagtail a11764d
[wagtail] 21/152 54aec63 2015-09-14
Updated DB snapshot: sympy 72bc874
[sympy] 38/231 8f8629a 2010-08-19
Created DB snapshot: wagtail 54aec63
[wagtail] 22/152 40de7d9 2015-10-12
Updated DB snapshot: sympy 8f8629a
[sympy] 39/231 79bdbbc 2010-09-06
Created DB snapshot: wagtail 40de7d9
[wagtail] 23/152 8d337b1 2015-11-07
Updated DB snapshot: sympy 79bdbbc
[sympy] 40/231 fe46d25 2010-10-06
Created DB snapshot: wagtail 8d337b1
[wagtail] 24/152 f97536f 2015-12-23
Created DB snapshot: wagtail f97536f
[wagtail] 25/152 01e2d5f 2016-01-18
Updated DB snapshot: sympy fe46d25
[sympy] 41/231 01e168c 2010-11-02
Created DB snapshot: wagtail 01e2d5f
[wagtail] 26/152 d675807 2016-02-26
Updated DB snapshot: sympy 01e168c
[sympy] 42/231 10e6c2b 2010-12-31
Created DB snapshot: wagtail d675807
[wagtail] 27/152 1dad100 2016-03-31
Updated DB snapshot: sympy 10e6c2b
[sympy] 43/231 0715d5a 2011-01-17
Created DB snapshot: wagtail 1dad100
[wagtail] 28/152 515aa61 2016-04-07
Updated DB snapshot: sympy 0715d5a
[sympy] 44/231 619f8f3 2011-02-17
Created DB snapshot: wagtail 515aa61
[wagtail] 29/152 af9d4ae 2016-05-03
Created DB snapshot: wagtail af9d4ae
[wagtail] 30/152 8bf2c9b 2016-06-17
Updated DB snapshot: sympy 619f8f3
[sympy] 45/231 2eae81d 2011-03-07
Created DB snapshot: wagtail 8bf2c9b
[wagtail] 31/152 55bdae5 2016-07-01
Updated DB snapshot: sympy 2eae81d
[sympy] 46/231 2e8ccbb 2011-04-11
Created DB snapshot: wagtail 55bdae5
[wagtail] 32/152 c0fadbd 2016-08-08
Updated DB snapshot: sympy 2e8ccbb
[sympy] 47/231 db7b484 2011-05-29
Created DB snapshot: wagtail c0fadbd
[wagtail] 33/152 240fa91 2016-09-22
Updated DB snapshot: sympy db7b484
[sympy] 48/231 e869e97 2011-06-06
Created DB snapshot: wagtail 240fa91
[wagtail] 34/152 8c0170b 2016-10-11
Created DB snapshot: wagtail 8c0170b
[wagtail] 35/152 1f8edc8 2016-11-29
Updated DB snapshot: sympy e869e97
[sympy] 49/231 59c1ce7 2011-07-26
Created DB snapshot: wagtail 1f8edc8
[wagtail] 36/152 8376a62 2016-12-21
Created DB snapshot: wagtail 8376a62
[wagtail] 37/152 7556ffe 2017-01-31
Updated DB snapshot: sympy 59c1ce7
[sympy] 50/231 0688428 2011-08-07
Created DB snapshot: wagtail 7556ffe
[wagtail] 38/152 2b33547 2017-02-09
Created DB snapshot: wagtail 2b33547
[wagtail] 39/152 5b8ca7d 2017-03-03
Updated DB snapshot: sympy 0688428
[sympy] 51/231 e9f04f4 2011-09-08
Created DB snapshot: wagtail 5b8ca7d
[wagtail] 40/152 ca1ebc7 2017-04-13
Updated DB snapshot: sympy e9f04f4
[sympy] 52/231 29209f5 2011-10-22
Created DB snapshot: wagtail ca1ebc7
[wagtail] 41/152 993cff3 2017-05-30
Created DB snapshot: wagtail 993cff3
[wagtail] 42/152 29360a4 2017-06-28
Updated DB snapshot: sympy 29209f5
[sympy] 53/231 9782159 2011-11-30
Created DB snapshot: wagtail 29360a4
[wagtail] 43/152 7859627 2017-07-13
Created DB snapshot: wagtail 7859627
[wagtail] 44/152 40fa395 2017-08-17
Updated DB snapshot: sympy 9782159
[sympy] 54/231 e571f15 2011-12-31
Created DB snapshot: wagtail 40fa395
[wagtail] 45/152 982b1d6 2017-09-21
Created DB snapshot: wagtail 982b1d6
[wagtail] 46/152 8722e35 2017-10-11
Updated DB snapshot: sympy e571f15
[sympy] 55/231 5645e42 2012-01-01
Created DB snapshot: wagtail 8722e35
[wagtail] 47/152 bcf6b6d 2017-11-16
Created DB snapshot: wagtail bcf6b6d
[wagtail] 48/152 ed83585 2017-12-15
Updated DB snapshot: sympy 5645e42
[sympy] 56/231 19eb339 2012-02-14
Created DB snapshot: wagtail ed83585
[wagtail] 49/152 70aea60 2018-01-17
Created DB snapshot: wagtail 70aea60
[wagtail] 50/152 1849f0d 2018-02-28
Created DB snapshot: wagtail 1849f0d
[wagtail] 51/152 743a268 2018-03-15
Created DB snapshot: wagtail 743a268
[wagtail] 52/152 eed16e0 2018-04-11
Created DB snapshot: wagtail eed16e0
[wagtail] 53/152 9a523db 2018-05-08
Created DB snapshot: wagtail 9a523db
[wagtail] 54/152 a7f5882 2018-06-08
Updated DB snapshot: sympy 19eb339
[sympy] 57/231 7a390ca 2012-03-23
Created DB snapshot: wagtail a7f5882
[wagtail] 55/152 9da3a3d 2018-07-31
Created DB snapshot: wagtail 9da3a3d
[wagtail] 56/152 8579813 2018-08-29
Updated DB snapshot: sympy 7a390ca
[sympy] 58/231 5a1e114 2012-04-12
Updated DB snapshot: sympy 5a1e114
[sympy] 59/231 2718247 2012-05-13
Created DB snapshot: wagtail 8579813
[wagtail] 57/152 d2d8b2c 2018-09-27
Created DB snapshot: wagtail d2d8b2c
[wagtail] 58/152 12ac862 2018-10-28
Created DB snapshot: wagtail 12ac862
[wagtail] 59/152 f37da8f 2018-11-01
Updated DB snapshot: sympy 2718247
[sympy] 60/231 63b4ba6 2012-06-19
Created DB snapshot: wagtail f37da8f
[wagtail] 60/152 160b44e 2018-12-03
Updated DB snapshot: sympy 63b4ba6
[sympy] 61/231 9c12ce9 2012-07-09
Created DB snapshot: wagtail 160b44e
[wagtail] 61/152 40aedfc 2019-01-14
Created DB snapshot: wagtail 40aedfc
[wagtail] 62/152 8fc722a 2019-02-23
Updated DB snapshot: sympy 9c12ce9
[sympy] 62/231 2e28e67 2012-08-30
Created DB snapshot: wagtail 8fc722a
[wagtail] 63/152 d964675 2019-03-25
Created DB snapshot: wagtail d964675
[wagtail] 64/152 2bec229 2019-04-03
Updated DB snapshot: sympy 2e28e67
[sympy] 63/231 503dacf 2012-09-19
Created DB snapshot: wagtail 2bec229
[wagtail] 65/152 2b35a85 2019-05-24
Updated DB snapshot: sympy 503dacf
[sympy] 64/231 3fc8222 2012-10-12
Created DB snapshot: wagtail 2b35a85
[wagtail] 66/152 471823f 2019-06-19
Created DB snapshot: wagtail 471823f
[wagtail] 67/152 e0672d6 2019-07-27
Updated DB snapshot: sympy 3fc8222
[sympy] 65/231 dc88be9 2012-11-07
Created DB snapshot: wagtail e0672d6
[wagtail] 68/152 9c56dfc 2019-08-20
Created DB snapshot: wagtail 9c56dfc
[wagtail] 69/152 4001516 2019-09-06
Updated DB snapshot: sympy dc88be9
[sympy] 66/231 13d3913 2012-12-05
Created DB snapshot: wagtail 4001516
[wagtail] 70/152 6ace709 2019-10-31
Created DB snapshot: wagtail 6ace709
[wagtail] 71/152 02232ff 2019-11-29
Created DB snapshot: wagtail 02232ff
[wagtail] 72/152 a5e3cba 2019-12-18
